Command line invocation:
    /Applications/Xcode.app/Contents/Developer/usr/bin/xcodebuild -project /tmp/solosoul-fe2-ios-root-insets-ui-20261008/SoloSoulFE2UIProbe.xcodeproj -scheme Probe -destination "generic/platform=iOS Simulator" -derivedDataPath /tmp/solosoul-fe2-ios-root-insets-ui-20261008/DerivedData build-for-testing CODE_SIGNING_ALLOWED=NO

Build settings from command line:
    CODE_SIGNING_ALLOWED = NO

ComputePackagePrebuildTargetDependencyGraph

Prepare packages

CreateBuildRequest

SendProjectDescription

CreateBuildOperation

ComputeTargetDependencyGraph
note: Building targets in dependency order
note: Target dependency graph (2 targets)
    Target 'ProbeTests' in project 'SoloSoulFE2UIProbe'
        ➜ Explicit dependency on target 'ProbeHost' in project 'SoloSoulFE2UIProbe'
    Target 'ProbeHost' in project 'SoloSoulFE2UIProbe' (no dependencies)

GatherProvisioningInputs

CreateBuildDescription

ExecuteExternalTool /Applications/Xcode.app/Contents/Developer/Toolchains/XcodeDefault.xctoolchain/usr/bin/clang -v -E -dM -isysroot /Applications/Xcode.app/Contents/Developer/Platforms/iPhoneSimulator.platform/Developer/SDKs/iPhoneSimulator26.2.sdk -x c -c /dev/null

ExecuteExternalTool /Applications/Xcode.app/Contents/Developer/Toolchains/XcodeDefault.xctoolchain/usr/bin/swiftc --version

ExecuteExternalTool /Applications/Xcode.app/Contents/Developer/Toolchains/XcodeDefault.xctoolchain/usr/bin/ld -version_details

Build description signature: 435c1ff9de5b0f475c2907ec965ae7e2
Build description path: /tmp/solosoul-fe2-ios-root-insets-ui-20261008/DerivedData/Build/Intermediates.noindex/XCBuildData/435c1ff9de5b0f475c2907ec965ae7e2.xcbuilddata
CreateBuildDirectory /tmp/solosoul-fe2-ios-root-insets-ui-20261008/DerivedData/Build/Products
    cd /tmp/solosoul-fe2-ios-root-insets-ui-20261008/SoloSoulFE2UIProbe.xcodeproj
    builtin-create-build-directory /tmp/solosoul-fe2-ios-root-insets-ui-20261008/DerivedData/Build/Products

CreateBuildDirectory /tmp/solosoul-fe2-ios-root-insets-ui-20261008/DerivedData/Build/Intermediates.noindex
    cd /tmp/solosoul-fe2-ios-root-insets-ui-20261008/SoloSoulFE2UIProbe.xcodeproj
    builtin-create-build-directory /tmp/solosoul-fe2-ios-root-insets-ui-20261008/DerivedData/Build/Intermediates.noindex

ClangStatCache /Applications/Xcode.app/Contents/Developer/Toolchains/XcodeDefault.xctoolchain/usr/bin/clang-stat-cache /Applications/Xcode.app/Contents/Developer/Platforms/iPhoneSimulator.platform/Developer/SDKs/iPhoneSimulator26.2.sdk /tmp/solosoul-fe2-ios-root-insets-ui-20261008/DerivedData/SDKStatCaches.noindex/iphonesimulator26.2-23C57-7d00a8b37fbd7999ea79df8ebc024bf0.sdkstatcache
    cd /tmp/solosoul-fe2-ios-root-insets-ui-20261008/SoloSoulFE2UIProbe.xcodeproj
    /Applications/Xcode.app/Contents/Developer/Toolchains/XcodeDefault.xctoolchain/usr/bin/clang-stat-cache /Applications/Xcode.app/Contents/Developer/Platforms/iPhoneSimulator.platform/Developer/SDKs/iPhoneSimulator26.2.sdk -o /tmp/solosoul-fe2-ios-root-insets-ui-20261008/DerivedData/SDKStatCaches.noindex/iphonesimulator26.2-23C57-7d00a8b37fbd7999ea79df8ebc024bf0.sdkstatcache

CreateBuildDirectory /tmp/solosoul-fe2-ios-root-insets-ui-20261008/DerivedData/Build/Intermediates.noindex/ExplicitPrecompiledModules
    cd /tmp/solosoul-fe2-ios-root-insets-ui-20261008/SoloSoulFE2UIProbe.xcodeproj
    builtin-create-build-directory /tmp/solosoul-fe2-ios-root-insets-ui-20261008/DerivedData/Build/Intermediates.noindex/ExplicitPrecompiledModules

CreateBuildDirectory /tmp/solosoul-fe2-ios-root-insets-ui-20261008/DerivedData/Build/Intermediates.noindex/SwiftExplicitPrecompiledModules
    cd /tmp/solosoul-fe2-ios-root-insets-ui-20261008/SoloSoulFE2UIProbe.xcodeproj
    builtin-create-build-directory /tmp/solosoul-fe2-ios-root-insets-ui-20261008/DerivedData/Build/Intermediates.noindex/SwiftExplicitPrecompiledModules

CreateBuildDirectory /tmp/solosoul-fe2-ios-root-insets-ui-20261008/DerivedData/Build/Products/Debug-iphonesimulator
    cd /tmp/solosoul-fe2-ios-root-insets-ui-20261008/SoloSoulFE2UIProbe.xcodeproj
    builtin-create-build-directory /tmp/solosoul-fe2-ios-root-insets-ui-20261008/DerivedData/Build/Products/Debug-iphonesimulator

CreateBuildDirectory /tmp/solosoul-fe2-ios-root-insets-ui-20261008/DerivedData/Build/Intermediates.noindex/EagerLinkingTBDs/Debug-iphonesimulator
    cd /tmp/solosoul-fe2-ios-root-insets-ui-20261008/SoloSoulFE2UIProbe.xcodeproj
    builtin-create-build-directory /tmp/solosoul-fe2-ios-root-insets-ui-20261008/DerivedData/Build/Intermediates.noindex/EagerLinkingTBDs/Debug-iphonesimulator

WriteAuxiliaryFile /tmp/solosoul-fe2-ios-root-insets-ui-20261008/DerivedData/Build/Intermediates.noindex/SoloSoulFE2UIProbe.build/Debug-iphonesimulator/SoloSoulFE2UIProbe-d1986adb4e39e782fecb2443eef57a8f-VFS-iphonesimulator/all-product-headers.yaml
    cd /tmp/solosoul-fe2-ios-root-insets-ui-20261008/SoloSoulFE2UIProbe.xcodeproj
    write-file /tmp/solosoul-fe2-ios-root-insets-ui-20261008/DerivedData/Build/Intermediates.noindex/SoloSoulFE2UIProbe.build/Debug-iphonesimulator/SoloSoulFE2UIProbe-d1986adb4e39e782fecb2443eef57a8f-VFS-iphonesimulator/all-product-headers.yaml

WriteAuxiliaryFile /tmp/solosoul-fe2-ios-root-insets-ui-20261008/DerivedData/Build/Intermediates.noindex/SoloSoulFE2UIProbe.build/Debug-iphonesimulator/ProbeTests.build/ProbeTests-generated-files.hmap (in target 'ProbeTests' from project 'SoloSoulFE2UIProbe')
    cd /tmp/solosoul-fe2-ios-root-insets-ui-20261008
    write-file /tmp/solosoul-fe2-ios-root-insets-ui-20261008/DerivedData/Build/Intermediates.noindex/SoloSoulFE2UIProbe.build/Debug-iphonesimulator/ProbeTests.build/ProbeTests-generated-files.hmap

WriteAuxiliaryFile /tmp/solosoul-fe2-ios-root-insets-ui-20261008/DerivedData/Build/Intermediates.noindex/SoloSoulFE2UIProbe.build/Debug-iphonesimulator/ProbeTests.build/ProbeTests-all-target-headers.hmap (in target 'ProbeTests' from project 'SoloSoulFE2UIProbe')
    cd /tmp/solosoul-fe2-ios-root-insets-ui-20261008
    write-file /tmp/solosoul-fe2-ios-root-insets-ui-20261008/DerivedData/Build/Intermediates.noindex/SoloSoulFE2UIProbe.build/Debug-iphonesimulator/ProbeTests.build/ProbeTests-all-target-headers.hmap

WriteAuxiliaryFile /tmp/solosoul-fe2-ios-root-insets-ui-20261008/DerivedData/Build/Intermediates.noindex/SoloSoulFE2UIProbe.build/Debug-iphonesimulator/ProbeTests.build/ProbeTests-own-target-headers.hmap (in target 'ProbeTests' from project 'SoloSoulFE2UIProbe')
    cd /tmp/solosoul-fe2-ios-root-insets-ui-20261008
    write-file /tmp/solosoul-fe2-ios-root-insets-ui-20261008/DerivedData/Build/Intermediates.noindex/SoloSoulFE2UIProbe.build/Debug-iphonesimulator/ProbeTests.build/ProbeTests-own-target-headers.hmap

WriteAuxiliaryFile /tmp/solosoul-fe2-ios-root-insets-ui-20261008/DerivedData/Build/Intermediates.noindex/SoloSoulFE2UIProbe.build/Debug-iphonesimulator/ProbeTests.build/ProbeTests.hmap (in target 'ProbeTests' from project 'SoloSoulFE2UIProbe')
    cd /tmp/solosoul-fe2-ios-root-insets-ui-20261008
    write-file /tmp/solosoul-fe2-ios-root-insets-ui-20261008/DerivedData/Build/Intermediates.noindex/SoloSoulFE2UIProbe.build/Debug-iphonesimulator/ProbeTests.build/ProbeTests.hmap

WriteAuxiliaryFile /tmp/solosoul-fe2-ios-root-insets-ui-20261008/DerivedData/Build/Intermediates.noindex/SoloSoulFE2UIProbe.build/Debug-iphonesimulator/ProbeTests.build/empty-ProbeTests.plist (in target 'ProbeTests' from project 'SoloSoulFE2UIProbe')
    cd /tmp/solosoul-fe2-ios-root-insets-ui-20261008
    write-file /tmp/solosoul-fe2-ios-root-insets-ui-20261008/DerivedData/Build/Intermediates.noindex/SoloSoulFE2UIProbe.build/Debug-iphonesimulator/ProbeTests.build/empty-ProbeTests.plist

WriteAuxiliaryFile /tmp/solosoul-fe2-ios-root-insets-ui-20261008/DerivedData/Build/Intermediates.noindex/SoloSoulFE2UIProbe.build/Debug-iphonesimulator/ProbeTests.build/ProductTypeInfoPlistAdditions.plist (in target 'ProbeTests' from project 'SoloSoulFE2UIProbe')
    cd /tmp/solosoul-fe2-ios-root-insets-ui-20261008
    write-file /tmp/solosoul-fe2-ios-root-insets-ui-20261008/DerivedData/Build/Intermediates.noindex/SoloSoulFE2UIProbe.build/Debug-iphonesimulator/ProbeTests.build/ProductTypeInfoPlistAdditions.plist

WriteAuxiliaryFile /tmp/solosoul-fe2-ios-root-insets-ui-20261008/DerivedData/Build/Intermediates.noindex/SoloSoulFE2UIProbe.build/Debug-iphonesimulator/ProbeTests.build/ProbeTests-project-headers.hmap (in target 'ProbeTests' from project 'SoloSoulFE2UIProbe')
    cd /tmp/solosoul-fe2-ios-root-insets-ui-20261008
    write-file /tmp/solosoul-fe2-ios-root-insets-ui-20261008/DerivedData/Build/Intermediates.noindex/SoloSoulFE2UIProbe.build/Debug-iphonesimulator/ProbeTests.build/ProbeTests-project-headers.hmap

WriteAuxiliaryFile /tmp/solosoul-fe2-ios-root-insets-ui-20261008/DerivedData/Build/Intermediates.noindex/SoloSoulFE2UIProbe.build/Debug-iphonesimulator/ProbeTests.build/ProbeTests.DependencyStaticMetadataFileList (in target 'ProbeTests' from project 'SoloSoulFE2UIProbe')
    cd /tmp/solosoul-fe2-ios-root-insets-ui-20261008
    write-file /tmp/solosoul-fe2-ios-root-insets-ui-20261008/DerivedData/Build/Intermediates.noindex/SoloSoulFE2UIProbe.build/Debug-iphonesimulator/ProbeTests.build/ProbeTests.DependencyStaticMetadataFileList

WriteAuxiliaryFile /tmp/solosoul-fe2-ios-root-insets-ui-20261008/DerivedData/Build/Intermediates.noindex/SoloSoulFE2UIProbe.build/Debug-iphonesimulator/ProbeTests.build/ProbeTests.DependencyMetadataFileList (in target 'ProbeTests' from project 'SoloSoulFE2UIProbe')
    cd /tmp/solosoul-fe2-ios-root-insets-ui-20261008
    write-file /tmp/solosoul-fe2-ios-root-insets-ui-20261008/DerivedData/Build/Intermediates.noindex/SoloSoulFE2UIProbe.build/Debug-iphonesimulator/ProbeTests.build/ProbeTests.DependencyMetadataFileList

WriteAuxiliaryFile /tmp/solosoul-fe2-ios-root-insets-ui-20261008/DerivedData/Build/Intermediates.noindex/SoloSoulFE2UIProbe.build/Debug-iphonesimulator/ProbeTests.build/ProbeTests-all-non-framework-target-headers.hmap (in target 'ProbeTests' from project 'SoloSoulFE2UIProbe')
    cd /tmp/solosoul-fe2-ios-root-insets-ui-20261008
    write-file /tmp/solosoul-fe2-ios-root-insets-ui-20261008/DerivedData/Build/Intermediates.noindex/SoloSoulFE2UIProbe.build/Debug-iphonesimulator/ProbeTests.build/ProbeTests-all-non-framework-target-headers.hmap

WriteAuxiliaryFile /tmp/solosoul-fe2-ios-root-insets-ui-20261008/DerivedData/Build/Intermediates.noindex/SoloSoulFE2UIProbe.build/Debug-iphonesimulator/ProbeTests.build/Objects-normal/x86_64/ProbeTests_const_extract_protocols.json (in target 'ProbeTests' from project 'SoloSoulFE2UIProbe')
    cd /tmp/solosoul-fe2-ios-root-insets-ui-20261008
    write-file /tmp/solosoul-fe2-ios-root-insets-ui-20261008/DerivedData/Build/Intermediates.noindex/SoloSoulFE2UIProbe.build/Debug-iphonesimulator/ProbeTests.build/Objects-normal/x86_64/ProbeTests_const_extract_protocols.json

WriteAuxiliaryFile /tmp/solosoul-fe2-ios-root-insets-ui-20261008/DerivedData/Build/Intermediates.noindex/SoloSoulFE2UIProbe.build/Debug-iphonesimulator/ProbeTests.build/Objects-normal/x86_64/ProbeTests.SwiftFileList (in target 'ProbeTests' from project 'SoloSoulFE2UIProbe')
    cd /tmp/solosoul-fe2-ios-root-insets-ui-20261008
    write-file /tmp/solosoul-fe2-ios-root-insets-ui-20261008/DerivedData/Build/Intermediates.noindex/SoloSoulFE2UIProbe.build/Debug-iphonesimulator/ProbeTests.build/Objects-normal/x86_64/ProbeTests.SwiftFileList

WriteAuxiliaryFile /tmp/solosoul-fe2-ios-root-insets-ui-20261008/DerivedData/Build/Intermediates.noindex/SoloSoulFE2UIProbe.build/Debug-iphonesimulator/ProbeTests.build/Objects-normal/x86_64/ProbeTests.SwiftConstValuesFileList (in target 'ProbeTests' from project 'SoloSoulFE2UIProbe')
    cd /tmp/solosoul-fe2-ios-root-insets-ui-20261008
    write-file /tmp/solosoul-fe2-ios-root-insets-ui-20261008/DerivedData/Build/Intermediates.noindex/SoloSoulFE2UIProbe.build/Debug-iphonesimulator/ProbeTests.build/Objects-normal/x86_64/ProbeTests.SwiftConstValuesFileList

WriteAuxiliaryFile /tmp/solosoul-fe2-ios-root-insets-ui-20261008/DerivedData/Build/Intermediates.noindex/SoloSoulFE2UIProbe.build/Debug-iphonesimulator/ProbeTests.build/Objects-normal/x86_64/ProbeTests.LinkFileList (in target 'ProbeTests' from project 'SoloSoulFE2UIProbe')
    cd /tmp/solosoul-fe2-ios-root-insets-ui-20261008
    write-file /tmp/solosoul-fe2-ios-root-insets-ui-20261008/DerivedData/Build/Intermediates.noindex/SoloSoulFE2UIProbe.build/Debug-iphonesimulator/ProbeTests.build/Objects-normal/x86_64/ProbeTests.LinkFileList

WriteAuxiliaryFile /tmp/solosoul-fe2-ios-root-insets-ui-20261008/DerivedData/Build/Intermediates.noindex/SoloSoulFE2UIProbe.build/Debug-iphonesimulator/ProbeTests.build/Objects-normal/x86_64/ProbeTests-OutputFileMap.json (in target 'ProbeTests' from project 'SoloSoulFE2UIProbe')
    cd /tmp/solosoul-fe2-ios-root-insets-ui-20261008
    write-file /tmp/solosoul-fe2-ios-root-insets-ui-20261008/DerivedData/Build/Intermediates.noindex/SoloSoulFE2UIProbe.build/Debug-iphonesimulator/ProbeTests.build/Objects-normal/x86_64/ProbeTests-OutputFileMap.json

WriteAuxiliaryFile /tmp/solosoul-fe2-ios-root-insets-ui-20261008/DerivedData/Build/Intermediates.noindex/SoloSoulFE2UIProbe.build/Debug-iphonesimulator/ProbeTests.build/Objects-normal/arm64/ProbeTests_const_extract_protocols.json (in target 'ProbeTests' from project 'SoloSoulFE2UIProbe')
    cd /tmp/solosoul-fe2-ios-root-insets-ui-20261008
    write-file /tmp/solosoul-fe2-ios-root-insets-ui-20261008/DerivedData/Build/Intermediates.noindex/SoloSoulFE2UIProbe.build/Debug-iphonesimulator/ProbeTests.build/Objects-normal/arm64/ProbeTests_const_extract_protocols.json

WriteAuxiliaryFile /tmp/solosoul-fe2-ios-root-insets-ui-20261008/DerivedData/Build/Intermediates.noindex/SoloSoulFE2UIProbe.build/Debug-iphonesimulator/ProbeTests.build/Objects-normal/arm64/ProbeTests.SwiftFileList (in target 'ProbeTests' from project 'SoloSoulFE2UIProbe')
    cd /tmp/solosoul-fe2-ios-root-insets-ui-20261008
    write-file /tmp/solosoul-fe2-ios-root-insets-ui-20261008/DerivedData/Build/Intermediates.noindex/SoloSoulFE2UIProbe.build/Debug-iphonesimulator/ProbeTests.build/Objects-normal/arm64/ProbeTests.SwiftFileList

WriteAuxiliaryFile /tmp/solosoul-fe2-ios-root-insets-ui-20261008/DerivedData/Build/Intermediates.noindex/SoloSoulFE2UIProbe.build/Debug-iphonesimulator/ProbeTests.build/Objects-normal/arm64/ProbeTests.SwiftConstValuesFileList (in target 'ProbeTests' from project 'SoloSoulFE2UIProbe')
    cd /tmp/solosoul-fe2-ios-root-insets-ui-20261008
    write-file /tmp/solosoul-fe2-ios-root-insets-ui-20261008/DerivedData/Build/Intermediates.noindex/SoloSoulFE2UIProbe.build/Debug-iphonesimulator/ProbeTests.build/Objects-normal/arm64/ProbeTests.SwiftConstValuesFileList

WriteAuxiliaryFile /tmp/solosoul-fe2-ios-root-insets-ui-20261008/DerivedData/Build/Intermediates.noindex/SoloSoulFE2UIProbe.build/Debug-iphonesimulator/ProbeTests.build/Objects-normal/arm64/ProbeTests.LinkFileList (in target 'ProbeTests' from project 'SoloSoulFE2UIProbe')
    cd /tmp/solosoul-fe2-ios-root-insets-ui-20261008
    write-file /tmp/solosoul-fe2-ios-root-insets-ui-20261008/DerivedData/Build/Intermediates.noindex/SoloSoulFE2UIProbe.build/Debug-iphonesimulator/ProbeTests.build/Objects-normal/arm64/ProbeTests.LinkFileList

WriteAuxiliaryFile /tmp/solosoul-fe2-ios-root-insets-ui-20261008/DerivedData/Build/Intermediates.noindex/SoloSoulFE2UIProbe.build/Debug-iphonesimulator/ProbeTests.build/Objects-normal/arm64/ProbeTests-OutputFileMap.json (in target 'ProbeTests' from project 'SoloSoulFE2UIProbe')
    cd /tmp/solosoul-fe2-ios-root-insets-ui-20261008
    write-file /tmp/solosoul-fe2-ios-root-insets-ui-20261008/DerivedData/Build/Intermediates.noindex/SoloSoulFE2UIProbe.build/Debug-iphonesimulator/ProbeTests.build/Objects-normal/arm64/ProbeTests-OutputFileMap.json

WriteAuxiliaryFile /tmp/solosoul-fe2-ios-root-insets-ui-20261008/DerivedData/Build/Intermediates.noindex/SoloSoulFE2UIProbe.build/Debug-iphonesimulator/ProbeHost.build/ProbeHost.DependencyStaticMetadataFileList (in target 'ProbeHost' from project 'SoloSoulFE2UIProbe')
    cd /tmp/solosoul-fe2-ios-root-insets-ui-20261008
    write-file /tmp/solosoul-fe2-ios-root-insets-ui-20261008/DerivedData/Build/Intermediates.noindex/SoloSoulFE2UIProbe.build/Debug-iphonesimulator/ProbeHost.build/ProbeHost.DependencyStaticMetadataFileList

WriteAuxiliaryFile /tmp/solosoul-fe2-ios-root-insets-ui-20261008/DerivedData/Build/Intermediates.noindex/SoloSoulFE2UIProbe.build/Debug-iphonesimulator/ProbeHost.build/ProbeHost.hmap (in target 'ProbeHost' from project 'SoloSoulFE2UIProbe')
    cd /tmp/solosoul-fe2-ios-root-insets-ui-20261008
    write-file /tmp/solosoul-fe2-ios-root-insets-ui-20261008/DerivedData/Build/Intermediates.noindex/SoloSoulFE2UIProbe.build/Debug-iphonesimulator/ProbeHost.build/ProbeHost.hmap

WriteAuxiliaryFile /tmp/solosoul-fe2-ios-root-insets-ui-20261008/DerivedData/Build/Intermediates.noindex/SoloSoulFE2UIProbe.build/Debug-iphonesimulator/ProbeHost.build/empty-ProbeHost.plist (in target 'ProbeHost' from project 'SoloSoulFE2UIProbe')
    cd /tmp/solosoul-fe2-ios-root-insets-ui-20261008
    write-file /tmp/solosoul-fe2-ios-root-insets-ui-20261008/DerivedData/Build/Intermediates.noindex/SoloSoulFE2UIProbe.build/Debug-iphonesimulator/ProbeHost.build/empty-ProbeHost.plist

WriteAuxiliaryFile /tmp/solosoul-fe2-ios-root-insets-ui-20261008/DerivedData/Build/Intermediates.noindex/SoloSoulFE2UIProbe.build/Debug-iphonesimulator/ProbeHost.build/ProbeHost.DependencyMetadataFileList (in target 'ProbeHost' from project 'SoloSoulFE2UIProbe')
    cd /tmp/solosoul-fe2-ios-root-insets-ui-20261008
    write-file /tmp/solosoul-fe2-ios-root-insets-ui-20261008/DerivedData/Build/Intermediates.noindex/SoloSoulFE2UIProbe.build/Debug-iphonesimulator/ProbeHost.build/ProbeHost.DependencyMetadataFileList

WriteAuxiliaryFile /tmp/solosoul-fe2-ios-root-insets-ui-20261008/DerivedData/Build/Intermediates.noindex/SoloSoulFE2UIProbe.build/Debug-iphonesimulator/ProbeHost.build/ProbeHost-project-headers.hmap (in target 'ProbeHost' from project 'SoloSoulFE2UIProbe')
    cd /tmp/solosoul-fe2-ios-root-insets-ui-20261008
    write-file /tmp/solosoul-fe2-ios-root-insets-ui-20261008/DerivedData/Build/Intermediates.noindex/SoloSoulFE2UIProbe.build/Debug-iphonesimulator/ProbeHost.build/ProbeHost-project-headers.hmap

WriteAuxiliaryFile /tmp/solosoul-fe2-ios-root-insets-ui-20261008/DerivedData/Build/Intermediates.noindex/SoloSoulFE2UIProbe.build/Debug-iphonesimulator/ProbeHost.build/ProbeHost-own-target-headers.hmap (in target 'ProbeHost' from project 'SoloSoulFE2UIProbe')
    cd /tmp/solosoul-fe2-ios-root-insets-ui-20261008
    write-file /tmp/solosoul-fe2-ios-root-insets-ui-20261008/DerivedData/Build/Intermediates.noindex/SoloSoulFE2UIProbe.build/Debug-iphonesimulator/ProbeHost.build/ProbeHost-own-target-headers.hmap

WriteAuxiliaryFile /tmp/solosoul-fe2-ios-root-insets-ui-20261008/DerivedData/Build/Intermediates.noindex/SoloSoulFE2UIProbe.build/Debug-iphonesimulator/ProbeHost.build/ProbeHost-generated-files.hmap (in target 'ProbeHost' from project 'SoloSoulFE2UIProbe')
    cd /tmp/solosoul-fe2-ios-root-insets-ui-20261008
    write-file /tmp/solosoul-fe2-ios-root-insets-ui-20261008/DerivedData/Build/Intermediates.noindex/SoloSoulFE2UIProbe.build/Debug-iphonesimulator/ProbeHost.build/ProbeHost-generated-files.hmap

WriteAuxiliaryFile /tmp/solosoul-fe2-ios-root-insets-ui-20261008/DerivedData/Build/Intermediates.noindex/SoloSoulFE2UIProbe.build/Debug-iphonesimulator/ProbeHost.build/ProbeHost-all-target-headers.hmap (in target 'ProbeHost' from project 'SoloSoulFE2UIProbe')
    cd /tmp/solosoul-fe2-ios-root-insets-ui-20261008
    write-file /tmp/solosoul-fe2-ios-root-insets-ui-20261008/DerivedData/Build/Intermediates.noindex/SoloSoulFE2UIProbe.build/Debug-iphonesimulator/ProbeHost.build/ProbeHost-all-target-headers.hmap

WriteAuxiliaryFile /tmp/solosoul-fe2-ios-root-insets-ui-20261008/DerivedData/Build/Intermediates.noindex/SoloSoulFE2UIProbe.build/Debug-iphonesimulator/ProbeHost.build/ProbeHost-DebugDylibPath-normal-x86_64.txt (in target 'ProbeHost' from project 'SoloSoulFE2UIProbe')
    cd /tmp/solosoul-fe2-ios-root-insets-ui-20261008
    write-file /tmp/solosoul-fe2-ios-root-insets-ui-20261008/DerivedData/Build/Intermediates.noindex/SoloSoulFE2UIProbe.build/Debug-iphonesimulator/ProbeHost.build/ProbeHost-DebugDylibPath-normal-x86_64.txt

WriteAuxiliaryFile /tmp/solosoul-fe2-ios-root-insets-ui-20261008/DerivedData/Build/Intermediates.noindex/SoloSoulFE2UIProbe.build/Debug-iphonesimulator/ProbeHost.build/ProbeHost-all-non-framework-target-headers.hmap (in target 'ProbeHost' from project 'SoloSoulFE2UIProbe')
    cd /tmp/solosoul-fe2-ios-root-insets-ui-20261008
    write-file /tmp/solosoul-fe2-ios-root-insets-ui-20261008/DerivedData/Build/Intermediates.noindex/SoloSoulFE2UIProbe.build/Debug-iphonesimulator/ProbeHost.build/ProbeHost-all-non-framework-target-headers.hmap

WriteAuxiliaryFile /tmp/solosoul-fe2-ios-root-insets-ui-20261008/DerivedData/Build/Intermediates.noindex/SoloSoulFE2UIProbe.build/Debug-iphonesimulator/ProbeHost.build/ProbeHost-DebugDylibPath-normal-arm64.txt (in target 'ProbeHost' from project 'SoloSoulFE2UIProbe')
    cd /tmp/solosoul-fe2-ios-root-insets-ui-20261008
    write-file /tmp/solosoul-fe2-ios-root-insets-ui-20261008/DerivedData/Build/Intermediates.noindex/SoloSoulFE2UIProbe.build/Debug-iphonesimulator/ProbeHost.build/ProbeHost-DebugDylibPath-normal-arm64.txt

WriteAuxiliaryFile /tmp/solosoul-fe2-ios-root-insets-ui-20261008/DerivedData/Build/Intermediates.noindex/SoloSoulFE2UIProbe.build/Debug-iphonesimulator/ProbeHost.build/ProbeHost-DebugDylibInstallName-normal-x86_64.txt (in target 'ProbeHost' from project 'SoloSoulFE2UIProbe')
    cd /tmp/solosoul-fe2-ios-root-insets-ui-20261008
    write-file /tmp/solosoul-fe2-ios-root-insets-ui-20261008/DerivedData/Build/Intermediates.noindex/SoloSoulFE2UIProbe.build/Debug-iphonesimulator/ProbeHost.build/ProbeHost-DebugDylibInstallName-normal-x86_64.txt

WriteAuxiliaryFile /tmp/solosoul-fe2-ios-root-insets-ui-20261008/DerivedData/Build/Intermediates.noindex/SoloSoulFE2UIProbe.build/Debug-iphonesimulator/ProbeHost.build/ProbeHost-DebugDylibInstallName-normal-arm64.txt (in target 'ProbeHost' from project 'SoloSoulFE2UIProbe')
    cd /tmp/solosoul-fe2-ios-root-insets-ui-20261008
    write-file /tmp/solosoul-fe2-ios-root-insets-ui-20261008/DerivedData/Build/Intermediates.noindex/SoloSoulFE2UIProbe.build/Debug-iphonesimulator/ProbeHost.build/ProbeHost-DebugDylibInstallName-normal-arm64.txt

WriteAuxiliaryFile /tmp/solosoul-fe2-ios-root-insets-ui-20261008/DerivedData/Build/Intermediates.noindex/SoloSoulFE2UIProbe.build/Debug-iphonesimulator/ProbeHost.build/Objects-normal/x86_64/ProbeHost_const_extract_protocols.json (in target 'ProbeHost' from project 'SoloSoulFE2UIProbe')
    cd /tmp/solosoul-fe2-ios-root-insets-ui-20261008
    write-file /tmp/solosoul-fe2-ios-root-insets-ui-20261008/DerivedData/Build/Intermediates.noindex/SoloSoulFE2UIProbe.build/Debug-iphonesimulator/ProbeHost.build/Objects-normal/x86_64/ProbeHost_const_extract_protocols.json

WriteAuxiliaryFile /tmp/solosoul-fe2-ios-root-insets-ui-20261008/DerivedData/Build/Intermediates.noindex/SoloSoulFE2UIProbe.build/Debug-iphonesimulator/ProbeHost.build/Objects-normal/x86_64/ProbeHost.SwiftFileList (in target 'ProbeHost' from project 'SoloSoulFE2UIProbe')
    cd /tmp/solosoul-fe2-ios-root-insets-ui-20261008
    write-file /tmp/solosoul-fe2-ios-root-insets-ui-20261008/DerivedData/Build/Intermediates.noindex/SoloSoulFE2UIProbe.build/Debug-iphonesimulator/ProbeHost.build/Objects-normal/x86_64/ProbeHost.SwiftFileList

WriteAuxiliaryFile /tmp/solosoul-fe2-ios-root-insets-ui-20261008/DerivedData/Build/Intermediates.noindex/SoloSoulFE2UIProbe.build/Debug-iphonesimulator/ProbeHost.build/Objects-normal/x86_64/ProbeHost.SwiftConstValuesFileList (in target 'ProbeHost' from project 'SoloSoulFE2UIProbe')
    cd /tmp/solosoul-fe2-ios-root-insets-ui-20261008
    write-file /tmp/solosoul-fe2-ios-root-insets-ui-20261008/DerivedData/Build/Intermediates.noindex/SoloSoulFE2UIProbe.build/Debug-iphonesimulator/ProbeHost.build/Objects-normal/x86_64/ProbeHost.SwiftConstValuesFileList

WriteAuxiliaryFile /tmp/solosoul-fe2-ios-root-insets-ui-20261008/DerivedData/Build/Intermediates.noindex/SoloSoulFE2UIProbe.build/Debug-iphonesimulator/ProbeHost.build/Objects-normal/x86_64/ProbeHost.LinkFileList (in target 'ProbeHost' from project 'SoloSoulFE2UIProbe')
    cd /tmp/solosoul-fe2-ios-root-insets-ui-20261008
    write-file /tmp/solosoul-fe2-ios-root-insets-ui-20261008/DerivedData/Build/Intermediates.noindex/SoloSoulFE2UIProbe.build/Debug-iphonesimulator/ProbeHost.build/Objects-normal/x86_64/ProbeHost.LinkFileList

WriteAuxiliaryFile /tmp/solosoul-fe2-ios-root-insets-ui-20261008/DerivedData/Build/Intermediates.noindex/SoloSoulFE2UIProbe.build/Debug-iphonesimulator/ProbeHost.build/Objects-normal/x86_64/ProbeHost-OutputFileMap.json (in target 'ProbeHost' from project 'SoloSoulFE2UIProbe')
    cd /tmp/solosoul-fe2-ios-root-insets-ui-20261008
    write-file /tmp/solosoul-fe2-ios-root-insets-ui-20261008/DerivedData/Build/Intermediates.noindex/SoloSoulFE2UIProbe.build/Debug-iphonesimulator/ProbeHost.build/Objects-normal/x86_64/ProbeHost-OutputFileMap.json

WriteAuxiliaryFile /tmp/solosoul-fe2-ios-root-insets-ui-20261008/DerivedData/Build/Intermediates.noindex/SoloSoulFE2UIProbe.build/Debug-iphonesimulator/ProbeHost.build/Objects-normal/arm64/ProbeHost_const_extract_protocols.json (in target 'ProbeHost' from project 'SoloSoulFE2UIProbe')
    cd /tmp/solosoul-fe2-ios-root-insets-ui-20261008
    write-file /tmp/solosoul-fe2-ios-root-insets-ui-20261008/DerivedData/Build/Intermediates.noindex/SoloSoulFE2UIProbe.build/Debug-iphonesimulator/ProbeHost.build/Objects-normal/arm64/ProbeHost_const_extract_protocols.json

WriteAuxiliaryFile /tmp/solosoul-fe2-ios-root-insets-ui-20261008/DerivedData/Build/Intermediates.noindex/SoloSoulFE2UIProbe.build/Debug-iphonesimulator/ProbeHost.build/Objects-normal/arm64/ProbeHost.SwiftFileList (in target 'ProbeHost' from project 'SoloSoulFE2UIProbe')
    cd /tmp/solosoul-fe2-ios-root-insets-ui-20261008
    write-file /tmp/solosoul-fe2-ios-root-insets-ui-20261008/DerivedData/Build/Intermediates.noindex/SoloSoulFE2UIProbe.build/Debug-iphonesimulator/ProbeHost.build/Objects-normal/arm64/ProbeHost.SwiftFileList

WriteAuxiliaryFile /tmp/solosoul-fe2-ios-root-insets-ui-20261008/DerivedData/Build/Intermediates.noindex/SoloSoulFE2UIProbe.build/Debug-iphonesimulator/ProbeHost.build/Objects-normal/arm64/ProbeHost.SwiftConstValuesFileList (in target 'ProbeHost' from project 'SoloSoulFE2UIProbe')
    cd /tmp/solosoul-fe2-ios-root-insets-ui-20261008
    write-file /tmp/solosoul-fe2-ios-root-insets-ui-20261008/DerivedData/Build/Intermediates.noindex/SoloSoulFE2UIProbe.build/Debug-iphonesimulator/ProbeHost.build/Objects-normal/arm64/ProbeHost.SwiftConstValuesFileList

WriteAuxiliaryFile /tmp/solosoul-fe2-ios-root-insets-ui-20261008/DerivedData/Build/Intermediates.noindex/SoloSoulFE2UIProbe.build/Debug-iphonesimulator/ProbeHost.build/Objects-normal/arm64/ProbeHost.LinkFileList (in target 'ProbeHost' from project 'SoloSoulFE2UIProbe')
    cd /tmp/solosoul-fe2-ios-root-insets-ui-20261008
    write-file /tmp/solosoul-fe2-ios-root-insets-ui-20261008/DerivedData/Build/Intermediates.noindex/SoloSoulFE2UIProbe.build/Debug-iphonesimulator/ProbeHost.build/Objects-normal/arm64/ProbeHost.LinkFileList

WriteAuxiliaryFile /tmp/solosoul-fe2-ios-root-insets-ui-20261008/DerivedData/Build/Intermediates.noindex/SoloSoulFE2UIProbe.build/Debug-iphonesimulator/ProbeHost.build/Objects-normal/arm64/ProbeHost-OutputFileMap.json (in target 'ProbeHost' from project 'SoloSoulFE2UIProbe')
    cd /tmp/solosoul-fe2-ios-root-insets-ui-20261008
    write-file /tmp/solosoul-fe2-ios-root-insets-ui-20261008/DerivedData/Build/Intermediates.noindex/SoloSoulFE2UIProbe.build/Debug-iphonesimulator/ProbeHost.build/Objects-normal/arm64/ProbeHost-OutputFileMap.json

MkDir /tmp/solosoul-fe2-ios-root-insets-ui-20261008/DerivedData/Build/Products/Debug-iphonesimulator/ProbeTests-Runner.app/PlugIns/ProbeTests.xctest (in target 'ProbeTests' from project 'SoloSoulFE2UIProbe')
    cd /tmp/solosoul-fe2-ios-root-insets-ui-20261008
    /bin/mkdir -p /tmp/solosoul-fe2-ios-root-insets-ui-20261008/DerivedData/Build/Products/Debug-iphonesimulator/ProbeTests-Runner.app/PlugIns/ProbeTests.xctest

MkDir /tmp/solosoul-fe2-ios-root-insets-ui-20261008/DerivedData/Build/Products/Debug-iphonesimulator/ProbeHost.app (in target 'ProbeHost' from project 'SoloSoulFE2UIProbe')
    cd /tmp/solosoul-fe2-ios-root-insets-ui-20261008
    /bin/mkdir -p /tmp/solosoul-fe2-ios-root-insets-ui-20261008/DerivedData/Build/Products/Debug-iphonesimulator/ProbeHost.app

Ld /tmp/solosoul-fe2-ios-root-insets-ui-20261008/DerivedData/Build/Intermediates.noindex/SoloSoulFE2UIProbe.build/Debug-iphonesimulator/ProbeHost.build/Objects-normal/x86_64/Binary/__preview.dylib normal x86_64 (in target 'ProbeHost' from project 'SoloSoulFE2UIProbe')
    cd /tmp/solosoul-fe2-ios-root-insets-ui-20261008
    /Applications/Xcode.app/Contents/Developer/Toolchains/XcodeDefault.xctoolchain/usr/bin/clang -Xlinker -reproducible -target x86_64-apple-ios14.0-simulator -dynamiclib -isysroot /Applications/Xcode.app/Contents/Developer/Platforms/iPhoneSimulator.platform/Developer/SDKs/iPhoneSimulator26.2.sdk -O0 -L/tmp/solosoul-fe2-ios-root-insets-ui-20261008/DerivedData/Build/Products/Debug-iphonesimulator -F/tmp/solosoul-fe2-ios-root-insets-ui-20261008/DerivedData/Build/Products/Debug-iphonesimulator -install_name @rpath/ProbeHost.debug.dylib -dead_strip -rdynamic -Xlinker -no_deduplicate -Xlinker -objc_abi_version -Xlinker 2 -Xlinker -dependency_info -Xlinker /tmp/solosoul-fe2-ios-root-insets-ui-20261008/DerivedData/Build/Intermediates.noindex/SoloSoulFE2UIProbe.build/Debug-iphonesimulator/ProbeHost.build/Objects-normal/x86_64/ProbeHost_dependency_info.dat -o /tmp/solosoul-fe2-ios-root-insets-ui-20261008/DerivedData/Build/Intermediates.noindex/SoloSoulFE2UIProbe.build/Debug-iphonesimulator/ProbeHost.build/Objects-normal/x86_64/Binary/__preview.dylib

Ld /tmp/solosoul-fe2-ios-root-insets-ui-20261008/DerivedData/Build/Intermediates.noindex/SoloSoulFE2UIProbe.build/Debug-iphonesimulator/ProbeHost.build/Objects-normal/arm64/Binary/__preview.dylib normal arm64 (in target 'ProbeHost' from project 'SoloSoulFE2UIProbe')
    cd /tmp/solosoul-fe2-ios-root-insets-ui-20261008
    /Applications/Xcode.app/Contents/Developer/Toolchains/XcodeDefault.xctoolchain/usr/bin/clang -Xlinker -reproducible -target arm64-apple-ios14.0-simulator -dynamiclib -isysroot /Applications/Xcode.app/Contents/Developer/Platforms/iPhoneSimulator.platform/Developer/SDKs/iPhoneSimulator26.2.sdk -O0 -L/tmp/solosoul-fe2-ios-root-insets-ui-20261008/DerivedData/Build/Products/Debug-iphonesimulator -F/tmp/solosoul-fe2-ios-root-insets-ui-20261008/DerivedData/Build/Products/Debug-iphonesimulator -install_name @rpath/ProbeHost.debug.dylib -dead_strip -rdynamic -Xlinker -no_deduplicate -Xlinker -objc_abi_version -Xlinker 2 -Xlinker -dependency_info -Xlinker /tmp/solosoul-fe2-ios-root-insets-ui-20261008/DerivedData/Build/Intermediates.noindex/SoloSoulFE2UIProbe.build/Debug-iphonesimulator/ProbeHost.build/Objects-normal/arm64/ProbeHost_dependency_info.dat -o /tmp/solosoul-fe2-ios-root-insets-ui-20261008/DerivedData/Build/Intermediates.noindex/SoloSoulFE2UIProbe.build/Debug-iphonesimulator/ProbeHost.build/Objects-normal/arm64/Binary/__preview.dylib

ProcessInfoPlistFile /tmp/solosoul-fe2-ios-root-insets-ui-20261008/DerivedData/Build/Products/Debug-iphonesimulator/ProbeHost.app/Info.plist /tmp/solosoul-fe2-ios-root-insets-ui-20261008/DerivedData/Build/Intermediates.noindex/SoloSoulFE2UIProbe.build/Debug-iphonesimulator/ProbeHost.build/empty-ProbeHost.plist (in target 'ProbeHost' from project 'SoloSoulFE2UIProbe')
    cd /tmp/solosoul-fe2-ios-root-insets-ui-20261008
    builtin-infoPlistUtility /tmp/solosoul-fe2-ios-root-insets-ui-20261008/DerivedData/Build/Intermediates.noindex/SoloSoulFE2UIProbe.build/Debug-iphonesimulator/ProbeHost.build/empty-ProbeHost.plist -producttype com.apple.product-type.application -genpkginfo /tmp/solosoul-fe2-ios-root-insets-ui-20261008/DerivedData/Build/Products/Debug-iphonesimulator/ProbeHost.app/PkgInfo -expandbuildsettings -format binary -platform iphonesimulator -o /tmp/solosoul-fe2-ios-root-insets-ui-20261008/DerivedData/Build/Products/Debug-iphonesimulator/ProbeHost.app/Info.plist

CreateUniversalBinary /tmp/solosoul-fe2-ios-root-insets-ui-20261008/DerivedData/Build/Products/Debug-iphonesimulator/ProbeHost.app/__preview.dylib normal arm64\ x86_64 (in target 'ProbeHost' from project 'SoloSoulFE2UIProbe')
    cd /tmp/solosoul-fe2-ios-root-insets-ui-20261008
    /Applications/Xcode.app/Contents/Developer/Toolchains/XcodeDefault.xctoolchain/usr/bin/lipo -create /tmp/solosoul-fe2-ios-root-insets-ui-20261008/DerivedData/Build/Intermediates.noindex/SoloSoulFE2UIProbe.build/Debug-iphonesimulator/ProbeHost.build/Objects-normal/arm64/Binary/__preview.dylib /tmp/solosoul-fe2-ios-root-insets-ui-20261008/DerivedData/Build/Intermediates.noindex/SoloSoulFE2UIProbe.build/Debug-iphonesimulator/ProbeHost.build/Objects-normal/x86_64/Binary/__preview.dylib -output /tmp/solosoul-fe2-ios-root-insets-ui-20261008/DerivedData/Build/Products/Debug-iphonesimulator/ProbeHost.app/__preview.dylib

SwiftDriver ProbeHost normal arm64 com.apple.xcode.tools.swift.compiler (in target 'ProbeHost' from project 'SoloSoulFE2UIProbe')
    cd /tmp/solosoul-fe2-ios-root-insets-ui-20261008
    builtin-SwiftDriver -- /Applications/Xcode.app/Contents/Developer/Toolchains/XcodeDefault.xctoolchain/usr/bin/swiftc -module-name ProbeHost -Onone -enforce-exclusivity\=checked @/tmp/solosoul-fe2-ios-root-insets-ui-20261008/DerivedData/Build/Intermediates.noindex/SoloSoulFE2UIProbe.build/Debug-iphonesimulator/ProbeHost.build/Objects-normal/arm64/ProbeHost.SwiftFileList -DDEBUG -enable-bare-slash-regex -enable-experimental-feature DebugDescriptionMacro -sdk /Applications/Xcode.app/Contents/Developer/Platforms/iPhoneSimulator.platform/Developer/SDKs/iPhoneSimulator26.2.sdk -target arm64-apple-ios14.0-simulator -g -module-cache-path /tmp/solosoul-fe2-ios-root-insets-ui-20261008/DerivedData/ModuleCache.noindex -Xfrontend -serialize-debugging-options -enable-testing -index-store-path /tmp/solosoul-fe2-ios-root-insets-ui-20261008/DerivedData/Index.noindex/DataStore -Xcc -D_LIBCPP_HARDENING_MODE\=_LIBCPP_HARDENING_MODE_DEBUG -swift-version 5 -I /tmp/solosoul-fe2-ios-root-insets-ui-20261008/DerivedData/Build/Products/Debug-iphonesimulator -F /tmp/solosoul-fe2-ios-root-insets-ui-20261008/DerivedData/Build/Products/Debug-iphonesimulator -parse-as-library -c -j8 -enable-batch-mode -incremental -Xcc -ivfsstatcache -Xcc /tmp/solosoul-fe2-ios-root-insets-ui-20261008/DerivedData/SDKStatCaches.noindex/iphonesimulator26.2-23C57-7d00a8b37fbd7999ea79df8ebc024bf0.sdkstatcache -output-file-map /tmp/solosoul-fe2-ios-root-insets-ui-20261008/DerivedData/Build/Intermediates.noindex/SoloSoulFE2UIProbe.build/Debug-iphonesimulator/ProbeHost.build/Objects-normal/arm64/ProbeHost-OutputFileMap.json -use-frontend-parseable-output -save-temps -no-color-diagnostics -explicit-module-build -module-cache-path /tmp/solosoul-fe2-ios-root-insets-ui-20261008/DerivedData/Build/Intermediates.noindex/SwiftExplicitPrecompiledModules -clang-scanner-module-cache-path /tmp/solosoul-fe2-ios-root-insets-ui-20261008/DerivedData/ModuleCache.noindex -sdk-module-cache-path /tmp/solosoul-fe2-ios-root-insets-ui-20261008/DerivedData/ModuleCache.noindex -serialize-diagnostics -emit-dependencies -emit-module -emit-module-path /tmp/solosoul-fe2-ios-root-insets-ui-20261008/DerivedData/Build/Intermediates.noindex/SoloSoulFE2UIProbe.build/Debug-iphonesimulator/ProbeHost.build/Objects-normal/arm64/ProbeHost.swiftmodule -validate-clang-modules-once -clang-build-session-file /tmp/solosoul-fe2-ios-root-insets-ui-20261008/DerivedData/ModuleCache.noindex/Session.modulevalidation -Xcc -I/tmp/solosoul-fe2-ios-root-insets-ui-20261008/DerivedData/Build/Intermediates.noindex/SoloSoulFE2UIProbe.build/Debug-iphonesimulator/ProbeHost.build/swift-overrides.hmap -emit-const-values -Xfrontend -const-gather-protocols-file -Xfrontend /tmp/solosoul-fe2-ios-root-insets-ui-20261008/DerivedData/Build/Intermediates.noindex/SoloSoulFE2UIProbe.build/Debug-iphonesimulator/ProbeHost.build/Objects-normal/arm64/ProbeHost_const_extract_protocols.json -Xcc -iquote -Xcc /tmp/solosoul-fe2-ios-root-insets-ui-20261008/DerivedData/Build/Intermediates.noindex/SoloSoulFE2UIProbe.build/Debug-iphonesimulator/ProbeHost.build/ProbeHost-generated-files.hmap -Xcc -I/tmp/solosoul-fe2-ios-root-insets-ui-20261008/DerivedData/Build/Intermediates.noindex/SoloSoulFE2UIProbe.build/Debug-iphonesimulator/ProbeHost.build/ProbeHost-own-target-headers.hmap -Xcc -I/tmp/solosoul-fe2-ios-root-insets-ui-20261008/DerivedData/Build/Intermediates.noindex/SoloSoulFE2UIProbe.build/Debug-iphonesimulator/ProbeHost.build/ProbeHost-all-target-headers.hmap -Xcc -iquote -Xcc /tmp/solosoul-fe2-ios-root-insets-ui-20261008/DerivedData/Build/Intermediates.noindex/SoloSoulFE2UIProbe.build/Debug-iphonesimulator/ProbeHost.build/ProbeHost-project-headers.hmap -Xcc -I/tmp/solosoul-fe2-ios-root-insets-ui-20261008/DerivedData/Build/Products/Debug-iphonesimulator/include -Xcc -I/tmp/solosoul-fe2-ios-root-insets-ui-20261008/DerivedData/Build/Intermediates.noindex/SoloSoulFE2UIProbe.build/Debug-iphonesimulator/ProbeHost.build/DerivedSources-normal/arm64 -Xcc -I/tmp/solosoul-fe2-ios-root-insets-ui-20261008/DerivedData/Build/Intermediates.noindex/SoloSoulFE2UIProbe.build/Debug-iphonesimulator/ProbeHost.build/DerivedSources/arm64 -Xcc -I/tmp/solosoul-fe2-ios-root-insets-ui-20261008/DerivedData/Build/Intermediates.noindex/SoloSoulFE2UIProbe.build/Debug-iphonesimulator/ProbeHost.build/DerivedSources -Xcc -DDEBUG\=1 -emit-objc-header -emit-objc-header-path /tmp/solosoul-fe2-ios-root-insets-ui-20261008/DerivedData/Build/Intermediates.noindex/SoloSoulFE2UIProbe.build/Debug-iphonesimulator/ProbeHost.build/Objects-normal/arm64/ProbeHost-Swift.h -working-directory /tmp/solosoul-fe2-ios-root-insets-ui-20261008 -experimental-emit-module-separately -disable-cmo

SwiftDriver ProbeHost normal x86_64 com.apple.xcode.tools.swift.compiler (in target 'ProbeHost' from project 'SoloSoulFE2UIProbe')
    cd /tmp/solosoul-fe2-ios-root-insets-ui-20261008
    builtin-SwiftDriver -- /Applications/Xcode.app/Contents/Developer/Toolchains/XcodeDefault.xctoolchain/usr/bin/swiftc -module-name ProbeHost -Onone -enforce-exclusivity\=checked @/tmp/solosoul-fe2-ios-root-insets-ui-20261008/DerivedData/Build/Intermediates.noindex/SoloSoulFE2UIProbe.build/Debug-iphonesimulator/ProbeHost.build/Objects-normal/x86_64/ProbeHost.SwiftFileList -DDEBUG -enable-bare-slash-regex -enable-experimental-feature DebugDescriptionMacro -sdk /Applications/Xcode.app/Contents/Developer/Platforms/iPhoneSimulator.platform/Developer/SDKs/iPhoneSimulator26.2.sdk -target x86_64-apple-ios14.0-simulator -g -module-cache-path /tmp/solosoul-fe2-ios-root-insets-ui-20261008/DerivedData/ModuleCache.noindex -Xfrontend -serialize-debugging-options -enable-testing -index-store-path /tmp/solosoul-fe2-ios-root-insets-ui-20261008/DerivedData/Index.noindex/DataStore -Xcc -D_LIBCPP_HARDENING_MODE\=_LIBCPP_HARDENING_MODE_DEBUG -swift-version 5 -I /tmp/solosoul-fe2-ios-root-insets-ui-20261008/DerivedData/Build/Products/Debug-iphonesimulator -F /tmp/solosoul-fe2-ios-root-insets-ui-20261008/DerivedData/Build/Products/Debug-iphonesimulator -parse-as-library -c -j8 -enable-batch-mode -incremental -Xcc -ivfsstatcache -Xcc /tmp/solosoul-fe2-ios-root-insets-ui-20261008/DerivedData/SDKStatCaches.noindex/iphonesimulator26.2-23C57-7d00a8b37fbd7999ea79df8ebc024bf0.sdkstatcache -output-file-map /tmp/solosoul-fe2-ios-root-insets-ui-20261008/DerivedData/Build/Intermediates.noindex/SoloSoulFE2UIProbe.build/Debug-iphonesimulator/ProbeHost.build/Objects-normal/x86_64/ProbeHost-OutputFileMap.json -use-frontend-parseable-output -save-temps -no-color-diagnostics -explicit-module-build -module-cache-path /tmp/solosoul-fe2-ios-root-insets-ui-20261008/DerivedData/Build/Intermediates.noindex/SwiftExplicitPrecompiledModules -clang-scanner-module-cache-path /tmp/solosoul-fe2-ios-root-insets-ui-20261008/DerivedData/ModuleCache.noindex -sdk-module-cache-path /tmp/solosoul-fe2-ios-root-insets-ui-20261008/DerivedData/ModuleCache.noindex -serialize-diagnostics -emit-dependencies -emit-module -emit-module-path /tmp/solosoul-fe2-ios-root-insets-ui-20261008/DerivedData/Build/Intermediates.noindex/SoloSoulFE2UIProbe.build/Debug-iphonesimulator/ProbeHost.build/Objects-normal/x86_64/ProbeHost.swiftmodule -validate-clang-modules-once -clang-build-session-file /tmp/solosoul-fe2-ios-root-insets-ui-20261008/DerivedData/ModuleCache.noindex/Session.modulevalidation -Xcc -I/tmp/solosoul-fe2-ios-root-insets-ui-20261008/DerivedData/Build/Intermediates.noindex/SoloSoulFE2UIProbe.build/Debug-iphonesimulator/ProbeHost.build/swift-overrides.hmap -emit-const-values -Xfrontend -const-gather-protocols-file -Xfrontend /tmp/solosoul-fe2-ios-root-insets-ui-20261008/DerivedData/Build/Intermediates.noindex/SoloSoulFE2UIProbe.build/Debug-iphonesimulator/ProbeHost.build/Objects-normal/x86_64/ProbeHost_const_extract_protocols.json -Xcc -iquote -Xcc /tmp/solosoul-fe2-ios-root-insets-ui-20261008/DerivedData/Build/Intermediates.noindex/SoloSoulFE2UIProbe.build/Debug-iphonesimulator/ProbeHost.build/ProbeHost-generated-files.hmap -Xcc -I/tmp/solosoul-fe2-ios-root-insets-ui-20261008/DerivedData/Build/Intermediates.noindex/SoloSoulFE2UIProbe.build/Debug-iphonesimulator/ProbeHost.build/ProbeHost-own-target-headers.hmap -Xcc -I/tmp/solosoul-fe2-ios-root-insets-ui-20261008/DerivedData/Build/Intermediates.noindex/SoloSoulFE2UIProbe.build/Debug-iphonesimulator/ProbeHost.build/ProbeHost-all-target-headers.hmap -Xcc -iquote -Xcc /tmp/solosoul-fe2-ios-root-insets-ui-20261008/DerivedData/Build/Intermediates.noindex/SoloSoulFE2UIProbe.build/Debug-iphonesimulator/ProbeHost.build/ProbeHost-project-headers.hmap -Xcc -I/tmp/solosoul-fe2-ios-root-insets-ui-20261008/DerivedData/Build/Products/Debug-iphonesimulator/include -Xcc -I/tmp/solosoul-fe2-ios-root-insets-ui-20261008/DerivedData/Build/Intermediates.noindex/SoloSoulFE2UIProbe.build/Debug-iphonesimulator/ProbeHost.build/DerivedSources-normal/x86_64 -Xcc -I/tmp/solosoul-fe2-ios-root-insets-ui-20261008/DerivedData/Build/Intermediates.noindex/SoloSoulFE2UIProbe.build/Debug-iphonesimulator/ProbeHost.build/DerivedSources/x86_64 -Xcc -I/tmp/solosoul-fe2-ios-root-insets-ui-20261008/DerivedData/Build/Intermediates.noindex/SoloSoulFE2UIProbe.build/Debug-iphonesimulator/ProbeHost.build/DerivedSources -Xcc -DDEBUG\=1 -emit-objc-header -emit-objc-header-path /tmp/solosoul-fe2-ios-root-insets-ui-20261008/DerivedData/Build/Intermediates.noindex/SoloSoulFE2UIProbe.build/Debug-iphonesimulator/ProbeHost.build/Objects-normal/x86_64/ProbeHost-Swift.h -working-directory /tmp/solosoul-fe2-ios-root-insets-ui-20261008 -experimental-emit-module-separately -disable-cmo

SwiftExplicitDependencyGeneratePcm x86_64 /tmp/solosoul-fe2-ios-root-insets-ui-20261008/DerivedData/ModuleCache.noindex/_AvailabilityInternal-20XDJ5KE2PFON3OOWUB36UQL4.pcm

SwiftExplicitDependencyGeneratePcm x86_64 /tmp/solosoul-fe2-ios-root-insets-ui-20261008/DerivedData/ModuleCache.noindex/_SwiftConcurrencyShims-B5D93IOPZMLSY8YEYHE97GYWY.pcm

SwiftExplicitDependencyGeneratePcm x86_64 /tmp/solosoul-fe2-ios-root-insets-ui-20261008/DerivedData/ModuleCache.noindex/_Builtin_float-4WXWSD6FOY6HVOKXIY7AN5HB0.pcm

SwiftExplicitDependencyGeneratePcm x86_64 /tmp/solosoul-fe2-ios-root-insets-ui-20261008/DerivedData/ModuleCache.noindex/ptrauth-CNUZIRVNHZ04XR2XFMLDXJS8D.pcm

SwiftExplicitDependencyGeneratePcm x86_64 /tmp/solosoul-fe2-ios-root-insets-ui-20261008/DerivedData/ModuleCache.noindex/ptrcheck-BA9GVYVF15EIMOIAMB1BUIJRU.pcm

SwiftExplicitDependencyGeneratePcm x86_64 /tmp/solosoul-fe2-ios-root-insets-ui-20261008/DerivedData/ModuleCache.noindex/_Builtin_stdarg-B6I5CG5FITJ9VPPJ94XAGMVEQ.pcm

SwiftExplicitDependencyGeneratePcm x86_64 /tmp/solosoul-fe2-ios-root-insets-ui-20261008/DerivedData/ModuleCache.noindex/_Builtin_stddef-8TXA5DXVWUNZ8QLNEAFSKHZPP.pcm

SwiftExplicitDependencyGeneratePcm x86_64 /tmp/solosoul-fe2-ios-root-insets-ui-20261008/DerivedData/ModuleCache.noindex/DeveloperToolsSupport-CX1CXXUDUILNQH4LE3G1W5VI.pcm

SwiftExplicitDependencyGeneratePcm arm64 /tmp/solosoul-fe2-ios-root-insets-ui-20261008/DerivedData/ModuleCache.noindex/_Builtin_stdbool-8JQBWBACPRMKEN8LDP6IB7CVO.pcm

SwiftExplicitDependencyGeneratePcm arm64 /tmp/solosoul-fe2-ios-root-insets-ui-20261008/DerivedData/ModuleCache.noindex/_Builtin_stdarg-ACRPZDH31WLAEVJN9VIYEJUW2.pcm

SwiftExplicitDependencyGeneratePcm arm64 /tmp/solosoul-fe2-ios-root-insets-ui-20261008/DerivedData/ModuleCache.noindex/SwiftShims-BSV5W13AIZSHCK0LFTA8J6XH7.pcm

SwiftExplicitDependencyGeneratePcm x86_64 /tmp/solosoul-fe2-ios-root-insets-ui-20261008/DerivedData/ModuleCache.noindex/SwiftShims-7WXSYSGZ0VPMFFKD5RCKFTEKP.pcm

SwiftExplicitDependencyGeneratePcm arm64 /tmp/solosoul-fe2-ios-root-insets-ui-20261008/DerivedData/ModuleCache.noindex/_Builtin_float-EI00QWN9SPYAF8F3TH9ZF9KX4.pcm

SwiftExplicitDependencyGeneratePcm arm64 /tmp/solosoul-fe2-ios-root-insets-ui-20261008/DerivedData/ModuleCache.noindex/_SwiftConcurrencyShims-74DZ2RCXP31O2GE4IQKVL5Q17.pcm

SwiftExplicitDependencyGeneratePcm x86_64 /tmp/solosoul-fe2-ios-root-insets-ui-20261008/DerivedData/ModuleCache.noindex/_DarwinFoundation1-5COLYIFSG04P70AQUOXEPGODT.pcm

SwiftExplicitDependencyGeneratePcm arm64 /tmp/solosoul-fe2-ios-root-insets-ui-20261008/DerivedData/ModuleCache.noindex/DeveloperToolsSupport-C4G8U3NKD6H2OI6QT7EMJ8KLQ.pcm

SwiftExplicitDependencyGeneratePcm arm64 /tmp/solosoul-fe2-ios-root-insets-ui-20261008/DerivedData/ModuleCache.noindex/_AvailabilityInternal-48RD4CL57IK94WRSQ21UGPVKM.pcm

SwiftExplicitDependencyGeneratePcm arm64 /tmp/solosoul-fe2-ios-root-insets-ui-20261008/DerivedData/ModuleCache.noindex/ptrauth-6KUKJ7G64FXQWCSHM2QU9SLV7.pcm

SwiftExplicitDependencyGeneratePcm arm64 /tmp/solosoul-fe2-ios-root-insets-ui-20261008/DerivedData/ModuleCache.noindex/_Builtin_stddef-BL7G88OF2KD2R3XPCG2WFC2R2.pcm

SwiftExplicitDependencyGeneratePcm x86_64 /tmp/solosoul-fe2-ios-root-insets-ui-20261008/DerivedData/ModuleCache.noindex/_Builtin_stdbool-99Z60F23PSYAJB0HY9RR3RHT7.pcm

SwiftExplicitDependencyGeneratePcm arm64 /tmp/solosoul-fe2-ios-root-insets-ui-20261008/DerivedData/ModuleCache.noindex/ptrcheck-6W1WJICKDGY9K1RUNIYP4I4Z8.pcm

SwiftExplicitDependencyGeneratePcm x86_64 /tmp/solosoul-fe2-ios-root-insets-ui-20261008/DerivedData/ModuleCache.noindex/_Builtin_limits-3QRPMXWSC4U0H9S66JCA79R0Y.pcm

SwiftExplicitDependencyGeneratePcm x86_64 /tmp/solosoul-fe2-ios-root-insets-ui-20261008/DerivedData/ModuleCache.noindex/_DarwinFoundation2-I9N9ESMPEKEK1AY4269PDYIH.pcm

SwiftExplicitDependencyGeneratePcm arm64 /tmp/solosoul-fe2-ios-root-insets-ui-20261008/DerivedData/ModuleCache.noindex/_DarwinFoundation1-6H59ELUPDUQ16SP2MTEBAU8GR.pcm

SwiftExplicitDependencyGeneratePcm arm64 /tmp/solosoul-fe2-ios-root-insets-ui-20261008/DerivedData/ModuleCache.noindex/_Builtin_limits-42UPD6ENT7RR7ARTKVZ5ID5SN.pcm

SwiftExplicitDependencyGeneratePcm arm64 /tmp/solosoul-fe2-ios-root-insets-ui-20261008/DerivedData/ModuleCache.noindex/_DarwinFoundation2-5QVN60SZTI54MUQ92WV0HXKNY.pcm

SwiftExplicitDependencyGeneratePcm x86_64 /tmp/solosoul-fe2-ios-root-insets-ui-20261008/DerivedData/ModuleCache.noindex/_Builtin_stdint-6LSIKIGGDAQT7JLVX94A6DKB.pcm

SwiftExplicitDependencyGeneratePcm x86_64 /tmp/solosoul-fe2-ios-root-insets-ui-20261008/DerivedData/ModuleCache.noindex/sys_types-ATAYW5WSLGW5SKE9EO4DT2XLS.pcm

SwiftExplicitDependencyGeneratePcm x86_64 /tmp/solosoul-fe2-ios-root-insets-ui-20261008/DerivedData/ModuleCache.noindex/_DarwinFoundation3-2MA3OB2BN4300WN8NP48GILW4.pcm

SwiftExplicitDependencyGeneratePcm x86_64 /tmp/solosoul-fe2-ios-root-insets-ui-20261008/DerivedData/ModuleCache.noindex/_Builtin_stdatomic-1TTZG3EKDFD6ACHTAE6C3DFDI.pcm

SwiftExplicitDependencyGeneratePcm arm64 /tmp/solosoul-fe2-ios-root-insets-ui-20261008/DerivedData/ModuleCache.noindex/sys_types-C4J0WVTLFEXKOTJVOZWX1QHSH.pcm

SwiftExplicitDependencyGeneratePcm arm64 /tmp/solosoul-fe2-ios-root-insets-ui-20261008/DerivedData/ModuleCache.noindex/_Builtin_stdint-CE1SFZQU6UK4Q0R169VAFHWF4.pcm

SwiftExplicitDependencyGeneratePcm arm64 /tmp/solosoul-fe2-ios-root-insets-ui-20261008/DerivedData/ModuleCache.noindex/_DarwinFoundation3-E5SH99FTHPOC1U0BP9W7L770E.pcm

SwiftExplicitDependencyGeneratePcm arm64 /tmp/solosoul-fe2-ios-root-insets-ui-20261008/DerivedData/ModuleCache.noindex/_Builtin_stdatomic-8OKRBADEJ9GUDXL3WLP82LK4J.pcm

SwiftExplicitDependencyGeneratePcm x86_64 /tmp/solosoul-fe2-ios-root-insets-ui-20261008/DerivedData/ModuleCache.noindex/_Builtin_inttypes-9KHUKAYFO23SU3J1G5J018VRO.pcm

SwiftExplicitDependencyGeneratePcm x86_64 /tmp/solosoul-fe2-ios-root-insets-ui-20261008/DerivedData/ModuleCache.noindex/Darwin-C160ZPQWYS3WJD1EKWCHSK1M2.pcm

SwiftExplicitDependencyGeneratePcm arm64 /tmp/solosoul-fe2-ios-root-insets-ui-20261008/DerivedData/ModuleCache.noindex/_Builtin_inttypes-A0D18Z730127NCI5LZQIDKVEM.pcm

SwiftExplicitDependencyGeneratePcm arm64 /tmp/solosoul-fe2-ios-root-insets-ui-20261008/DerivedData/ModuleCache.noindex/Darwin-BMH9BCM7SQUKZMBYVQ0K0OKNN.pcm

SwiftExplicitDependencyGeneratePcm x86_64 /tmp/solosoul-fe2-ios-root-insets-ui-20261008/DerivedData/ModuleCache.noindex/ObjectiveC-BIHZO0VR8ULAWIDBJKZ3KD0HB.pcm

SwiftExplicitDependencyGeneratePcm x86_64 /tmp/solosoul-fe2-ios-root-insets-ui-20261008/DerivedData/ModuleCache.noindex/MachO-336YY8NZ9MJ7YOE31VAFN7WXD.pcm

SwiftExplicitDependencyGeneratePcm arm64 /tmp/solosoul-fe2-ios-root-insets-ui-20261008/DerivedData/ModuleCache.noindex/ObjectiveC-99VJLZTCC3MWB7MHYO8ZG68HC.pcm

SwiftExplicitDependencyGeneratePcm arm64 /tmp/solosoul-fe2-ios-root-insets-ui-20261008/DerivedData/ModuleCache.noindex/MachO-15FNUVK4BIE262T2T6SOQ5HSD.pcm

SwiftExplicitDependencyGeneratePcm x86_64 /tmp/solosoul-fe2-ios-root-insets-ui-20261008/DerivedData/ModuleCache.noindex/os_object-4NP1L7951DV4WZTN1AYFD6AN3.pcm

SwiftExplicitDependencyGeneratePcm arm64 /tmp/solosoul-fe2-ios-root-insets-ui-20261008/DerivedData/ModuleCache.noindex/os_object-C2CVSP1JQ4N1BMUHBMVMB6IZ1.pcm

SwiftExplicitDependencyGeneratePcm x86_64 /tmp/solosoul-fe2-ios-root-insets-ui-20261008/DerivedData/ModuleCache.noindex/os_workgroup-7M8WDK8W1N2O6UYGAVXBRLLQN.pcm

SwiftExplicitDependencyGeneratePcm arm64 /tmp/solosoul-fe2-ios-root-insets-ui-20261008/DerivedData/ModuleCache.noindex/os_workgroup-6AUFP18NP1TK6EXVOOSVT7A96.pcm

SwiftExplicitDependencyGeneratePcm x86_64 /tmp/solosoul-fe2-ios-root-insets-ui-20261008/DerivedData/ModuleCache.noindex/Dispatch-9UYT6STX60D7G1UEQW1KJ0YGB.pcm

SwiftExplicitDependencyGeneratePcm arm64 /tmp/solosoul-fe2-ios-root-insets-ui-20261008/DerivedData/ModuleCache.noindex/Dispatch-1CG8O5UN3LBBD24G1K7CSG3YN.pcm

SwiftExplicitDependencyGeneratePcm x86_64 /tmp/solosoul-fe2-ios-root-insets-ui-20261008/DerivedData/ModuleCache.noindex/CoreFoundation-A8JBG4I9NXEMU1Q1SOT794N74.pcm

SwiftExplicitDependencyGeneratePcm x86_64 /tmp/solosoul-fe2-ios-root-insets-ui-20261008/DerivedData/ModuleCache.noindex/XPC-7BQGNSNXEBHBWNVKEOIU5CXH.pcm

SwiftExplicitDependencyGeneratePcm arm64 /tmp/solosoul-fe2-ios-root-insets-ui-20261008/DerivedData/ModuleCache.noindex/CoreFoundation-CEKVK12ZS5Y5S775V03842B10.pcm

SwiftExplicitDependencyGeneratePcm arm64 /tmp/solosoul-fe2-ios-root-insets-ui-20261008/DerivedData/ModuleCache.noindex/XPC-3Y0XTJ9EKNYNQKHZ5MKEEYBFN.pcm

SwiftExplicitDependencyGeneratePcm x86_64 /tmp/solosoul-fe2-ios-root-insets-ui-20261008/DerivedData/ModuleCache.noindex/os-51T17UEMY9AEEJ7PJTZ1IND1R.pcm

SwiftExplicitDependencyGeneratePcm arm64 /tmp/solosoul-fe2-ios-root-insets-ui-20261008/DerivedData/ModuleCache.noindex/os-4J6FRB6W5YIOV9KIE0GIE3YXT.pcm

SwiftExplicitDependencyGeneratePcm x86_64 /tmp/solosoul-fe2-ios-root-insets-ui-20261008/DerivedData/ModuleCache.noindex/CoreGraphics-ASA1WAYSX25J028D60FQMP265.pcm

SwiftExplicitDependencyGeneratePcm x86_64 /tmp/solosoul-fe2-ios-root-insets-ui-20261008/DerivedData/ModuleCache.noindex/Security-1F7E6T8F6SCV9Y3OSE0A0OL86.pcm

SwiftExplicitDependencyGeneratePcm x86_64 /tmp/solosoul-fe2-ios-root-insets-ui-20261008/DerivedData/ModuleCache.noindex/CFNetwork-DKMB40HB93BRDST60TEQ3U1HE.pcm

SwiftExplicitDependencyGeneratePcm arm64 /tmp/solosoul-fe2-ios-root-insets-ui-20261008/DerivedData/ModuleCache.noindex/Security-EKCV1G8IQCTF8M7WV6CQH97OL.pcm

SwiftExplicitDependencyGeneratePcm arm64 /tmp/solosoul-fe2-ios-root-insets-ui-20261008/DerivedData/ModuleCache.noindex/CoreGraphics-D8HZ9V3QTGNTH6NI7L7NHN0DV.pcm

SwiftExplicitDependencyGeneratePcm arm64 /tmp/solosoul-fe2-ios-root-insets-ui-20261008/DerivedData/ModuleCache.noindex/CFNetwork-ER0FNXZSSH4HX0R7ECT0U5O7O.pcm

SwiftExplicitDependencyGeneratePcm x86_64 /tmp/solosoul-fe2-ios-root-insets-ui-20261008/DerivedData/ModuleCache.noindex/Foundation-QHVPKSWKB8BPO4RQ0L24RBI6.pcm

SwiftExplicitDependencyGeneratePcm x86_64 /tmp/solosoul-fe2-ios-root-insets-ui-20261008/DerivedData/ModuleCache.noindex/CoreText-6FHCXLHJYU93Y6OYWVDC4W1IP.pcm

SwiftExplicitDependencyGeneratePcm x86_64 /tmp/solosoul-fe2-ios-root-insets-ui-20261008/DerivedData/ModuleCache.noindex/ImageIO-4DD0BSCVDLVI0PYPZDYHT4NA1.pcm

SwiftExplicitDependencyGeneratePcm arm64 /tmp/solosoul-fe2-ios-root-insets-ui-20261008/DerivedData/ModuleCache.noindex/Foundation-AIK4PBMRQHRORQZUAM9M7H9X.pcm

SwiftExplicitDependencyGeneratePcm arm64 /tmp/solosoul-fe2-ios-root-insets-ui-20261008/DerivedData/ModuleCache.noindex/ImageIO-30B53TTTJV3J6N73GKNL8MEB6.pcm

SwiftExplicitDependencyGeneratePcm arm64 /tmp/solosoul-fe2-ios-root-insets-ui-20261008/DerivedData/ModuleCache.noindex/CoreText-7NFVF46UTECZDG11DVVDLAZ83.pcm

SwiftExplicitDependencyGeneratePcm x86_64 /tmp/solosoul-fe2-ios-root-insets-ui-20261008/DerivedData/ModuleCache.noindex/FileProvider-2NOJ2XYYYG551J6Q0F424QLFP.pcm

SwiftExplicitDependencyGeneratePcm x86_64 /tmp/solosoul-fe2-ios-root-insets-ui-20261008/DerivedData/ModuleCache.noindex/IOSurface-5Q6OEUWGL8HPCPUT0AKX0T6W7.pcm

SwiftExplicitDependencyGeneratePcm x86_64 /tmp/solosoul-fe2-ios-root-insets-ui-20261008/DerivedData/ModuleCache.noindex/OpenGLES-DJH7UK3FLT0C6TIS53XEASMNT.pcm

SwiftExplicitDependencyGeneratePcm x86_64 /tmp/solosoul-fe2-ios-root-insets-ui-20261008/DerivedData/ModuleCache.noindex/UniformTypeIdentifiers-5L5KCUG5Q9LITNNV7Y2KWCRMI.pcm

SwiftExplicitDependencyGeneratePcm x86_64 /tmp/solosoul-fe2-ios-root-insets-ui-20261008/DerivedData/ModuleCache.noindex/CoreTransferable-6R1G5I8UREE0M6W9I3DH5IOYL.pcm

SwiftExplicitDependencyGeneratePcm x86_64 /tmp/solosoul-fe2-ios-root-insets-ui-20261008/DerivedData/ModuleCache.noindex/UserNotifications-E49FLR31S6QGQ0SACHNM0KAFV.pcm

SwiftExplicitDependencyGeneratePcm x86_64 /tmp/solosoul-fe2-ios-root-insets-ui-20261008/DerivedData/ModuleCache.noindex/UIUtilities-BCFB3UG1WQYRMIT56TO5NVLV3.pcm

SwiftExplicitDependencyGeneratePcm x86_64 /tmp/solosoul-fe2-ios-root-insets-ui-20261008/DerivedData/ModuleCache.noindex/Symbols-1GQ8VQ8UHPQK126S6I61X7AD9.pcm

SwiftExplicitDependencyGeneratePcm x86_64 /tmp/solosoul-fe2-ios-root-insets-ui-20261008/DerivedData/ModuleCache.noindex/DataDetection-EN1MNJV3NGF5BZOUO9DLE5M1R.pcm

SwiftExplicitDependencyGeneratePcm x86_64 /tmp/solosoul-fe2-ios-root-insets-ui-20261008/DerivedData/ModuleCache.noindex/Accessibility-23GG7VI4HYM0JP3LKF0FAB5HC.pcm

SwiftExplicitDependencyGeneratePcm x86_64 /tmp/solosoul-fe2-ios-root-insets-ui-20261008/DerivedData/ModuleCache.noindex/Metal-3MW1VA8TDX1YZUAKY525VBK7Z.pcm

SwiftExplicitDependencyGeneratePcm x86_64 /tmp/solosoul-fe2-ios-root-insets-ui-20261008/DerivedData/ModuleCache.noindex/OSLog-BJHD0J0FFO1IOZP8OQOOMB4TF.pcm

SwiftExplicitDependencyGeneratePcm arm64 /tmp/solosoul-fe2-ios-root-insets-ui-20261008/DerivedData/ModuleCache.noindex/Accessibility-5BW78WLJMF5TUFZZVJL6NF9OZ.pcm

SwiftExplicitDependencyGeneratePcm arm64 /tmp/solosoul-fe2-ios-root-insets-ui-20261008/DerivedData/ModuleCache.noindex/CoreTransferable-7TTB9SFL8DGNKVN5DZGWGZS8J.pcm

SwiftExplicitDependencyGeneratePcm arm64 /tmp/solosoul-fe2-ios-root-insets-ui-20261008/DerivedData/ModuleCache.noindex/IOSurface-UYMP4PH2N75B456RHE40MAK4.pcm

SwiftExplicitDependencyGeneratePcm arm64 /tmp/solosoul-fe2-ios-root-insets-ui-20261008/DerivedData/ModuleCache.noindex/UserNotifications-Q89YQTKNTSEMJF37D27TNR13.pcm

SwiftExplicitDependencyGeneratePcm arm64 /tmp/solosoul-fe2-ios-root-insets-ui-20261008/DerivedData/ModuleCache.noindex/OpenGLES-370J3S1HFQMUGEBNOGXQW9GQX.pcm

SwiftExplicitDependencyGeneratePcm arm64 /tmp/solosoul-fe2-ios-root-insets-ui-20261008/DerivedData/ModuleCache.noindex/UniformTypeIdentifiers-97CECJN6G9AD4ZUIYWWDCCA8E.pcm

SwiftExplicitDependencyGeneratePcm arm64 /tmp/solosoul-fe2-ios-root-insets-ui-20261008/DerivedData/ModuleCache.noindex/UIUtilities-9SKUKP4ZQN04GI7QU6J0ONZIU.pcm

SwiftExplicitDependencyGeneratePcm arm64 /tmp/solosoul-fe2-ios-root-insets-ui-20261008/DerivedData/ModuleCache.noindex/DataDetection-12RCVV7N9LILQC84IAC4CLNYX.pcm

SwiftExplicitDependencyGeneratePcm arm64 /tmp/solosoul-fe2-ios-root-insets-ui-20261008/DerivedData/ModuleCache.noindex/OSLog-EPWFQ4DW9AVACGGB0AFHO7T97.pcm

SwiftExplicitDependencyGeneratePcm x86_64 /tmp/solosoul-fe2-ios-root-insets-ui-20261008/DerivedData/ModuleCache.noindex/CoreVideo-1Z2F9RBEX61XSNZE8XHYTCEX4.pcm

SwiftExplicitDependencyGeneratePcm arm64 /tmp/solosoul-fe2-ios-root-insets-ui-20261008/DerivedData/ModuleCache.noindex/FileProvider-7PN6O7SEIUTV4RDARK52WPJY.pcm

SwiftExplicitDependencyGeneratePcm arm64 /tmp/solosoul-fe2-ios-root-insets-ui-20261008/DerivedData/ModuleCache.noindex/Symbols-DDA2CJUSGJIF60JBQQ0DJOOGR.pcm

SwiftExplicitDependencyGeneratePcm arm64 /tmp/solosoul-fe2-ios-root-insets-ui-20261008/DerivedData/ModuleCache.noindex/Metal-A97TR1KW9YPPBAFYXDUVM2U5U.pcm

SwiftExplicitDependencyGeneratePcm x86_64 /tmp/solosoul-fe2-ios-root-insets-ui-20261008/DerivedData/ModuleCache.noindex/CoreImage-5QDS9YW9XR7N6ZDT9H3I9DR7N.pcm

SwiftExplicitDependencyGeneratePcm x86_64 /tmp/solosoul-fe2-ios-root-insets-ui-20261008/DerivedData/ModuleCache.noindex/QuartzCore-E5DKY2QX0SLPUQNMZ1R6V324U.pcm

SwiftExplicitDependencyGeneratePcm x86_64 /tmp/solosoul-fe2-ios-root-insets-ui-20261008/DerivedData/ModuleCache.noindex/SwiftUICore-C15W7SIT0H124Y6HMLMUIHPOL.pcm

SwiftExplicitDependencyGeneratePcm x86_64 /tmp/solosoul-fe2-ios-root-insets-ui-20261008/DerivedData/ModuleCache.noindex/UIKit-887YW2OKY9PW6KI0WT6V60QHH.pcm

SwiftExplicitDependencyGeneratePcm arm64 /tmp/solosoul-fe2-ios-root-insets-ui-20261008/DerivedData/ModuleCache.noindex/CoreVideo-79NMRM4QYT3F5OWKXREPGZ9BD.pcm

SwiftExplicitDependencyGeneratePcm arm64 /tmp/solosoul-fe2-ios-root-insets-ui-20261008/DerivedData/ModuleCache.noindex/QuartzCore-AEY746O90USSE72ROG9Q7HIH6.pcm

SwiftExplicitDependencyGeneratePcm arm64 /tmp/solosoul-fe2-ios-root-insets-ui-20261008/DerivedData/ModuleCache.noindex/CoreImage-7O10BV7U8LF56B6E1PD7QJMVJ.pcm

SwiftExplicitDependencyGeneratePcm arm64 /tmp/solosoul-fe2-ios-root-insets-ui-20261008/DerivedData/ModuleCache.noindex/SwiftUICore-A81GOHC6REGCQI9R06VAO00XY.pcm

SwiftExplicitDependencyGeneratePcm arm64 /tmp/solosoul-fe2-ios-root-insets-ui-20261008/DerivedData/ModuleCache.noindex/UIKit-2T924TZ4DBLP5ZEC6NC427H6A.pcm

SwiftEmitModule normal x86_64 Emitting\ module\ for\ ProbeHost (in target 'ProbeHost' from project 'SoloSoulFE2UIProbe')
SwiftCompile normal x86_64 /tmp/solosoul-fe2-ios-root-insets-ui-20261008/Host/App.swift (in target 'ProbeHost' from project 'SoloSoulFE2UIProbe')
    cd /tmp/solosoul-fe2-ios-root-insets-ui-20261008
    

SwiftCompile normal x86_64 Compiling\ App.swift /tmp/solosoul-fe2-ios-root-insets-ui-20261008/Host/App.swift (in target 'ProbeHost' from project 'SoloSoulFE2UIProbe')
SwiftCompile normal x86_64 /tmp/solosoul-fe2-ios-root-insets-ui-20261008/Host/App.swift (in target 'ProbeHost' from project 'SoloSoulFE2UIProbe')
    cd /tmp/solosoul-fe2-ios-root-insets-ui-20261008
    

SwiftCompile normal arm64 Compiling\ App.swift /tmp/solosoul-fe2-ios-root-insets-ui-20261008/Host/App.swift (in target 'ProbeHost' from project 'SoloSoulFE2UIProbe')
SwiftCompile normal arm64 /tmp/solosoul-fe2-ios-root-insets-ui-20261008/Host/App.swift (in target 'ProbeHost' from project 'SoloSoulFE2UIProbe')
    cd /tmp/solosoul-fe2-ios-root-insets-ui-20261008
    

SwiftEmitModule normal arm64 Emitting\ module\ for\ ProbeHost (in target 'ProbeHost' from project 'SoloSoulFE2UIProbe')

SwiftCompile normal arm64 /tmp/solosoul-fe2-ios-root-insets-ui-20261008/Host/App.swift (in target 'ProbeHost' from project 'SoloSoulFE2UIProbe')
    cd /tmp/solosoul-fe2-ios-root-insets-ui-20261008
    

SwiftDriverJobDiscovery normal arm64 Emitting module for ProbeHost (in target 'ProbeHost' from project 'SoloSoulFE2UIProbe')

SwiftDriverJobDiscovery normal x86_64 Emitting module for ProbeHost (in target 'ProbeHost' from project 'SoloSoulFE2UIProbe')

SwiftDriver\ Compilation\ Requirements ProbeHost normal arm64 com.apple.xcode.tools.swift.compiler (in target 'ProbeHost' from project 'SoloSoulFE2UIProbe')
    cd /tmp/solosoul-fe2-ios-root-insets-ui-20261008
    builtin-Swift-Compilation-Requirements -- /Applications/Xcode.app/Contents/Developer/Toolchains/XcodeDefault.xctoolchain/usr/bin/swiftc -module-name ProbeHost -Onone -enforce-exclusivity\=checked @/tmp/solosoul-fe2-ios-root-insets-ui-20261008/DerivedData/Build/Intermediates.noindex/SoloSoulFE2UIProbe.build/Debug-iphonesimulator/ProbeHost.build/Objects-normal/arm64/ProbeHost.SwiftFileList -DDEBUG -enable-bare-slash-regex -enable-experimental-feature DebugDescriptionMacro -sdk /Applications/Xcode.app/Contents/Developer/Platforms/iPhoneSimulator.platform/Developer/SDKs/iPhoneSimulator26.2.sdk -target arm64-apple-ios14.0-simulator -g -module-cache-path /tmp/solosoul-fe2-ios-root-insets-ui-20261008/DerivedData/ModuleCache.noindex -Xfrontend -serialize-debugging-options -enable-testing -index-store-path /tmp/solosoul-fe2-ios-root-insets-ui-20261008/DerivedData/Index.noindex/DataStore -Xcc -D_LIBCPP_HARDENING_MODE\=_LIBCPP_HARDENING_MODE_DEBUG -swift-version 5 -I /tmp/solosoul-fe2-ios-root-insets-ui-20261008/DerivedData/Build/Products/Debug-iphonesimulator -F /tmp/solosoul-fe2-ios-root-insets-ui-20261008/DerivedData/Build/Products/Debug-iphonesimulator -parse-as-library -c -j8 -enable-batch-mode -incremental -Xcc -ivfsstatcache -Xcc /tmp/solosoul-fe2-ios-root-insets-ui-20261008/DerivedData/SDKStatCaches.noindex/iphonesimulator26.2-23C57-7d00a8b37fbd7999ea79df8ebc024bf0.sdkstatcache -output-file-map /tmp/solosoul-fe2-ios-root-insets-ui-20261008/DerivedData/Build/Intermediates.noindex/SoloSoulFE2UIProbe.build/Debug-iphonesimulator/ProbeHost.build/Objects-normal/arm64/ProbeHost-OutputFileMap.json -use-frontend-parseable-output -save-temps -no-color-diagnostics -explicit-module-build -module-cache-path /tmp/solosoul-fe2-ios-root-insets-ui-20261008/DerivedData/Build/Intermediates.noindex/SwiftExplicitPrecompiledModules -clang-scanner-module-cache-path /tmp/solosoul-fe2-ios-root-insets-ui-20261008/DerivedData/ModuleCache.noindex -sdk-module-cache-path /tmp/solosoul-fe2-ios-root-insets-ui-20261008/DerivedData/ModuleCache.noindex -serialize-diagnostics -emit-dependencies -emit-module -emit-module-path /tmp/solosoul-fe2-ios-root-insets-ui-20261008/DerivedData/Build/Intermediates.noindex/SoloSoulFE2UIProbe.build/Debug-iphonesimulator/ProbeHost.build/Objects-normal/arm64/ProbeHost.swiftmodule -validate-clang-modules-once -clang-build-session-file /tmp/solosoul-fe2-ios-root-insets-ui-20261008/DerivedData/ModuleCache.noindex/Session.modulevalidation -Xcc -I/tmp/solosoul-fe2-ios-root-insets-ui-20261008/DerivedData/Build/Intermediates.noindex/SoloSoulFE2UIProbe.build/Debug-iphonesimulator/ProbeHost.build/swift-overrides.hmap -emit-const-values -Xfrontend -const-gather-protocols-file -Xfrontend /tmp/solosoul-fe2-ios-root-insets-ui-20261008/DerivedData/Build/Intermediates.noindex/SoloSoulFE2UIProbe.build/Debug-iphonesimulator/ProbeHost.build/Objects-normal/arm64/ProbeHost_const_extract_protocols.json -Xcc -iquote -Xcc /tmp/solosoul-fe2-ios-root-insets-ui-20261008/DerivedData/Build/Intermediates.noindex/SoloSoulFE2UIProbe.build/Debug-iphonesimulator/ProbeHost.build/ProbeHost-generated-files.hmap -Xcc -I/tmp/solosoul-fe2-ios-root-insets-ui-20261008/DerivedData/Build/Intermediates.noindex/SoloSoulFE2UIProbe.build/Debug-iphonesimulator/ProbeHost.build/ProbeHost-own-target-headers.hmap -Xcc -I/tmp/solosoul-fe2-ios-root-insets-ui-20261008/DerivedData/Build/Intermediates.noindex/SoloSoulFE2UIProbe.build/Debug-iphonesimulator/ProbeHost.build/ProbeHost-all-target-headers.hmap -Xcc -iquote -Xcc /tmp/solosoul-fe2-ios-root-insets-ui-20261008/DerivedData/Build/Intermediates.noindex/SoloSoulFE2UIProbe.build/Debug-iphonesimulator/ProbeHost.build/ProbeHost-project-headers.hmap -Xcc -I/tmp/solosoul-fe2-ios-root-insets-ui-20261008/DerivedData/Build/Products/Debug-iphonesimulator/include -Xcc -I/tmp/solosoul-fe2-ios-root-insets-ui-20261008/DerivedData/Build/Intermediates.noindex/SoloSoulFE2UIProbe.build/Debug-iphonesimulator/ProbeHost.build/DerivedSources-normal/arm64 -Xcc -I/tmp/solosoul-fe2-ios-root-insets-ui-20261008/DerivedData/Build/Intermediates.noindex/SoloSoulFE2UIProbe.build/Debug-iphonesimulator/ProbeHost.build/DerivedSources/arm64 -Xcc -I/tmp/solosoul-fe2-ios-root-insets-ui-20261008/DerivedData/Build/Intermediates.noindex/SoloSoulFE2UIProbe.build/Debug-iphonesimulator/ProbeHost.build/DerivedSources -Xcc -DDEBUG\=1 -emit-objc-header -emit-objc-header-path /tmp/solosoul-fe2-ios-root-insets-ui-20261008/DerivedData/Build/Intermediates.noindex/SoloSoulFE2UIProbe.build/Debug-iphonesimulator/ProbeHost.build/Objects-normal/arm64/ProbeHost-Swift.h -working-directory /tmp/solosoul-fe2-ios-root-insets-ui-20261008 -experimental-emit-module-separately -disable-cmo

SwiftDriver\ Compilation\ Requirements ProbeHost normal x86_64 com.apple.xcode.tools.swift.compiler (in target 'ProbeHost' from project 'SoloSoulFE2UIProbe')
    cd /tmp/solosoul-fe2-ios-root-insets-ui-20261008
    builtin-Swift-Compilation-Requirements -- /Applications/Xcode.app/Contents/Developer/Toolchains/XcodeDefault.xctoolchain/usr/bin/swiftc -module-name ProbeHost -Onone -enforce-exclusivity\=checked @/tmp/solosoul-fe2-ios-root-insets-ui-20261008/DerivedData/Build/Intermediates.noindex/SoloSoulFE2UIProbe.build/Debug-iphonesimulator/ProbeHost.build/Objects-normal/x86_64/ProbeHost.SwiftFileList -DDEBUG -enable-bare-slash-regex -enable-experimental-feature DebugDescriptionMacro -sdk /Applications/Xcode.app/Contents/Developer/Platforms/iPhoneSimulator.platform/Developer/SDKs/iPhoneSimulator26.2.sdk -target x86_64-apple-ios14.0-simulator -g -module-cache-path /tmp/solosoul-fe2-ios-root-insets-ui-20261008/DerivedData/ModuleCache.noindex -Xfrontend -serialize-debugging-options -enable-testing -index-store-path /tmp/solosoul-fe2-ios-root-insets-ui-20261008/DerivedData/Index.noindex/DataStore -Xcc -D_LIBCPP_HARDENING_MODE\=_LIBCPP_HARDENING_MODE_DEBUG -swift-version 5 -I /tmp/solosoul-fe2-ios-root-insets-ui-20261008/DerivedData/Build/Products/Debug-iphonesimulator -F /tmp/solosoul-fe2-ios-root-insets-ui-20261008/DerivedData/Build/Products/Debug-iphonesimulator -parse-as-library -c -j8 -enable-batch-mode -incremental -Xcc -ivfsstatcache -Xcc /tmp/solosoul-fe2-ios-root-insets-ui-20261008/DerivedData/SDKStatCaches.noindex/iphonesimulator26.2-23C57-7d00a8b37fbd7999ea79df8ebc024bf0.sdkstatcache -output-file-map /tmp/solosoul-fe2-ios-root-insets-ui-20261008/DerivedData/Build/Intermediates.noindex/SoloSoulFE2UIProbe.build/Debug-iphonesimulator/ProbeHost.build/Objects-normal/x86_64/ProbeHost-OutputFileMap.json -use-frontend-parseable-output -save-temps -no-color-diagnostics -explicit-module-build -module-cache-path /tmp/solosoul-fe2-ios-root-insets-ui-20261008/DerivedData/Build/Intermediates.noindex/SwiftExplicitPrecompiledModules -clang-scanner-module-cache-path /tmp/solosoul-fe2-ios-root-insets-ui-20261008/DerivedData/ModuleCache.noindex -sdk-module-cache-path /tmp/solosoul-fe2-ios-root-insets-ui-20261008/DerivedData/ModuleCache.noindex -serialize-diagnostics -emit-dependencies -emit-module -emit-module-path /tmp/solosoul-fe2-ios-root-insets-ui-20261008/DerivedData/Build/Intermediates.noindex/SoloSoulFE2UIProbe.build/Debug-iphonesimulator/ProbeHost.build/Objects-normal/x86_64/ProbeHost.swiftmodule -validate-clang-modules-once -clang-build-session-file /tmp/solosoul-fe2-ios-root-insets-ui-20261008/DerivedData/ModuleCache.noindex/Session.modulevalidation -Xcc -I/tmp/solosoul-fe2-ios-root-insets-ui-20261008/DerivedData/Build/Intermediates.noindex/SoloSoulFE2UIProbe.build/Debug-iphonesimulator/ProbeHost.build/swift-overrides.hmap -emit-const-values -Xfrontend -const-gather-protocols-file -Xfrontend /tmp/solosoul-fe2-ios-root-insets-ui-20261008/DerivedData/Build/Intermediates.noindex/SoloSoulFE2UIProbe.build/Debug-iphonesimulator/ProbeHost.build/Objects-normal/x86_64/ProbeHost_const_extract_protocols.json -Xcc -iquote -Xcc /tmp/solosoul-fe2-ios-root-insets-ui-20261008/DerivedData/Build/Intermediates.noindex/SoloSoulFE2UIProbe.build/Debug-iphonesimulator/ProbeHost.build/ProbeHost-generated-files.hmap -Xcc -I/tmp/solosoul-fe2-ios-root-insets-ui-20261008/DerivedData/Build/Intermediates.noindex/SoloSoulFE2UIProbe.build/Debug-iphonesimulator/ProbeHost.build/ProbeHost-own-target-headers.hmap -Xcc -I/tmp/solosoul-fe2-ios-root-insets-ui-20261008/DerivedData/Build/Intermediates.noindex/SoloSoulFE2UIProbe.build/Debug-iphonesimulator/ProbeHost.build/ProbeHost-all-target-headers.hmap -Xcc -iquote -Xcc /tmp/solosoul-fe2-ios-root-insets-ui-20261008/DerivedData/Build/Intermediates.noindex/SoloSoulFE2UIProbe.build/Debug-iphonesimulator/ProbeHost.build/ProbeHost-project-headers.hmap -Xcc -I/tmp/solosoul-fe2-ios-root-insets-ui-20261008/DerivedData/Build/Products/Debug-iphonesimulator/include -Xcc -I/tmp/solosoul-fe2-ios-root-insets-ui-20261008/DerivedData/Build/Intermediates.noindex/SoloSoulFE2UIProbe.build/Debug-iphonesimulator/ProbeHost.build/DerivedSources-normal/x86_64 -Xcc -I/tmp/solosoul-fe2-ios-root-insets-ui-20261008/DerivedData/Build/Intermediates.noindex/SoloSoulFE2UIProbe.build/Debug-iphonesimulator/ProbeHost.build/DerivedSources/x86_64 -Xcc -I/tmp/solosoul-fe2-ios-root-insets-ui-20261008/DerivedData/Build/Intermediates.noindex/SoloSoulFE2UIProbe.build/Debug-iphonesimulator/ProbeHost.build/DerivedSources -Xcc -DDEBUG\=1 -emit-objc-header -emit-objc-header-path /tmp/solosoul-fe2-ios-root-insets-ui-20261008/DerivedData/Build/Intermediates.noindex/SoloSoulFE2UIProbe.build/Debug-iphonesimulator/ProbeHost.build/Objects-normal/x86_64/ProbeHost-Swift.h -working-directory /tmp/solosoul-fe2-ios-root-insets-ui-20261008 -experimental-emit-module-separately -disable-cmo

SwiftMergeGeneratedHeaders /tmp/solosoul-fe2-ios-root-insets-ui-20261008/DerivedData/Build/Intermediates.noindex/SoloSoulFE2UIProbe.build/Debug-iphonesimulator/ProbeHost.build/DerivedSources/ProbeHost-Swift.h /tmp/solosoul-fe2-ios-root-insets-ui-20261008/DerivedData/Build/Intermediates.noindex/SoloSoulFE2UIProbe.build/Debug-iphonesimulator/ProbeHost.build/Objects-normal/arm64/ProbeHost-Swift.h /tmp/solosoul-fe2-ios-root-insets-ui-20261008/DerivedData/Build/Intermediates.noindex/SoloSoulFE2UIProbe.build/Debug-iphonesimulator/ProbeHost.build/Objects-normal/x86_64/ProbeHost-Swift.h (in target 'ProbeHost' from project 'SoloSoulFE2UIProbe')
    cd /tmp/solosoul-fe2-ios-root-insets-ui-20261008
    builtin-swiftHeaderTool -arch arm64 /tmp/solosoul-fe2-ios-root-insets-ui-20261008/DerivedData/Build/Intermediates.noindex/SoloSoulFE2UIProbe.build/Debug-iphonesimulator/ProbeHost.build/Objects-normal/arm64/ProbeHost-Swift.h -arch x86_64 /tmp/solosoul-fe2-ios-root-insets-ui-20261008/DerivedData/Build/Intermediates.noindex/SoloSoulFE2UIProbe.build/Debug-iphonesimulator/ProbeHost.build/Objects-normal/x86_64/ProbeHost-Swift.h -o /tmp/solosoul-fe2-ios-root-insets-ui-20261008/DerivedData/Build/Intermediates.noindex/SoloSoulFE2UIProbe.build/Debug-iphonesimulator/ProbeHost.build/DerivedSources/ProbeHost-Swift.h

Copy /tmp/solosoul-fe2-ios-root-insets-ui-20261008/DerivedData/Build/Products/Debug-iphonesimulator/ProbeHost.swiftmodule/arm64-apple-ios-simulator.swiftdoc /tmp/solosoul-fe2-ios-root-insets-ui-20261008/DerivedData/Build/Intermediates.noindex/SoloSoulFE2UIProbe.build/Debug-iphonesimulator/ProbeHost.build/Objects-normal/arm64/ProbeHost.swiftdoc (in target 'ProbeHost' from project 'SoloSoulFE2UIProbe')
    cd /tmp/solosoul-fe2-ios-root-insets-ui-20261008
    builtin-copy -exclude .DS_Store -exclude CVS -exclude .svn -exclude .git -exclude .hg -resolve-src-symlinks -rename /tmp/solosoul-fe2-ios-root-insets-ui-20261008/DerivedData/Build/Intermediates.noindex/SoloSoulFE2UIProbe.build/Debug-iphonesimulator/ProbeHost.build/Objects-normal/arm64/ProbeHost.swiftdoc /tmp/solosoul-fe2-ios-root-insets-ui-20261008/DerivedData/Build/Products/Debug-iphonesimulator/ProbeHost.swiftmodule/arm64-apple-ios-simulator.swiftdoc

Copy /tmp/solosoul-fe2-ios-root-insets-ui-20261008/DerivedData/Build/Products/Debug-iphonesimulator/ProbeHost.swiftmodule/x86_64-apple-ios-simulator.swiftdoc /tmp/solosoul-fe2-ios-root-insets-ui-20261008/DerivedData/Build/Intermediates.noindex/SoloSoulFE2UIProbe.build/Debug-iphonesimulator/ProbeHost.build/Objects-normal/x86_64/ProbeHost.swiftdoc (in target 'ProbeHost' from project 'SoloSoulFE2UIProbe')
    cd /tmp/solosoul-fe2-ios-root-insets-ui-20261008
    builtin-copy -exclude .DS_Store -exclude CVS -exclude .svn -exclude .git -exclude .hg -resolve-src-symlinks -rename /tmp/solosoul-fe2-ios-root-insets-ui-20261008/DerivedData/Build/Intermediates.noindex/SoloSoulFE2UIProbe.build/Debug-iphonesimulator/ProbeHost.build/Objects-normal/x86_64/ProbeHost.swiftdoc /tmp/solosoul-fe2-ios-root-insets-ui-20261008/DerivedData/Build/Products/Debug-iphonesimulator/ProbeHost.swiftmodule/x86_64-apple-ios-simulator.swiftdoc

Copy /tmp/solosoul-fe2-ios-root-insets-ui-20261008/DerivedData/Build/Products/Debug-iphonesimulator/ProbeHost.swiftmodule/arm64-apple-ios-simulator.swiftmodule /tmp/solosoul-fe2-ios-root-insets-ui-20261008/DerivedData/Build/Intermediates.noindex/SoloSoulFE2UIProbe.build/Debug-iphonesimulator/ProbeHost.build/Objects-normal/arm64/ProbeHost.swiftmodule (in target 'ProbeHost' from project 'SoloSoulFE2UIProbe')
    cd /tmp/solosoul-fe2-ios-root-insets-ui-20261008
    builtin-copy -exclude .DS_Store -exclude CVS -exclude .svn -exclude .git -exclude .hg -resolve-src-symlinks -rename /tmp/solosoul-fe2-ios-root-insets-ui-20261008/DerivedData/Build/Intermediates.noindex/SoloSoulFE2UIProbe.build/Debug-iphonesimulator/ProbeHost.build/Objects-normal/arm64/ProbeHost.swiftmodule /tmp/solosoul-fe2-ios-root-insets-ui-20261008/DerivedData/Build/Products/Debug-iphonesimulator/ProbeHost.swiftmodule/arm64-apple-ios-simulator.swiftmodule

Copy /tmp/solosoul-fe2-ios-root-insets-ui-20261008/DerivedData/Build/Products/Debug-iphonesimulator/ProbeHost.swiftmodule/x86_64-apple-ios-simulator.swiftmodule /tmp/solosoul-fe2-ios-root-insets-ui-20261008/DerivedData/Build/Intermediates.noindex/SoloSoulFE2UIProbe.build/Debug-iphonesimulator/ProbeHost.build/Objects-normal/x86_64/ProbeHost.swiftmodule (in target 'ProbeHost' from project 'SoloSoulFE2UIProbe')
    cd /tmp/solosoul-fe2-ios-root-insets-ui-20261008
    builtin-copy -exclude .DS_Store -exclude CVS -exclude .svn -exclude .git -exclude .hg -resolve-src-symlinks -rename /tmp/solosoul-fe2-ios-root-insets-ui-20261008/DerivedData/Build/Intermediates.noindex/SoloSoulFE2UIProbe.build/Debug-iphonesimulator/ProbeHost.build/Objects-normal/x86_64/ProbeHost.swiftmodule /tmp/solosoul-fe2-ios-root-insets-ui-20261008/DerivedData/Build/Products/Debug-iphonesimulator/ProbeHost.swiftmodule/x86_64-apple-ios-simulator.swiftmodule

Copy /tmp/solosoul-fe2-ios-root-insets-ui-20261008/DerivedData/Build/Products/Debug-iphonesimulator/ProbeHost.swiftmodule/x86_64-apple-ios-simulator.abi.json /tmp/solosoul-fe2-ios-root-insets-ui-20261008/DerivedData/Build/Intermediates.noindex/SoloSoulFE2UIProbe.build/Debug-iphonesimulator/ProbeHost.build/Objects-normal/x86_64/ProbeHost.abi.json (in target 'ProbeHost' from project 'SoloSoulFE2UIProbe')
    cd /tmp/solosoul-fe2-ios-root-insets-ui-20261008
    builtin-copy -exclude .DS_Store -exclude CVS -exclude .svn -exclude .git -exclude .hg -resolve-src-symlinks -rename /tmp/solosoul-fe2-ios-root-insets-ui-20261008/DerivedData/Build/Intermediates.noindex/SoloSoulFE2UIProbe.build/Debug-iphonesimulator/ProbeHost.build/Objects-normal/x86_64/ProbeHost.abi.json /tmp/solosoul-fe2-ios-root-insets-ui-20261008/DerivedData/Build/Products/Debug-iphonesimulator/ProbeHost.swiftmodule/x86_64-apple-ios-simulator.abi.json

Copy /tmp/solosoul-fe2-ios-root-insets-ui-20261008/DerivedData/Build/Products/Debug-iphonesimulator/ProbeHost.swiftmodule/arm64-apple-ios-simulator.abi.json /tmp/solosoul-fe2-ios-root-insets-ui-20261008/DerivedData/Build/Intermediates.noindex/SoloSoulFE2UIProbe.build/Debug-iphonesimulator/ProbeHost.build/Objects-normal/arm64/ProbeHost.abi.json (in target 'ProbeHost' from project 'SoloSoulFE2UIProbe')
    cd /tmp/solosoul-fe2-ios-root-insets-ui-20261008
    builtin-copy -exclude .DS_Store -exclude CVS -exclude .svn -exclude .git -exclude .hg -resolve-src-symlinks -rename /tmp/solosoul-fe2-ios-root-insets-ui-20261008/DerivedData/Build/Intermediates.noindex/SoloSoulFE2UIProbe.build/Debug-iphonesimulator/ProbeHost.build/Objects-normal/arm64/ProbeHost.abi.json /tmp/solosoul-fe2-ios-root-insets-ui-20261008/DerivedData/Build/Products/Debug-iphonesimulator/ProbeHost.swiftmodule/arm64-apple-ios-simulator.abi.json

Copy /tmp/solosoul-fe2-ios-root-insets-ui-20261008/DerivedData/Build/Products/Debug-iphonesimulator/ProbeHost.swiftmodule/Project/x86_64-apple-ios-simulator.swiftsourceinfo /tmp/solosoul-fe2-ios-root-insets-ui-20261008/DerivedData/Build/Intermediates.noindex/SoloSoulFE2UIProbe.build/Debug-iphonesimulator/ProbeHost.build/Objects-normal/x86_64/ProbeHost.swiftsourceinfo (in target 'ProbeHost' from project 'SoloSoulFE2UIProbe')
    cd /tmp/solosoul-fe2-ios-root-insets-ui-20261008
    builtin-copy -exclude .DS_Store -exclude CVS -exclude .svn -exclude .git -exclude .hg -resolve-src-symlinks -rename /tmp/solosoul-fe2-ios-root-insets-ui-20261008/DerivedData/Build/Intermediates.noindex/SoloSoulFE2UIProbe.build/Debug-iphonesimulator/ProbeHost.build/Objects-normal/x86_64/ProbeHost.swiftsourceinfo /tmp/solosoul-fe2-ios-root-insets-ui-20261008/DerivedData/Build/Products/Debug-iphonesimulator/ProbeHost.swiftmodule/Project/x86_64-apple-ios-simulator.swiftsourceinfo

Copy /tmp/solosoul-fe2-ios-root-insets-ui-20261008/DerivedData/Build/Products/Debug-iphonesimulator/ProbeHost.swiftmodule/Project/arm64-apple-ios-simulator.swiftsourceinfo /tmp/solosoul-fe2-ios-root-insets-ui-20261008/DerivedData/Build/Intermediates.noindex/SoloSoulFE2UIProbe.build/Debug-iphonesimulator/ProbeHost.build/Objects-normal/arm64/ProbeHost.swiftsourceinfo (in target 'ProbeHost' from project 'SoloSoulFE2UIProbe')
    cd /tmp/solosoul-fe2-ios-root-insets-ui-20261008
    builtin-copy -exclude .DS_Store -exclude CVS -exclude .svn -exclude .git -exclude .hg -resolve-src-symlinks -rename /tmp/solosoul-fe2-ios-root-insets-ui-20261008/DerivedData/Build/Intermediates.noindex/SoloSoulFE2UIProbe.build/Debug-iphonesimulator/ProbeHost.build/Objects-normal/arm64/ProbeHost.swiftsourceinfo /tmp/solosoul-fe2-ios-root-insets-ui-20261008/DerivedData/Build/Products/Debug-iphonesimulator/ProbeHost.swiftmodule/Project/arm64-apple-ios-simulator.swiftsourceinfo

SwiftDriver ProbeTests normal arm64 com.apple.xcode.tools.swift.compiler (in target 'ProbeTests' from project 'SoloSoulFE2UIProbe')
    cd /tmp/solosoul-fe2-ios-root-insets-ui-20261008
    builtin-SwiftDriver -- /Applications/Xcode.app/Contents/Developer/Toolchains/XcodeDefault.xctoolchain/usr/bin/swiftc -module-name ProbeTests -Onone -enforce-exclusivity\=checked @/tmp/solosoul-fe2-ios-root-insets-ui-20261008/DerivedData/Build/Intermediates.noindex/SoloSoulFE2UIProbe.build/Debug-iphonesimulator/ProbeTests.build/Objects-normal/arm64/ProbeTests.SwiftFileList -DDEBUG -module-alias Testing\=_Testing_Unavailable -plugin-path /Applications/Xcode.app/Contents/Developer/Toolchains/XcodeDefault.xctoolchain/usr/lib/swift/host/plugins/testing -enable-bare-slash-regex -enable-experimental-feature DebugDescriptionMacro -sdk /Applications/Xcode.app/Contents/Developer/Platforms/iPhoneSimulator.platform/Developer/SDKs/iPhoneSimulator26.2.sdk -target arm64-apple-ios14.0-simulator -g -module-cache-path /tmp/solosoul-fe2-ios-root-insets-ui-20261008/DerivedData/ModuleCache.noindex -Xfrontend -serialize-debugging-options -enable-testing -index-store-path /tmp/solosoul-fe2-ios-root-insets-ui-20261008/DerivedData/Index.noindex/DataStore -Xcc -D_LIBCPP_HARDENING_MODE\=_LIBCPP_HARDENING_MODE_DEBUG -swift-version 5 -I /tmp/solosoul-fe2-ios-root-insets-ui-20261008/DerivedData/Build/Products/Debug-iphonesimulator -Isystem /Applications/Xcode.app/Contents/Developer/Platforms/iPhoneSimulator.platform/Developer/usr/lib -F /tmp/solosoul-fe2-ios-root-insets-ui-20261008/DerivedData/Build/Products/Debug-iphonesimulator -F /Applications/Xcode.app/Contents/Developer/Platforms/iPhoneSimulator.platform/Developer/Library/Frameworks -F /Applications/Xcode.app/Contents/Developer/Platforms/iPhoneSimulator.platform/Developer/SDKs/iPhoneSimulator26.2.sdk/Developer/Library/Frameworks -parse-as-library -c -j8 -enable-batch-mode -incremental -Xcc -ivfsstatcache -Xcc /tmp/solosoul-fe2-ios-root-insets-ui-20261008/DerivedData/SDKStatCaches.noindex/iphonesimulator26.2-23C57-7d00a8b37fbd7999ea79df8ebc024bf0.sdkstatcache -output-file-map /tmp/solosoul-fe2-ios-root-insets-ui-20261008/DerivedData/Build/Intermediates.noindex/SoloSoulFE2UIProbe.build/Debug-iphonesimulator/ProbeTests.build/Objects-normal/arm64/ProbeTests-OutputFileMap.json -use-frontend-parseable-output -save-temps -no-color-diagnostics -explicit-module-build -module-cache-path /tmp/solosoul-fe2-ios-root-insets-ui-20261008/DerivedData/Build/Intermediates.noindex/SwiftExplicitPrecompiledModules -clang-scanner-module-cache-path /tmp/solosoul-fe2-ios-root-insets-ui-20261008/DerivedData/ModuleCache.noindex -sdk-module-cache-path /tmp/solosoul-fe2-ios-root-insets-ui-20261008/DerivedData/ModuleCache.noindex -serialize-diagnostics -emit-dependencies -emit-module -emit-module-path /tmp/solosoul-fe2-ios-root-insets-ui-20261008/DerivedData/Build/Intermediates.noindex/SoloSoulFE2UIProbe.build/Debug-iphonesimulator/ProbeTests.build/Objects-normal/arm64/ProbeTests.swiftmodule -validate-clang-modules-once -clang-build-session-file /tmp/solosoul-fe2-ios-root-insets-ui-20261008/DerivedData/ModuleCache.noindex/Session.modulevalidation -Xcc -I/tmp/solosoul-fe2-ios-root-insets-ui-20261008/DerivedData/Build/Intermediates.noindex/SoloSoulFE2UIProbe.build/Debug-iphonesimulator/ProbeTests.build/swift-overrides.hmap -emit-const-values -Xfrontend -const-gather-protocols-file -Xfrontend /tmp/solosoul-fe2-ios-root-insets-ui-20261008/DerivedData/Build/Intermediates.noindex/SoloSoulFE2UIProbe.build/Debug-iphonesimulator/ProbeTests.build/Objects-normal/arm64/ProbeTests_const_extract_protocols.json -Xcc -iquote -Xcc /tmp/solosoul-fe2-ios-root-insets-ui-20261008/DerivedData/Build/Intermediates.noindex/SoloSoulFE2UIProbe.build/Debug-iphonesimulator/ProbeTests.build/ProbeTests-generated-files.hmap -Xcc -I/tmp/solosoul-fe2-ios-root-insets-ui-20261008/DerivedData/Build/Intermediates.noindex/SoloSoulFE2UIProbe.build/Debug-iphonesimulator/ProbeTests.build/ProbeTests-own-target-headers.hmap -Xcc -I/tmp/solosoul-fe2-ios-root-insets-ui-20261008/DerivedData/Build/Intermediates.noindex/SoloSoulFE2UIProbe.build/Debug-iphonesimulator/ProbeTests.build/ProbeTests-all-target-headers.hmap -Xcc -iquote -Xcc /tmp/solosoul-fe2-ios-root-insets-ui-20261008/DerivedData/Build/Intermediates.noindex/SoloSoulFE2UIProbe.build/Debug-iphonesimulator/ProbeTests.build/ProbeTests-project-headers.hmap -Xcc -I/tmp/solosoul-fe2-ios-root-insets-ui-20261008/DerivedData/Build/Products/Debug-iphonesimulator/include -Xcc -I/tmp/solosoul-fe2-ios-root-insets-ui-20261008/DerivedData/Build/Intermediates.noindex/SoloSoulFE2UIProbe.build/Debug-iphonesimulator/ProbeTests.build/DerivedSources-normal/arm64 -Xcc -I/tmp/solosoul-fe2-ios-root-insets-ui-20261008/DerivedData/Build/Intermediates.noindex/SoloSoulFE2UIProbe.build/Debug-iphonesimulator/ProbeTests.build/DerivedSources/arm64 -Xcc -I/tmp/solosoul-fe2-ios-root-insets-ui-20261008/DerivedData/Build/Intermediates.noindex/SoloSoulFE2UIProbe.build/Debug-iphonesimulator/ProbeTests.build/DerivedSources -Xcc -DDEBUG\=1 -emit-objc-header -emit-objc-header-path /tmp/solosoul-fe2-ios-root-insets-ui-20261008/DerivedData/Build/Intermediates.noindex/SoloSoulFE2UIProbe.build/Debug-iphonesimulator/ProbeTests.build/Objects-normal/arm64/ProbeTests-Swift.h -working-directory /tmp/solosoul-fe2-ios-root-insets-ui-20261008 -experimental-emit-module-separately -disable-cmo

SwiftDriver ProbeTests normal x86_64 com.apple.xcode.tools.swift.compiler (in target 'ProbeTests' from project 'SoloSoulFE2UIProbe')
    cd /tmp/solosoul-fe2-ios-root-insets-ui-20261008
    builtin-SwiftDriver -- /Applications/Xcode.app/Contents/Developer/Toolchains/XcodeDefault.xctoolchain/usr/bin/swiftc -module-name ProbeTests -Onone -enforce-exclusivity\=checked @/tmp/solosoul-fe2-ios-root-insets-ui-20261008/DerivedData/Build/Intermediates.noindex/SoloSoulFE2UIProbe.build/Debug-iphonesimulator/ProbeTests.build/Objects-normal/x86_64/ProbeTests.SwiftFileList -DDEBUG -module-alias Testing\=_Testing_Unavailable -plugin-path /Applications/Xcode.app/Contents/Developer/Toolchains/XcodeDefault.xctoolchain/usr/lib/swift/host/plugins/testing -enable-bare-slash-regex -enable-experimental-feature DebugDescriptionMacro -sdk /Applications/Xcode.app/Contents/Developer/Platforms/iPhoneSimulator.platform/Developer/SDKs/iPhoneSimulator26.2.sdk -target x86_64-apple-ios14.0-simulator -g -module-cache-path /tmp/solosoul-fe2-ios-root-insets-ui-20261008/DerivedData/ModuleCache.noindex -Xfrontend -serialize-debugging-options -enable-testing -index-store-path /tmp/solosoul-fe2-ios-root-insets-ui-20261008/DerivedData/Index.noindex/DataStore -Xcc -D_LIBCPP_HARDENING_MODE\=_LIBCPP_HARDENING_MODE_DEBUG -swift-version 5 -I /tmp/solosoul-fe2-ios-root-insets-ui-20261008/DerivedData/Build/Products/Debug-iphonesimulator -Isystem /Applications/Xcode.app/Contents/Developer/Platforms/iPhoneSimulator.platform/Developer/usr/lib -F /tmp/solosoul-fe2-ios-root-insets-ui-20261008/DerivedData/Build/Products/Debug-iphonesimulator -F /Applications/Xcode.app/Contents/Developer/Platforms/iPhoneSimulator.platform/Developer/Library/Frameworks -F /Applications/Xcode.app/Contents/Developer/Platforms/iPhoneSimulator.platform/Developer/SDKs/iPhoneSimulator26.2.sdk/Developer/Library/Frameworks -parse-as-library -c -j8 -enable-batch-mode -incremental -Xcc -ivfsstatcache -Xcc /tmp/solosoul-fe2-ios-root-insets-ui-20261008/DerivedData/SDKStatCaches.noindex/iphonesimulator26.2-23C57-7d00a8b37fbd7999ea79df8ebc024bf0.sdkstatcache -output-file-map /tmp/solosoul-fe2-ios-root-insets-ui-20261008/DerivedData/Build/Intermediates.noindex/SoloSoulFE2UIProbe.build/Debug-iphonesimulator/ProbeTests.build/Objects-normal/x86_64/ProbeTests-OutputFileMap.json -use-frontend-parseable-output -save-temps -no-color-diagnostics -explicit-module-build -module-cache-path /tmp/solosoul-fe2-ios-root-insets-ui-20261008/DerivedData/Build/Intermediates.noindex/SwiftExplicitPrecompiledModules -clang-scanner-module-cache-path /tmp/solosoul-fe2-ios-root-insets-ui-20261008/DerivedData/ModuleCache.noindex -sdk-module-cache-path /tmp/solosoul-fe2-ios-root-insets-ui-20261008/DerivedData/ModuleCache.noindex -serialize-diagnostics -emit-dependencies -emit-module -emit-module-path /tmp/solosoul-fe2-ios-root-insets-ui-20261008/DerivedData/Build/Intermediates.noindex/SoloSoulFE2UIProbe.build/Debug-iphonesimulator/ProbeTests.build/Objects-normal/x86_64/ProbeTests.swiftmodule -validate-clang-modules-once -clang-build-session-file /tmp/solosoul-fe2-ios-root-insets-ui-20261008/DerivedData/ModuleCache.noindex/Session.modulevalidation -Xcc -I/tmp/solosoul-fe2-ios-root-insets-ui-20261008/DerivedData/Build/Intermediates.noindex/SoloSoulFE2UIProbe.build/Debug-iphonesimulator/ProbeTests.build/swift-overrides.hmap -emit-const-values -Xfrontend -const-gather-protocols-file -Xfrontend /tmp/solosoul-fe2-ios-root-insets-ui-20261008/DerivedData/Build/Intermediates.noindex/SoloSoulFE2UIProbe.build/Debug-iphonesimulator/ProbeTests.build/Objects-normal/x86_64/ProbeTests_const_extract_protocols.json -Xcc -iquote -Xcc /tmp/solosoul-fe2-ios-root-insets-ui-20261008/DerivedData/Build/Intermediates.noindex/SoloSoulFE2UIProbe.build/Debug-iphonesimulator/ProbeTests.build/ProbeTests-generated-files.hmap -Xcc -I/tmp/solosoul-fe2-ios-root-insets-ui-20261008/DerivedData/Build/Intermediates.noindex/SoloSoulFE2UIProbe.build/Debug-iphonesimulator/ProbeTests.build/ProbeTests-own-target-headers.hmap -Xcc -I/tmp/solosoul-fe2-ios-root-insets-ui-20261008/DerivedData/Build/Intermediates.noindex/SoloSoulFE2UIProbe.build/Debug-iphonesimulator/ProbeTests.build/ProbeTests-all-target-headers.hmap -Xcc -iquote -Xcc /tmp/solosoul-fe2-ios-root-insets-ui-20261008/DerivedData/Build/Intermediates.noindex/SoloSoulFE2UIProbe.build/Debug-iphonesimulator/ProbeTests.build/ProbeTests-project-headers.hmap -Xcc -I/tmp/solosoul-fe2-ios-root-insets-ui-20261008/DerivedData/Build/Products/Debug-iphonesimulator/include -Xcc -I/tmp/solosoul-fe2-ios-root-insets-ui-20261008/DerivedData/Build/Intermediates.noindex/SoloSoulFE2UIProbe.build/Debug-iphonesimulator/ProbeTests.build/DerivedSources-normal/x86_64 -Xcc -I/tmp/solosoul-fe2-ios-root-insets-ui-20261008/DerivedData/Build/Intermediates.noindex/SoloSoulFE2UIProbe.build/Debug-iphonesimulator/ProbeTests.build/DerivedSources/x86_64 -Xcc -I/tmp/solosoul-fe2-ios-root-insets-ui-20261008/DerivedData/Build/Intermediates.noindex/SoloSoulFE2UIProbe.build/Debug-iphonesimulator/ProbeTests.build/DerivedSources -Xcc -DDEBUG\=1 -emit-objc-header -emit-objc-header-path /tmp/solosoul-fe2-ios-root-insets-ui-20261008/DerivedData/Build/Intermediates.noindex/SoloSoulFE2UIProbe.build/Debug-iphonesimulator/ProbeTests.build/Objects-normal/x86_64/ProbeTests-Swift.h -working-directory /tmp/solosoul-fe2-ios-root-insets-ui-20261008 -experimental-emit-module-separately -disable-cmo

SwiftExplicitDependencyGeneratePcm x86_64 /tmp/solosoul-fe2-ios-root-insets-ui-20261008/DerivedData/Build/Intermediates.noindex/SwiftExplicitPrecompiledModules/XCUIAutomation-62F7OENHRA56C1G64LAO11OE3.pcm

SwiftExplicitDependencyGeneratePcm arm64 /tmp/solosoul-fe2-ios-root-insets-ui-20261008/DerivedData/Build/Intermediates.noindex/SwiftExplicitPrecompiledModules/XCUIAutomation-AXT4UM8INL2HHIINBHJA7I0A1.pcm

SwiftExplicitDependencyGeneratePcm x86_64 /tmp/solosoul-fe2-ios-root-insets-ui-20261008/DerivedData/Build/Intermediates.noindex/SwiftExplicitPrecompiledModules/XCTest-4KNW0350M0MXZLEA3BFXWYL9J.pcm

SwiftExplicitDependencyCompileModuleFromInterface x86_64 /tmp/solosoul-fe2-ios-root-insets-ui-20261008/DerivedData/Build/Intermediates.noindex/SwiftExplicitPrecompiledModules/XCUIAutomation-PLUKAJPEUIGZ.swiftmodule

SwiftExplicitDependencyGeneratePcm arm64 /tmp/solosoul-fe2-ios-root-insets-ui-20261008/DerivedData/Build/Intermediates.noindex/SwiftExplicitPrecompiledModules/XCTest-D3JLY7EJMO4OVDOAPYM1MO562.pcm

SwiftExplicitDependencyCompileModuleFromInterface arm64 /tmp/solosoul-fe2-ios-root-insets-ui-20261008/DerivedData/Build/Intermediates.noindex/SwiftExplicitPrecompiledModules/XCUIAutomation-3AOL8IAA6QO6V.swiftmodule

SwiftExplicitDependencyCompileModuleFromInterface arm64 /tmp/solosoul-fe2-ios-root-insets-ui-20261008/DerivedData/Build/Intermediates.noindex/SwiftExplicitPrecompiledModules/XCTest-2W05GPP3DKOCM.swiftmodule

SwiftExplicitDependencyCompileModuleFromInterface x86_64 /tmp/solosoul-fe2-ios-root-insets-ui-20261008/DerivedData/Build/Intermediates.noindex/SwiftExplicitPrecompiledModules/XCTest-1HFILKWP4IINA.swiftmodule

SwiftEmitModule normal arm64 Emitting\ module\ for\ ProbeTests (in target 'ProbeTests' from project 'SoloSoulFE2UIProbe')

SwiftCompile normal arm64 /tmp/solosoul-fe2-ios-root-insets-ui-20261008/Tests/ProbeTests.swift (in target 'ProbeTests' from project 'SoloSoulFE2UIProbe')
    cd /tmp/solosoul-fe2-ios-root-insets-ui-20261008
    

SwiftCompile normal arm64 Compiling\ ProbeTests.swift /tmp/solosoul-fe2-ios-root-insets-ui-20261008/Tests/ProbeTests.swift (in target 'ProbeTests' from project 'SoloSoulFE2UIProbe')

SwiftCompile normal arm64 /tmp/solosoul-fe2-ios-root-insets-ui-20261008/Tests/ProbeTests.swift (in target 'ProbeTests' from project 'SoloSoulFE2UIProbe')
    cd /tmp/solosoul-fe2-ios-root-insets-ui-20261008
    

SwiftEmitModule normal x86_64 Emitting\ module\ for\ ProbeTests (in target 'ProbeTests' from project 'SoloSoulFE2UIProbe')

SwiftCompile normal x86_64 /tmp/solosoul-fe2-ios-root-insets-ui-20261008/Tests/ProbeTests.swift (in target 'ProbeTests' from project 'SoloSoulFE2UIProbe')
    cd /tmp/solosoul-fe2-ios-root-insets-ui-20261008
    

SwiftCompile normal x86_64 Compiling\ ProbeTests.swift /tmp/solosoul-fe2-ios-root-insets-ui-20261008/Tests/ProbeTests.swift (in target 'ProbeTests' from project 'SoloSoulFE2UIProbe')

SwiftCompile normal x86_64 /tmp/solosoul-fe2-ios-root-insets-ui-20261008/Tests/ProbeTests.swift (in target 'ProbeTests' from project 'SoloSoulFE2UIProbe')
    cd /tmp/solosoul-fe2-ios-root-insets-ui-20261008
    

SwiftDriverJobDiscovery normal arm64 Emitting module for ProbeTests (in target 'ProbeTests' from project 'SoloSoulFE2UIProbe')

SwiftDriver\ Compilation\ Requirements ProbeTests normal arm64 com.apple.xcode.tools.swift.compiler (in target 'ProbeTests' from project 'SoloSoulFE2UIProbe')
    cd /tmp/solosoul-fe2-ios-root-insets-ui-20261008
    builtin-Swift-Compilation-Requirements -- /Applications/Xcode.app/Contents/Developer/Toolchains/XcodeDefault.xctoolchain/usr/bin/swiftc -module-name ProbeTests -Onone -enforce-exclusivity\=checked @/tmp/solosoul-fe2-ios-root-insets-ui-20261008/DerivedData/Build/Intermediates.noindex/SoloSoulFE2UIProbe.build/Debug-iphonesimulator/ProbeTests.build/Objects-normal/arm64/ProbeTests.SwiftFileList -DDEBUG -module-alias Testing\=_Testing_Unavailable -plugin-path /Applications/Xcode.app/Contents/Developer/Toolchains/XcodeDefault.xctoolchain/usr/lib/swift/host/plugins/testing -enable-bare-slash-regex -enable-experimental-feature DebugDescriptionMacro -sdk /Applications/Xcode.app/Contents/Developer/Platforms/iPhoneSimulator.platform/Developer/SDKs/iPhoneSimulator26.2.sdk -target arm64-apple-ios14.0-simulator -g -module-cache-path /tmp/solosoul-fe2-ios-root-insets-ui-20261008/DerivedData/ModuleCache.noindex -Xfrontend -serialize-debugging-options -enable-testing -index-store-path /tmp/solosoul-fe2-ios-root-insets-ui-20261008/DerivedData/Index.noindex/DataStore -Xcc -D_LIBCPP_HARDENING_MODE\=_LIBCPP_HARDENING_MODE_DEBUG -swift-version 5 -I /tmp/solosoul-fe2-ios-root-insets-ui-20261008/DerivedData/Build/Products/Debug-iphonesimulator -Isystem /Applications/Xcode.app/Contents/Developer/Platforms/iPhoneSimulator.platform/Developer/usr/lib -F /tmp/solosoul-fe2-ios-root-insets-ui-20261008/DerivedData/Build/Products/Debug-iphonesimulator -F /Applications/Xcode.app/Contents/Developer/Platforms/iPhoneSimulator.platform/Developer/Library/Frameworks -F /Applications/Xcode.app/Contents/Developer/Platforms/iPhoneSimulator.platform/Developer/SDKs/iPhoneSimulator26.2.sdk/Developer/Library/Frameworks -parse-as-library -c -j8 -enable-batch-mode -incremental -Xcc -ivfsstatcache -Xcc /tmp/solosoul-fe2-ios-root-insets-ui-20261008/DerivedData/SDKStatCaches.noindex/iphonesimulator26.2-23C57-7d00a8b37fbd7999ea79df8ebc024bf0.sdkstatcache -output-file-map /tmp/solosoul-fe2-ios-root-insets-ui-20261008/DerivedData/Build/Intermediates.noindex/SoloSoulFE2UIProbe.build/Debug-iphonesimulator/ProbeTests.build/Objects-normal/arm64/ProbeTests-OutputFileMap.json -use-frontend-parseable-output -save-temps -no-color-diagnostics -explicit-module-build -module-cache-path /tmp/solosoul-fe2-ios-root-insets-ui-20261008/DerivedData/Build/Intermediates.noindex/SwiftExplicitPrecompiledModules -clang-scanner-module-cache-path /tmp/solosoul-fe2-ios-root-insets-ui-20261008/DerivedData/ModuleCache.noindex -sdk-module-cache-path /tmp/solosoul-fe2-ios-root-insets-ui-20261008/DerivedData/ModuleCache.noindex -serialize-diagnostics -emit-dependencies -emit-module -emit-module-path /tmp/solosoul-fe2-ios-root-insets-ui-20261008/DerivedData/Build/Intermediates.noindex/SoloSoulFE2UIProbe.build/Debug-iphonesimulator/ProbeTests.build/Objects-normal/arm64/ProbeTests.swiftmodule -validate-clang-modules-once -clang-build-session-file /tmp/solosoul-fe2-ios-root-insets-ui-20261008/DerivedData/ModuleCache.noindex/Session.modulevalidation -Xcc -I/tmp/solosoul-fe2-ios-root-insets-ui-20261008/DerivedData/Build/Intermediates.noindex/SoloSoulFE2UIProbe.build/Debug-iphonesimulator/ProbeTests.build/swift-overrides.hmap -emit-const-values -Xfrontend -const-gather-protocols-file -Xfrontend /tmp/solosoul-fe2-ios-root-insets-ui-20261008/DerivedData/Build/Intermediates.noindex/SoloSoulFE2UIProbe.build/Debug-iphonesimulator/ProbeTests.build/Objects-normal/arm64/ProbeTests_const_extract_protocols.json -Xcc -iquote -Xcc /tmp/solosoul-fe2-ios-root-insets-ui-20261008/DerivedData/Build/Intermediates.noindex/SoloSoulFE2UIProbe.build/Debug-iphonesimulator/ProbeTests.build/ProbeTests-generated-files.hmap -Xcc -I/tmp/solosoul-fe2-ios-root-insets-ui-20261008/DerivedData/Build/Intermediates.noindex/SoloSoulFE2UIProbe.build/Debug-iphonesimulator/ProbeTests.build/ProbeTests-own-target-headers.hmap -Xcc -I/tmp/solosoul-fe2-ios-root-insets-ui-20261008/DerivedData/Build/Intermediates.noindex/SoloSoulFE2UIProbe.build/Debug-iphonesimulator/ProbeTests.build/ProbeTests-all-target-headers.hmap -Xcc -iquote -Xcc /tmp/solosoul-fe2-ios-root-insets-ui-20261008/DerivedData/Build/Intermediates.noindex/SoloSoulFE2UIProbe.build/Debug-iphonesimulator/ProbeTests.build/ProbeTests-project-headers.hmap -Xcc -I/tmp/solosoul-fe2-ios-root-insets-ui-20261008/DerivedData/Build/Products/Debug-iphonesimulator/include -Xcc -I/tmp/solosoul-fe2-ios-root-insets-ui-20261008/DerivedData/Build/Intermediates.noindex/SoloSoulFE2UIProbe.build/Debug-iphonesimulator/ProbeTests.build/DerivedSources-normal/arm64 -Xcc -I/tmp/solosoul-fe2-ios-root-insets-ui-20261008/DerivedData/Build/Intermediates.noindex/SoloSoulFE2UIProbe.build/Debug-iphonesimulator/ProbeTests.build/DerivedSources/arm64 -Xcc -I/tmp/solosoul-fe2-ios-root-insets-ui-20261008/DerivedData/Build/Intermediates.noindex/SoloSoulFE2UIProbe.build/Debug-iphonesimulator/ProbeTests.build/DerivedSources -Xcc -DDEBUG\=1 -emit-objc-header -emit-objc-header-path /tmp/solosoul-fe2-ios-root-insets-ui-20261008/DerivedData/Build/Intermediates.noindex/SoloSoulFE2UIProbe.build/Debug-iphonesimulator/ProbeTests.build/Objects-normal/arm64/ProbeTests-Swift.h -working-directory /tmp/solosoul-fe2-ios-root-insets-ui-20261008 -experimental-emit-module-separately -disable-cmo

Copy /tmp/solosoul-fe2-ios-root-insets-ui-20261008/DerivedData/Build/Products/Debug-iphonesimulator/ProbeTests.swiftmodule/arm64-apple-ios-simulator.swiftdoc /tmp/solosoul-fe2-ios-root-insets-ui-20261008/DerivedData/Build/Intermediates.noindex/SoloSoulFE2UIProbe.build/Debug-iphonesimulator/ProbeTests.build/Objects-normal/arm64/ProbeTests.swiftdoc (in target 'ProbeTests' from project 'SoloSoulFE2UIProbe')
    cd /tmp/solosoul-fe2-ios-root-insets-ui-20261008
    builtin-copy -exclude .DS_Store -exclude CVS -exclude .svn -exclude .git -exclude .hg -resolve-src-symlinks -rename /tmp/solosoul-fe2-ios-root-insets-ui-20261008/DerivedData/Build/Intermediates.noindex/SoloSoulFE2UIProbe.build/Debug-iphonesimulator/ProbeTests.build/Objects-normal/arm64/ProbeTests.swiftdoc /tmp/solosoul-fe2-ios-root-insets-ui-20261008/DerivedData/Build/Products/Debug-iphonesimulator/ProbeTests.swiftmodule/arm64-apple-ios-simulator.swiftdoc

Copy /tmp/solosoul-fe2-ios-root-insets-ui-20261008/DerivedData/Build/Products/Debug-iphonesimulator/ProbeTests.swiftmodule/arm64-apple-ios-simulator.abi.json /tmp/solosoul-fe2-ios-root-insets-ui-20261008/DerivedData/Build/Intermediates.noindex/SoloSoulFE2UIProbe.build/Debug-iphonesimulator/ProbeTests.build/Objects-normal/arm64/ProbeTests.abi.json (in target 'ProbeTests' from project 'SoloSoulFE2UIProbe')
    cd /tmp/solosoul-fe2-ios-root-insets-ui-20261008
    builtin-copy -exclude .DS_Store -exclude CVS -exclude .svn -exclude .git -exclude .hg -resolve-src-symlinks -rename /tmp/solosoul-fe2-ios-root-insets-ui-20261008/DerivedData/Build/Intermediates.noindex/SoloSoulFE2UIProbe.build/Debug-iphonesimulator/ProbeTests.build/Objects-normal/arm64/ProbeTests.abi.json /tmp/solosoul-fe2-ios-root-insets-ui-20261008/DerivedData/Build/Products/Debug-iphonesimulator/ProbeTests.swiftmodule/arm64-apple-ios-simulator.abi.json

Copy /tmp/solosoul-fe2-ios-root-insets-ui-20261008/DerivedData/Build/Products/Debug-iphonesimulator/ProbeTests.swiftmodule/arm64-apple-ios-simulator.swiftmodule /tmp/solosoul-fe2-ios-root-insets-ui-20261008/DerivedData/Build/Intermediates.noindex/SoloSoulFE2UIProbe.build/Debug-iphonesimulator/ProbeTests.build/Objects-normal/arm64/ProbeTests.swiftmodule (in target 'ProbeTests' from project 'SoloSoulFE2UIProbe')
    cd /tmp/solosoul-fe2-ios-root-insets-ui-20261008
    builtin-copy -exclude .DS_Store -exclude CVS -exclude .svn -exclude .git -exclude .hg -resolve-src-symlinks -rename /tmp/solosoul-fe2-ios-root-insets-ui-20261008/DerivedData/Build/Intermediates.noindex/SoloSoulFE2UIProbe.build/Debug-iphonesimulator/ProbeTests.build/Objects-normal/arm64/ProbeTests.swiftmodule /tmp/solosoul-fe2-ios-root-insets-ui-20261008/DerivedData/Build/Products/Debug-iphonesimulator/ProbeTests.swiftmodule/arm64-apple-ios-simulator.swiftmodule

Copy /tmp/solosoul-fe2-ios-root-insets-ui-20261008/DerivedData/Build/Products/Debug-iphonesimulator/ProbeTests.swiftmodule/Project/arm64-apple-ios-simulator.swiftsourceinfo /tmp/solosoul-fe2-ios-root-insets-ui-20261008/DerivedData/Build/Intermediates.noindex/SoloSoulFE2UIProbe.build/Debug-iphonesimulator/ProbeTests.build/Objects-normal/arm64/ProbeTests.swiftsourceinfo (in target 'ProbeTests' from project 'SoloSoulFE2UIProbe')
    cd /tmp/solosoul-fe2-ios-root-insets-ui-20261008
    builtin-copy -exclude .DS_Store -exclude CVS -exclude .svn -exclude .git -exclude .hg -resolve-src-symlinks -rename /tmp/solosoul-fe2-ios-root-insets-ui-20261008/DerivedData/Build/Intermediates.noindex/SoloSoulFE2UIProbe.build/Debug-iphonesimulator/ProbeTests.build/Objects-normal/arm64/ProbeTests.swiftsourceinfo /tmp/solosoul-fe2-ios-root-insets-ui-20261008/DerivedData/Build/Products/Debug-iphonesimulator/ProbeTests.swiftmodule/Project/arm64-apple-ios-simulator.swiftsourceinfo

SwiftDriverJobDiscovery normal x86_64 Emitting module for ProbeTests (in target 'ProbeTests' from project 'SoloSoulFE2UIProbe')

SwiftDriver\ Compilation\ Requirements ProbeTests normal x86_64 com.apple.xcode.tools.swift.compiler (in target 'ProbeTests' from project 'SoloSoulFE2UIProbe')
    cd /tmp/solosoul-fe2-ios-root-insets-ui-20261008
    builtin-Swift-Compilation-Requirements -- /Applications/Xcode.app/Contents/Developer/Toolchains/XcodeDefault.xctoolchain/usr/bin/swiftc -module-name ProbeTests -Onone -enforce-exclusivity\=checked @/tmp/solosoul-fe2-ios-root-insets-ui-20261008/DerivedData/Build/Intermediates.noindex/SoloSoulFE2UIProbe.build/Debug-iphonesimulator/ProbeTests.build/Objects-normal/x86_64/ProbeTests.SwiftFileList -DDEBUG -module-alias Testing\=_Testing_Unavailable -plugin-path /Applications/Xcode.app/Contents/Developer/Toolchains/XcodeDefault.xctoolchain/usr/lib/swift/host/plugins/testing -enable-bare-slash-regex -enable-experimental-feature DebugDescriptionMacro -sdk /Applications/Xcode.app/Contents/Developer/Platforms/iPhoneSimulator.platform/Developer/SDKs/iPhoneSimulator26.2.sdk -target x86_64-apple-ios14.0-simulator -g -module-cache-path /tmp/solosoul-fe2-ios-root-insets-ui-20261008/DerivedData/ModuleCache.noindex -Xfrontend -serialize-debugging-options -enable-testing -index-store-path /tmp/solosoul-fe2-ios-root-insets-ui-20261008/DerivedData/Index.noindex/DataStore -Xcc -D_LIBCPP_HARDENING_MODE\=_LIBCPP_HARDENING_MODE_DEBUG -swift-version 5 -I /tmp/solosoul-fe2-ios-root-insets-ui-20261008/DerivedData/Build/Products/Debug-iphonesimulator -Isystem /Applications/Xcode.app/Contents/Developer/Platforms/iPhoneSimulator.platform/Developer/usr/lib -F /tmp/solosoul-fe2-ios-root-insets-ui-20261008/DerivedData/Build/Products/Debug-iphonesimulator -F /Applications/Xcode.app/Contents/Developer/Platforms/iPhoneSimulator.platform/Developer/Library/Frameworks -F /Applications/Xcode.app/Contents/Developer/Platforms/iPhoneSimulator.platform/Developer/SDKs/iPhoneSimulator26.2.sdk/Developer/Library/Frameworks -parse-as-library -c -j8 -enable-batch-mode -incremental -Xcc -ivfsstatcache -Xcc /tmp/solosoul-fe2-ios-root-insets-ui-20261008/DerivedData/SDKStatCaches.noindex/iphonesimulator26.2-23C57-7d00a8b37fbd7999ea79df8ebc024bf0.sdkstatcache -output-file-map /tmp/solosoul-fe2-ios-root-insets-ui-20261008/DerivedData/Build/Intermediates.noindex/SoloSoulFE2UIProbe.build/Debug-iphonesimulator/ProbeTests.build/Objects-normal/x86_64/ProbeTests-OutputFileMap.json -use-frontend-parseable-output -save-temps -no-color-diagnostics -explicit-module-build -module-cache-path /tmp/solosoul-fe2-ios-root-insets-ui-20261008/DerivedData/Build/Intermediates.noindex/SwiftExplicitPrecompiledModules -clang-scanner-module-cache-path /tmp/solosoul-fe2-ios-root-insets-ui-20261008/DerivedData/ModuleCache.noindex -sdk-module-cache-path /tmp/solosoul-fe2-ios-root-insets-ui-20261008/DerivedData/ModuleCache.noindex -serialize-diagnostics -emit-dependencies -emit-module -emit-module-path /tmp/solosoul-fe2-ios-root-insets-ui-20261008/DerivedData/Build/Intermediates.noindex/SoloSoulFE2UIProbe.build/Debug-iphonesimulator/ProbeTests.build/Objects-normal/x86_64/ProbeTests.swiftmodule -validate-clang-modules-once -clang-build-session-file /tmp/solosoul-fe2-ios-root-insets-ui-20261008/DerivedData/ModuleCache.noindex/Session.modulevalidation -Xcc -I/tmp/solosoul-fe2-ios-root-insets-ui-20261008/DerivedData/Build/Intermediates.noindex/SoloSoulFE2UIProbe.build/Debug-iphonesimulator/ProbeTests.build/swift-overrides.hmap -emit-const-values -Xfrontend -const-gather-protocols-file -Xfrontend /tmp/solosoul-fe2-ios-root-insets-ui-20261008/DerivedData/Build/Intermediates.noindex/SoloSoulFE2UIProbe.build/Debug-iphonesimulator/ProbeTests.build/Objects-normal/x86_64/ProbeTests_const_extract_protocols.json -Xcc -iquote -Xcc /tmp/solosoul-fe2-ios-root-insets-ui-20261008/DerivedData/Build/Intermediates.noindex/SoloSoulFE2UIProbe.build/Debug-iphonesimulator/ProbeTests.build/ProbeTests-generated-files.hmap -Xcc -I/tmp/solosoul-fe2-ios-root-insets-ui-20261008/DerivedData/Build/Intermediates.noindex/SoloSoulFE2UIProbe.build/Debug-iphonesimulator/ProbeTests.build/ProbeTests-own-target-headers.hmap -Xcc -I/tmp/solosoul-fe2-ios-root-insets-ui-20261008/DerivedData/Build/Intermediates.noindex/SoloSoulFE2UIProbe.build/Debug-iphonesimulator/ProbeTests.build/ProbeTests-all-target-headers.hmap -Xcc -iquote -Xcc /tmp/solosoul-fe2-ios-root-insets-ui-20261008/DerivedData/Build/Intermediates.noindex/SoloSoulFE2UIProbe.build/Debug-iphonesimulator/ProbeTests.build/ProbeTests-project-headers.hmap -Xcc -I/tmp/solosoul-fe2-ios-root-insets-ui-20261008/DerivedData/Build/Products/Debug-iphonesimulator/include -Xcc -I/tmp/solosoul-fe2-ios-root-insets-ui-20261008/DerivedData/Build/Intermediates.noindex/SoloSoulFE2UIProbe.build/Debug-iphonesimulator/ProbeTests.build/DerivedSources-normal/x86_64 -Xcc -I/tmp/solosoul-fe2-ios-root-insets-ui-20261008/DerivedData/Build/Intermediates.noindex/SoloSoulFE2UIProbe.build/Debug-iphonesimulator/ProbeTests.build/DerivedSources/x86_64 -Xcc -I/tmp/solosoul-fe2-ios-root-insets-ui-20261008/DerivedData/Build/Intermediates.noindex/SoloSoulFE2UIProbe.build/Debug-iphonesimulator/ProbeTests.build/DerivedSources -Xcc -DDEBUG\=1 -emit-objc-header -emit-objc-header-path /tmp/solosoul-fe2-ios-root-insets-ui-20261008/DerivedData/Build/Intermediates.noindex/SoloSoulFE2UIProbe.build/Debug-iphonesimulator/ProbeTests.build/Objects-normal/x86_64/ProbeTests-Swift.h -working-directory /tmp/solosoul-fe2-ios-root-insets-ui-20261008 -experimental-emit-module-separately -disable-cmo

Copy /tmp/solosoul-fe2-ios-root-insets-ui-20261008/DerivedData/Build/Products/Debug-iphonesimulator/ProbeTests.swiftmodule/x86_64-apple-ios-simulator.swiftmodule /tmp/solosoul-fe2-ios-root-insets-ui-20261008/DerivedData/Build/Intermediates.noindex/SoloSoulFE2UIProbe.build/Debug-iphonesimulator/ProbeTests.build/Objects-normal/x86_64/ProbeTests.swiftmodule (in target 'ProbeTests' from project 'SoloSoulFE2UIProbe')
    cd /tmp/solosoul-fe2-ios-root-insets-ui-20261008
    builtin-copy -exclude .DS_Store -exclude CVS -exclude .svn -exclude .git -exclude .hg -resolve-src-symlinks -rename /tmp/solosoul-fe2-ios-root-insets-ui-20261008/DerivedData/Build/Intermediates.noindex/SoloSoulFE2UIProbe.build/Debug-iphonesimulator/ProbeTests.build/Objects-normal/x86_64/ProbeTests.swiftmodule /tmp/solosoul-fe2-ios-root-insets-ui-20261008/DerivedData/Build/Products/Debug-iphonesimulator/ProbeTests.swiftmodule/x86_64-apple-ios-simulator.swiftmodule

Copy /tmp/solosoul-fe2-ios-root-insets-ui-20261008/DerivedData/Build/Products/Debug-iphonesimulator/ProbeTests.swiftmodule/x86_64-apple-ios-simulator.swiftdoc /tmp/solosoul-fe2-ios-root-insets-ui-20261008/DerivedData/Build/Intermediates.noindex/SoloSoulFE2UIProbe.build/Debug-iphonesimulator/ProbeTests.build/Objects-normal/x86_64/ProbeTests.swiftdoc (in target 'ProbeTests' from project 'SoloSoulFE2UIProbe')
    cd /tmp/solosoul-fe2-ios-root-insets-ui-20261008
    builtin-copy -exclude .DS_Store -exclude CVS -exclude .svn -exclude .git -exclude .hg -resolve-src-symlinks -rename /tmp/solosoul-fe2-ios-root-insets-ui-20261008/DerivedData/Build/Intermediates.noindex/SoloSoulFE2UIProbe.build/Debug-iphonesimulator/ProbeTests.build/Objects-normal/x86_64/ProbeTests.swiftdoc /tmp/solosoul-fe2-ios-root-insets-ui-20261008/DerivedData/Build/Products/Debug-iphonesimulator/ProbeTests.swiftmodule/x86_64-apple-ios-simulator.swiftdoc

Copy /tmp/solosoul-fe2-ios-root-insets-ui-20261008/DerivedData/Build/Products/Debug-iphonesimulator/ProbeTests.swiftmodule/x86_64-apple-ios-simulator.abi.json /tmp/solosoul-fe2-ios-root-insets-ui-20261008/DerivedData/Build/Intermediates.noindex/SoloSoulFE2UIProbe.build/Debug-iphonesimulator/ProbeTests.build/Objects-normal/x86_64/ProbeTests.abi.json (in target 'ProbeTests' from project 'SoloSoulFE2UIProbe')
    cd /tmp/solosoul-fe2-ios-root-insets-ui-20261008
    builtin-copy -exclude .DS_Store -exclude CVS -exclude .svn -exclude .git -exclude .hg -resolve-src-symlinks -rename /tmp/solosoul-fe2-ios-root-insets-ui-20261008/DerivedData/Build/Intermediates.noindex/SoloSoulFE2UIProbe.build/Debug-iphonesimulator/ProbeTests.build/Objects-normal/x86_64/ProbeTests.abi.json /tmp/solosoul-fe2-ios-root-insets-ui-20261008/DerivedData/Build/Products/Debug-iphonesimulator/ProbeTests.swiftmodule/x86_64-apple-ios-simulator.abi.json

SwiftMergeGeneratedHeaders /tmp/solosoul-fe2-ios-root-insets-ui-20261008/DerivedData/Build/Intermediates.noindex/SoloSoulFE2UIProbe.build/Debug-iphonesimulator/ProbeTests.build/DerivedSources/ProbeTests-Swift.h /tmp/solosoul-fe2-ios-root-insets-ui-20261008/DerivedData/Build/Intermediates.noindex/SoloSoulFE2UIProbe.build/Debug-iphonesimulator/ProbeTests.build/Objects-normal/arm64/ProbeTests-Swift.h /tmp/solosoul-fe2-ios-root-insets-ui-20261008/DerivedData/Build/Intermediates.noindex/SoloSoulFE2UIProbe.build/Debug-iphonesimulator/ProbeTests.build/Objects-normal/x86_64/ProbeTests-Swift.h (in target 'ProbeTests' from project 'SoloSoulFE2UIProbe')
    cd /tmp/solosoul-fe2-ios-root-insets-ui-20261008
    builtin-swiftHeaderTool -arch arm64 /tmp/solosoul-fe2-ios-root-insets-ui-20261008/DerivedData/Build/Intermediates.noindex/SoloSoulFE2UIProbe.build/Debug-iphonesimulator/ProbeTests.build/Objects-normal/arm64/ProbeTests-Swift.h -arch x86_64 /tmp/solosoul-fe2-ios-root-insets-ui-20261008/DerivedData/Build/Intermediates.noindex/SoloSoulFE2UIProbe.build/Debug-iphonesimulator/ProbeTests.build/Objects-normal/x86_64/ProbeTests-Swift.h -o /tmp/solosoul-fe2-ios-root-insets-ui-20261008/DerivedData/Build/Intermediates.noindex/SoloSoulFE2UIProbe.build/Debug-iphonesimulator/ProbeTests.build/DerivedSources/ProbeTests-Swift.h

Copy /tmp/solosoul-fe2-ios-root-insets-ui-20261008/DerivedData/Build/Products/Debug-iphonesimulator/ProbeTests.swiftmodule/Project/x86_64-apple-ios-simulator.swiftsourceinfo /tmp/solosoul-fe2-ios-root-insets-ui-20261008/DerivedData/Build/Intermediates.noindex/SoloSoulFE2UIProbe.build/Debug-iphonesimulator/ProbeTests.build/Objects-normal/x86_64/ProbeTests.swiftsourceinfo (in target 'ProbeTests' from project 'SoloSoulFE2UIProbe')
    cd /tmp/solosoul-fe2-ios-root-insets-ui-20261008
    builtin-copy -exclude .DS_Store -exclude CVS -exclude .svn -exclude .git -exclude .hg -resolve-src-symlinks -rename /tmp/solosoul-fe2-ios-root-insets-ui-20261008/DerivedData/Build/Intermediates.noindex/SoloSoulFE2UIProbe.build/Debug-iphonesimulator/ProbeTests.build/Objects-normal/x86_64/ProbeTests.swiftsourceinfo /tmp/solosoul-fe2-ios-root-insets-ui-20261008/DerivedData/Build/Products/Debug-iphonesimulator/ProbeTests.swiftmodule/Project/x86_64-apple-ios-simulator.swiftsourceinfo

SwiftDriverJobDiscovery normal x86_64 Compiling App.swift (in target 'ProbeHost' from project 'SoloSoulFE2UIProbe')

SwiftDriver\ Compilation ProbeHost normal x86_64 com.apple.xcode.tools.swift.compiler (in target 'ProbeHost' from project 'SoloSoulFE2UIProbe')
    cd /tmp/solosoul-fe2-ios-root-insets-ui-20261008
    builtin-Swift-Compilation -- /Applications/Xcode.app/Contents/Developer/Toolchains/XcodeDefault.xctoolchain/usr/bin/swiftc -module-name ProbeHost -Onone -enforce-exclusivity\=checked @/tmp/solosoul-fe2-ios-root-insets-ui-20261008/DerivedData/Build/Intermediates.noindex/SoloSoulFE2UIProbe.build/Debug-iphonesimulator/ProbeHost.build/Objects-normal/x86_64/ProbeHost.SwiftFileList -DDEBUG -enable-bare-slash-regex -enable-experimental-feature DebugDescriptionMacro -sdk /Applications/Xcode.app/Contents/Developer/Platforms/iPhoneSimulator.platform/Developer/SDKs/iPhoneSimulator26.2.sdk -target x86_64-apple-ios14.0-simulator -g -module-cache-path /tmp/solosoul-fe2-ios-root-insets-ui-20261008/DerivedData/ModuleCache.noindex -Xfrontend -serialize-debugging-options -enable-testing -index-store-path /tmp/solosoul-fe2-ios-root-insets-ui-20261008/DerivedData/Index.noindex/DataStore -Xcc -D_LIBCPP_HARDENING_MODE\=_LIBCPP_HARDENING_MODE_DEBUG -swift-version 5 -I /tmp/solosoul-fe2-ios-root-insets-ui-20261008/DerivedData/Build/Products/Debug-iphonesimulator -F /tmp/solosoul-fe2-ios-root-insets-ui-20261008/DerivedData/Build/Products/Debug-iphonesimulator -parse-as-library -c -j8 -enable-batch-mode -incremental -Xcc -ivfsstatcache -Xcc /tmp/solosoul-fe2-ios-root-insets-ui-20261008/DerivedData/SDKStatCaches.noindex/iphonesimulator26.2-23C57-7d00a8b37fbd7999ea79df8ebc024bf0.sdkstatcache -output-file-map /tmp/solosoul-fe2-ios-root-insets-ui-20261008/DerivedData/Build/Intermediates.noindex/SoloSoulFE2UIProbe.build/Debug-iphonesimulator/ProbeHost.build/Objects-normal/x86_64/ProbeHost-OutputFileMap.json -use-frontend-parseable-output -save-temps -no-color-diagnostics -explicit-module-build -module-cache-path /tmp/solosoul-fe2-ios-root-insets-ui-20261008/DerivedData/Build/Intermediates.noindex/SwiftExplicitPrecompiledModules -clang-scanner-module-cache-path /tmp/solosoul-fe2-ios-root-insets-ui-20261008/DerivedData/ModuleCache.noindex -sdk-module-cache-path /tmp/solosoul-fe2-ios-root-insets-ui-20261008/DerivedData/ModuleCache.noindex -serialize-diagnostics -emit-dependencies -emit-module -emit-module-path /tmp/solosoul-fe2-ios-root-insets-ui-20261008/DerivedData/Build/Intermediates.noindex/SoloSoulFE2UIProbe.build/Debug-iphonesimulator/ProbeHost.build/Objects-normal/x86_64/ProbeHost.swiftmodule -validate-clang-modules-once -clang-build-session-file /tmp/solosoul-fe2-ios-root-insets-ui-20261008/DerivedData/ModuleCache.noindex/Session.modulevalidation -Xcc -I/tmp/solosoul-fe2-ios-root-insets-ui-20261008/DerivedData/Build/Intermediates.noindex/SoloSoulFE2UIProbe.build/Debug-iphonesimulator/ProbeHost.build/swift-overrides.hmap -emit-const-values -Xfrontend -const-gather-protocols-file -Xfrontend /tmp/solosoul-fe2-ios-root-insets-ui-20261008/DerivedData/Build/Intermediates.noindex/SoloSoulFE2UIProbe.build/Debug-iphonesimulator/ProbeHost.build/Objects-normal/x86_64/ProbeHost_const_extract_protocols.json -Xcc -iquote -Xcc /tmp/solosoul-fe2-ios-root-insets-ui-20261008/DerivedData/Build/Intermediates.noindex/SoloSoulFE2UIProbe.build/Debug-iphonesimulator/ProbeHost.build/ProbeHost-generated-files.hmap -Xcc -I/tmp/solosoul-fe2-ios-root-insets-ui-20261008/DerivedData/Build/Intermediates.noindex/SoloSoulFE2UIProbe.build/Debug-iphonesimulator/ProbeHost.build/ProbeHost-own-target-headers.hmap -Xcc -I/tmp/solosoul-fe2-ios-root-insets-ui-20261008/DerivedData/Build/Intermediates.noindex/SoloSoulFE2UIProbe.build/Debug-iphonesimulator/ProbeHost.build/ProbeHost-all-target-headers.hmap -Xcc -iquote -Xcc /tmp/solosoul-fe2-ios-root-insets-ui-20261008/DerivedData/Build/Intermediates.noindex/SoloSoulFE2UIProbe.build/Debug-iphonesimulator/ProbeHost.build/ProbeHost-project-headers.hmap -Xcc -I/tmp/solosoul-fe2-ios-root-insets-ui-20261008/DerivedData/Build/Products/Debug-iphonesimulator/include -Xcc -I/tmp/solosoul-fe2-ios-root-insets-ui-20261008/DerivedData/Build/Intermediates.noindex/SoloSoulFE2UIProbe.build/Debug-iphonesimulator/ProbeHost.build/DerivedSources-normal/x86_64 -Xcc -I/tmp/solosoul-fe2-ios-root-insets-ui-20261008/DerivedData/Build/Intermediates.noindex/SoloSoulFE2UIProbe.build/Debug-iphonesimulator/ProbeHost.build/DerivedSources/x86_64 -Xcc -I/tmp/solosoul-fe2-ios-root-insets-ui-20261008/DerivedData/Build/Intermediates.noindex/SoloSoulFE2UIProbe.build/Debug-iphonesimulator/ProbeHost.build/DerivedSources -Xcc -DDEBUG\=1 -emit-objc-header -emit-objc-header-path /tmp/solosoul-fe2-ios-root-insets-ui-20261008/DerivedData/Build/Intermediates.noindex/SoloSoulFE2UIProbe.build/Debug-iphonesimulator/ProbeHost.build/Objects-normal/x86_64/ProbeHost-Swift.h -working-directory /tmp/solosoul-fe2-ios-root-insets-ui-20261008 -experimental-emit-module-separately -disable-cmo

Ld /tmp/solosoul-fe2-ios-root-insets-ui-20261008/DerivedData/Build/Intermediates.noindex/SoloSoulFE2UIProbe.build/Debug-iphonesimulator/ProbeHost.build/Objects-normal/x86_64/Binary/ProbeHost.debug.dylib normal x86_64 (in target 'ProbeHost' from project 'SoloSoulFE2UIProbe')
    cd /tmp/solosoul-fe2-ios-root-insets-ui-20261008
    /Applications/Xcode.app/Contents/Developer/Toolchains/XcodeDefault.xctoolchain/usr/bin/clang -Xlinker -reproducible -target x86_64-apple-ios14.0-simulator -dynamiclib -isysroot /Applications/Xcode.app/Contents/Developer/Platforms/iPhoneSimulator.platform/Developer/SDKs/iPhoneSimulator26.2.sdk -O0 -L/tmp/solosoul-fe2-ios-root-insets-ui-20261008/DerivedData/Build/Intermediates.noindex/EagerLinkingTBDs/Debug-iphonesimulator -L/tmp/solosoul-fe2-ios-root-insets-ui-20261008/DerivedData/Build/Products/Debug-iphonesimulator -F/tmp/solosoul-fe2-ios-root-insets-ui-20261008/DerivedData/Build/Intermediates.noindex/EagerLinkingTBDs/Debug-iphonesimulator -F/tmp/solosoul-fe2-ios-root-insets-ui-20261008/DerivedData/Build/Products/Debug-iphonesimulator -filelist /tmp/solosoul-fe2-ios-root-insets-ui-20261008/DerivedData/Build/Intermediates.noindex/SoloSoulFE2UIProbe.build/Debug-iphonesimulator/ProbeHost.build/Objects-normal/x86_64/ProbeHost.LinkFileList -install_name @rpath/ProbeHost.debug.dylib -Xlinker -rpath -Xlinker /usr/lib/swift -Xlinker -rpath -Xlinker @executable_path/Frameworks -dead_strip -Xlinker -object_path_lto -Xlinker /tmp/solosoul-fe2-ios-root-insets-ui-20261008/DerivedData/Build/Intermediates.noindex/SoloSoulFE2UIProbe.build/Debug-iphonesimulator/ProbeHost.build/Objects-normal/x86_64/ProbeHost_lto.o -rdynamic -Xlinker -no_deduplicate -Xlinker -objc_abi_version -Xlinker 2 -Xlinker -dependency_info -Xlinker /tmp/solosoul-fe2-ios-root-insets-ui-20261008/DerivedData/Build/Intermediates.noindex/SoloSoulFE2UIProbe.build/Debug-iphonesimulator/ProbeHost.build/Objects-normal/x86_64/ProbeHost_dependency_info.dat -fobjc-link-runtime -L/Applications/Xcode.app/Contents/Developer/Toolchains/XcodeDefault.xctoolchain/usr/lib/swift/iphonesimulator -L/usr/lib/swift -Xlinker -add_ast_path -Xlinker /tmp/solosoul-fe2-ios-root-insets-ui-20261008/DerivedData/Build/Intermediates.noindex/SoloSoulFE2UIProbe.build/Debug-iphonesimulator/ProbeHost.build/Objects-normal/x86_64/ProbeHost.swiftmodule @/tmp/solosoul-fe2-ios-root-insets-ui-20261008/DerivedData/Build/Intermediates.noindex/SoloSoulFE2UIProbe.build/Debug-iphonesimulator/ProbeHost.build/Objects-normal/x86_64/ProbeHost-linker-args.resp -Xlinker -alias -Xlinker _main -Xlinker ___debug_main_executable_dylib_entry_point -o /tmp/solosoul-fe2-ios-root-insets-ui-20261008/DerivedData/Build/Intermediates.noindex/SoloSoulFE2UIProbe.build/Debug-iphonesimulator/ProbeHost.build/Objects-normal/x86_64/Binary/ProbeHost.debug.dylib

SwiftDriverJobDiscovery normal x86_64 Compiling ProbeTests.swift (in target 'ProbeTests' from project 'SoloSoulFE2UIProbe')

SwiftDriver\ Compilation ProbeTests normal x86_64 com.apple.xcode.tools.swift.compiler (in target 'ProbeTests' from project 'SoloSoulFE2UIProbe')
    cd /tmp/solosoul-fe2-ios-root-insets-ui-20261008
    builtin-Swift-Compilation -- /Applications/Xcode.app/Contents/Developer/Toolchains/XcodeDefault.xctoolchain/usr/bin/swiftc -module-name ProbeTests -Onone -enforce-exclusivity\=checked @/tmp/solosoul-fe2-ios-root-insets-ui-20261008/DerivedData/Build/Intermediates.noindex/SoloSoulFE2UIProbe.build/Debug-iphonesimulator/ProbeTests.build/Objects-normal/x86_64/ProbeTests.SwiftFileList -DDEBUG -module-alias Testing\=_Testing_Unavailable -plugin-path /Applications/Xcode.app/Contents/Developer/Toolchains/XcodeDefault.xctoolchain/usr/lib/swift/host/plugins/testing -enable-bare-slash-regex -enable-experimental-feature DebugDescriptionMacro -sdk /Applications/Xcode.app/Contents/Developer/Platforms/iPhoneSimulator.platform/Developer/SDKs/iPhoneSimulator26.2.sdk -target x86_64-apple-ios14.0-simulator -g -module-cache-path /tmp/solosoul-fe2-ios-root-insets-ui-20261008/DerivedData/ModuleCache.noindex -Xfrontend -serialize-debugging-options -enable-testing -index-store-path /tmp/solosoul-fe2-ios-root-insets-ui-20261008/DerivedData/Index.noindex/DataStore -Xcc -D_LIBCPP_HARDENING_MODE\=_LIBCPP_HARDENING_MODE_DEBUG -swift-version 5 -I /tmp/solosoul-fe2-ios-root-insets-ui-20261008/DerivedData/Build/Products/Debug-iphonesimulator -Isystem /Applications/Xcode.app/Contents/Developer/Platforms/iPhoneSimulator.platform/Developer/usr/lib -F /tmp/solosoul-fe2-ios-root-insets-ui-20261008/DerivedData/Build/Products/Debug-iphonesimulator -F /Applications/Xcode.app/Contents/Developer/Platforms/iPhoneSimulator.platform/Developer/Library/Frameworks -F /Applications/Xcode.app/Contents/Developer/Platforms/iPhoneSimulator.platform/Developer/SDKs/iPhoneSimulator26.2.sdk/Developer/Library/Frameworks -parse-as-library -c -j8 -enable-batch-mode -incremental -Xcc -ivfsstatcache -Xcc /tmp/solosoul-fe2-ios-root-insets-ui-20261008/DerivedData/SDKStatCaches.noindex/iphonesimulator26.2-23C57-7d00a8b37fbd7999ea79df8ebc024bf0.sdkstatcache -output-file-map /tmp/solosoul-fe2-ios-root-insets-ui-20261008/DerivedData/Build/Intermediates.noindex/SoloSoulFE2UIProbe.build/Debug-iphonesimulator/ProbeTests.build/Objects-normal/x86_64/ProbeTests-OutputFileMap.json -use-frontend-parseable-output -save-temps -no-color-diagnostics -explicit-module-build -module-cache-path /tmp/solosoul-fe2-ios-root-insets-ui-20261008/DerivedData/Build/Intermediates.noindex/SwiftExplicitPrecompiledModules -clang-scanner-module-cache-path /tmp/solosoul-fe2-ios-root-insets-ui-20261008/DerivedData/ModuleCache.noindex -sdk-module-cache-path /tmp/solosoul-fe2-ios-root-insets-ui-20261008/DerivedData/ModuleCache.noindex -serialize-diagnostics -emit-dependencies -emit-module -emit-module-path /tmp/solosoul-fe2-ios-root-insets-ui-20261008/DerivedData/Build/Intermediates.noindex/SoloSoulFE2UIProbe.build/Debug-iphonesimulator/ProbeTests.build/Objects-normal/x86_64/ProbeTests.swiftmodule -validate-clang-modules-once -clang-build-session-file /tmp/solosoul-fe2-ios-root-insets-ui-20261008/DerivedData/ModuleCache.noindex/Session.modulevalidation -Xcc -I/tmp/solosoul-fe2-ios-root-insets-ui-20261008/DerivedData/Build/Intermediates.noindex/SoloSoulFE2UIProbe.build/Debug-iphonesimulator/ProbeTests.build/swift-overrides.hmap -emit-const-values -Xfrontend -const-gather-protocols-file -Xfrontend /tmp/solosoul-fe2-ios-root-insets-ui-20261008/DerivedData/Build/Intermediates.noindex/SoloSoulFE2UIProbe.build/Debug-iphonesimulator/ProbeTests.build/Objects-normal/x86_64/ProbeTests_const_extract_protocols.json -Xcc -iquote -Xcc /tmp/solosoul-fe2-ios-root-insets-ui-20261008/DerivedData/Build/Intermediates.noindex/SoloSoulFE2UIProbe.build/Debug-iphonesimulator/ProbeTests.build/ProbeTests-generated-files.hmap -Xcc -I/tmp/solosoul-fe2-ios-root-insets-ui-20261008/DerivedData/Build/Intermediates.noindex/SoloSoulFE2UIProbe.build/Debug-iphonesimulator/ProbeTests.build/ProbeTests-own-target-headers.hmap -Xcc -I/tmp/solosoul-fe2-ios-root-insets-ui-20261008/DerivedData/Build/Intermediates.noindex/SoloSoulFE2UIProbe.build/Debug-iphonesimulator/ProbeTests.build/ProbeTests-all-target-headers.hmap -Xcc -iquote -Xcc /tmp/solosoul-fe2-ios-root-insets-ui-20261008/DerivedData/Build/Intermediates.noindex/SoloSoulFE2UIProbe.build/Debug-iphonesimulator/ProbeTests.build/ProbeTests-project-headers.hmap -Xcc -I/tmp/solosoul-fe2-ios-root-insets-ui-20261008/DerivedData/Build/Products/Debug-iphonesimulator/include -Xcc -I/tmp/solosoul-fe2-ios-root-insets-ui-20261008/DerivedData/Build/Intermediates.noindex/SoloSoulFE2UIProbe.build/Debug-iphonesimulator/ProbeTests.build/DerivedSources-normal/x86_64 -Xcc -I/tmp/solosoul-fe2-ios-root-insets-ui-20261008/DerivedData/Build/Intermediates.noindex/SoloSoulFE2UIProbe.build/Debug-iphonesimulator/ProbeTests.build/DerivedSources/x86_64 -Xcc -I/tmp/solosoul-fe2-ios-root-insets-ui-20261008/DerivedData/Build/Intermediates.noindex/SoloSoulFE2UIProbe.build/Debug-iphonesimulator/ProbeTests.build/DerivedSources -Xcc -DDEBUG\=1 -emit-objc-header -emit-objc-header-path /tmp/solosoul-fe2-ios-root-insets-ui-20261008/DerivedData/Build/Intermediates.noindex/SoloSoulFE2UIProbe.build/Debug-iphonesimulator/ProbeTests.build/Objects-normal/x86_64/ProbeTests-Swift.h -working-directory /tmp/solosoul-fe2-ios-root-insets-ui-20261008 -experimental-emit-module-separately -disable-cmo

SwiftDriverJobDiscovery normal arm64 Compiling ProbeTests.swift (in target 'ProbeTests' from project 'SoloSoulFE2UIProbe')

SwiftDriver\ Compilation ProbeTests normal arm64 com.apple.xcode.tools.swift.compiler (in target 'ProbeTests' from project 'SoloSoulFE2UIProbe')
    cd /tmp/solosoul-fe2-ios-root-insets-ui-20261008
    builtin-Swift-Compilation -- /Applications/Xcode.app/Contents/Developer/Toolchains/XcodeDefault.xctoolchain/usr/bin/swiftc -module-name ProbeTests -Onone -enforce-exclusivity\=checked @/tmp/solosoul-fe2-ios-root-insets-ui-20261008/DerivedData/Build/Intermediates.noindex/SoloSoulFE2UIProbe.build/Debug-iphonesimulator/ProbeTests.build/Objects-normal/arm64/ProbeTests.SwiftFileList -DDEBUG -module-alias Testing\=_Testing_Unavailable -plugin-path /Applications/Xcode.app/Contents/Developer/Toolchains/XcodeDefault.xctoolchain/usr/lib/swift/host/plugins/testing -enable-bare-slash-regex -enable-experimental-feature DebugDescriptionMacro -sdk /Applications/Xcode.app/Contents/Developer/Platforms/iPhoneSimulator.platform/Developer/SDKs/iPhoneSimulator26.2.sdk -target arm64-apple-ios14.0-simulator -g -module-cache-path /tmp/solosoul-fe2-ios-root-insets-ui-20261008/DerivedData/ModuleCache.noindex -Xfrontend -serialize-debugging-options -enable-testing -index-store-path /tmp/solosoul-fe2-ios-root-insets-ui-20261008/DerivedData/Index.noindex/DataStore -Xcc -D_LIBCPP_HARDENING_MODE\=_LIBCPP_HARDENING_MODE_DEBUG -swift-version 5 -I /tmp/solosoul-fe2-ios-root-insets-ui-20261008/DerivedData/Build/Products/Debug-iphonesimulator -Isystem /Applications/Xcode.app/Contents/Developer/Platforms/iPhoneSimulator.platform/Developer/usr/lib -F /tmp/solosoul-fe2-ios-root-insets-ui-20261008/DerivedData/Build/Products/Debug-iphonesimulator -F /Applications/Xcode.app/Contents/Developer/Platforms/iPhoneSimulator.platform/Developer/Library/Frameworks -F /Applications/Xcode.app/Contents/Developer/Platforms/iPhoneSimulator.platform/Developer/SDKs/iPhoneSimulator26.2.sdk/Developer/Library/Frameworks -parse-as-library -c -j8 -enable-batch-mode -incremental -Xcc -ivfsstatcache -Xcc /tmp/solosoul-fe2-ios-root-insets-ui-20261008/DerivedData/SDKStatCaches.noindex/iphonesimulator26.2-23C57-7d00a8b37fbd7999ea79df8ebc024bf0.sdkstatcache -output-file-map /tmp/solosoul-fe2-ios-root-insets-ui-20261008/DerivedData/Build/Intermediates.noindex/SoloSoulFE2UIProbe.build/Debug-iphonesimulator/ProbeTests.build/Objects-normal/arm64/ProbeTests-OutputFileMap.json -use-frontend-parseable-output -save-temps -no-color-diagnostics -explicit-module-build -module-cache-path /tmp/solosoul-fe2-ios-root-insets-ui-20261008/DerivedData/Build/Intermediates.noindex/SwiftExplicitPrecompiledModules -clang-scanner-module-cache-path /tmp/solosoul-fe2-ios-root-insets-ui-20261008/DerivedData/ModuleCache.noindex -sdk-module-cache-path /tmp/solosoul-fe2-ios-root-insets-ui-20261008/DerivedData/ModuleCache.noindex -serialize-diagnostics -emit-dependencies -emit-module -emit-module-path /tmp/solosoul-fe2-ios-root-insets-ui-20261008/DerivedData/Build/Intermediates.noindex/SoloSoulFE2UIProbe.build/Debug-iphonesimulator/ProbeTests.build/Objects-normal/arm64/ProbeTests.swiftmodule -validate-clang-modules-once -clang-build-session-file /tmp/solosoul-fe2-ios-root-insets-ui-20261008/DerivedData/ModuleCache.noindex/Session.modulevalidation -Xcc -I/tmp/solosoul-fe2-ios-root-insets-ui-20261008/DerivedData/Build/Intermediates.noindex/SoloSoulFE2UIProbe.build/Debug-iphonesimulator/ProbeTests.build/swift-overrides.hmap -emit-const-values -Xfrontend -const-gather-protocols-file -Xfrontend /tmp/solosoul-fe2-ios-root-insets-ui-20261008/DerivedData/Build/Intermediates.noindex/SoloSoulFE2UIProbe.build/Debug-iphonesimulator/ProbeTests.build/Objects-normal/arm64/ProbeTests_const_extract_protocols.json -Xcc -iquote -Xcc /tmp/solosoul-fe2-ios-root-insets-ui-20261008/DerivedData/Build/Intermediates.noindex/SoloSoulFE2UIProbe.build/Debug-iphonesimulator/ProbeTests.build/ProbeTests-generated-files.hmap -Xcc -I/tmp/solosoul-fe2-ios-root-insets-ui-20261008/DerivedData/Build/Intermediates.noindex/SoloSoulFE2UIProbe.build/Debug-iphonesimulator/ProbeTests.build/ProbeTests-own-target-headers.hmap -Xcc -I/tmp/solosoul-fe2-ios-root-insets-ui-20261008/DerivedData/Build/Intermediates.noindex/SoloSoulFE2UIProbe.build/Debug-iphonesimulator/ProbeTests.build/ProbeTests-all-target-headers.hmap -Xcc -iquote -Xcc /tmp/solosoul-fe2-ios-root-insets-ui-20261008/DerivedData/Build/Intermediates.noindex/SoloSoulFE2UIProbe.build/Debug-iphonesimulator/ProbeTests.build/ProbeTests-project-headers.hmap -Xcc -I/tmp/solosoul-fe2-ios-root-insets-ui-20261008/DerivedData/Build/Products/Debug-iphonesimulator/include -Xcc -I/tmp/solosoul-fe2-ios-root-insets-ui-20261008/DerivedData/Build/Intermediates.noindex/SoloSoulFE2UIProbe.build/Debug-iphonesimulator/ProbeTests.build/DerivedSources-normal/arm64 -Xcc -I/tmp/solosoul-fe2-ios-root-insets-ui-20261008/DerivedData/Build/Intermediates.noindex/SoloSoulFE2UIProbe.build/Debug-iphonesimulator/ProbeTests.build/DerivedSources/arm64 -Xcc -I/tmp/solosoul-fe2-ios-root-insets-ui-20261008/DerivedData/Build/Intermediates.noindex/SoloSoulFE2UIProbe.build/Debug-iphonesimulator/ProbeTests.build/DerivedSources -Xcc -DDEBUG\=1 -emit-objc-header -emit-objc-header-path /tmp/solosoul-fe2-ios-root-insets-ui-20261008/DerivedData/Build/Intermediates.noindex/SoloSoulFE2UIProbe.build/Debug-iphonesimulator/ProbeTests.build/Objects-normal/arm64/ProbeTests-Swift.h -working-directory /tmp/solosoul-fe2-ios-root-insets-ui-20261008 -experimental-emit-module-separately -disable-cmo

SwiftDriverJobDiscovery normal arm64 Compiling App.swift (in target 'ProbeHost' from project 'SoloSoulFE2UIProbe')

SwiftDriver\ Compilation ProbeHost normal arm64 com.apple.xcode.tools.swift.compiler (in target 'ProbeHost' from project 'SoloSoulFE2UIProbe')
    cd /tmp/solosoul-fe2-ios-root-insets-ui-20261008
    builtin-Swift-Compilation -- /Applications/Xcode.app/Contents/Developer/Toolchains/XcodeDefault.xctoolchain/usr/bin/swiftc -module-name ProbeHost -Onone -enforce-exclusivity\=checked @/tmp/solosoul-fe2-ios-root-insets-ui-20261008/DerivedData/Build/Intermediates.noindex/SoloSoulFE2UIProbe.build/Debug-iphonesimulator/ProbeHost.build/Objects-normal/arm64/ProbeHost.SwiftFileList -DDEBUG -enable-bare-slash-regex -enable-experimental-feature DebugDescriptionMacro -sdk /Applications/Xcode.app/Contents/Developer/Platforms/iPhoneSimulator.platform/Developer/SDKs/iPhoneSimulator26.2.sdk -target arm64-apple-ios14.0-simulator -g -module-cache-path /tmp/solosoul-fe2-ios-root-insets-ui-20261008/DerivedData/ModuleCache.noindex -Xfrontend -serialize-debugging-options -enable-testing -index-store-path /tmp/solosoul-fe2-ios-root-insets-ui-20261008/DerivedData/Index.noindex/DataStore -Xcc -D_LIBCPP_HARDENING_MODE\=_LIBCPP_HARDENING_MODE_DEBUG -swift-version 5 -I /tmp/solosoul-fe2-ios-root-insets-ui-20261008/DerivedData/Build/Products/Debug-iphonesimulator -F /tmp/solosoul-fe2-ios-root-insets-ui-20261008/DerivedData/Build/Products/Debug-iphonesimulator -parse-as-library -c -j8 -enable-batch-mode -incremental -Xcc -ivfsstatcache -Xcc /tmp/solosoul-fe2-ios-root-insets-ui-20261008/DerivedData/SDKStatCaches.noindex/iphonesimulator26.2-23C57-7d00a8b37fbd7999ea79df8ebc024bf0.sdkstatcache -output-file-map /tmp/solosoul-fe2-ios-root-insets-ui-20261008/DerivedData/Build/Intermediates.noindex/SoloSoulFE2UIProbe.build/Debug-iphonesimulator/ProbeHost.build/Objects-normal/arm64/ProbeHost-OutputFileMap.json -use-frontend-parseable-output -save-temps -no-color-diagnostics -explicit-module-build -module-cache-path /tmp/solosoul-fe2-ios-root-insets-ui-20261008/DerivedData/Build/Intermediates.noindex/SwiftExplicitPrecompiledModules -clang-scanner-module-cache-path /tmp/solosoul-fe2-ios-root-insets-ui-20261008/DerivedData/ModuleCache.noindex -sdk-module-cache-path /tmp/solosoul-fe2-ios-root-insets-ui-20261008/DerivedData/ModuleCache.noindex -serialize-diagnostics -emit-dependencies -emit-module -emit-module-path /tmp/solosoul-fe2-ios-root-insets-ui-20261008/DerivedData/Build/Intermediates.noindex/SoloSoulFE2UIProbe.build/Debug-iphonesimulator/ProbeHost.build/Objects-normal/arm64/ProbeHost.swiftmodule -validate-clang-modules-once -clang-build-session-file /tmp/solosoul-fe2-ios-root-insets-ui-20261008/DerivedData/ModuleCache.noindex/Session.modulevalidation -Xcc -I/tmp/solosoul-fe2-ios-root-insets-ui-20261008/DerivedData/Build/Intermediates.noindex/SoloSoulFE2UIProbe.build/Debug-iphonesimulator/ProbeHost.build/swift-overrides.hmap -emit-const-values -Xfrontend -const-gather-protocols-file -Xfrontend /tmp/solosoul-fe2-ios-root-insets-ui-20261008/DerivedData/Build/Intermediates.noindex/SoloSoulFE2UIProbe.build/Debug-iphonesimulator/ProbeHost.build/Objects-normal/arm64/ProbeHost_const_extract_protocols.json -Xcc -iquote -Xcc /tmp/solosoul-fe2-ios-root-insets-ui-20261008/DerivedData/Build/Intermediates.noindex/SoloSoulFE2UIProbe.build/Debug-iphonesimulator/ProbeHost.build/ProbeHost-generated-files.hmap -Xcc -I/tmp/solosoul-fe2-ios-root-insets-ui-20261008/DerivedData/Build/Intermediates.noindex/SoloSoulFE2UIProbe.build/Debug-iphonesimulator/ProbeHost.build/ProbeHost-own-target-headers.hmap -Xcc -I/tmp/solosoul-fe2-ios-root-insets-ui-20261008/DerivedData/Build/Intermediates.noindex/SoloSoulFE2UIProbe.build/Debug-iphonesimulator/ProbeHost.build/ProbeHost-all-target-headers.hmap -Xcc -iquote -Xcc /tmp/solosoul-fe2-ios-root-insets-ui-20261008/DerivedData/Build/Intermediates.noindex/SoloSoulFE2UIProbe.build/Debug-iphonesimulator/ProbeHost.build/ProbeHost-project-headers.hmap -Xcc -I/tmp/solosoul-fe2-ios-root-insets-ui-20261008/DerivedData/Build/Products/Debug-iphonesimulator/include -Xcc -I/tmp/solosoul-fe2-ios-root-insets-ui-20261008/DerivedData/Build/Intermediates.noindex/SoloSoulFE2UIProbe.build/Debug-iphonesimulator/ProbeHost.build/DerivedSources-normal/arm64 -Xcc -I/tmp/solosoul-fe2-ios-root-insets-ui-20261008/DerivedData/Build/Intermediates.noindex/SoloSoulFE2UIProbe.build/Debug-iphonesimulator/ProbeHost.build/DerivedSources/arm64 -Xcc -I/tmp/solosoul-fe2-ios-root-insets-ui-20261008/DerivedData/Build/Intermediates.noindex/SoloSoulFE2UIProbe.build/Debug-iphonesimulator/ProbeHost.build/DerivedSources -Xcc -DDEBUG\=1 -emit-objc-header -emit-objc-header-path /tmp/solosoul-fe2-ios-root-insets-ui-20261008/DerivedData/Build/Intermediates.noindex/SoloSoulFE2UIProbe.build/Debug-iphonesimulator/ProbeHost.build/Objects-normal/arm64/ProbeHost-Swift.h -working-directory /tmp/solosoul-fe2-ios-root-insets-ui-20261008 -experimental-emit-module-separately -disable-cmo

Ld /tmp/solosoul-fe2-ios-root-insets-ui-20261008/DerivedData/Build/Intermediates.noindex/SoloSoulFE2UIProbe.build/Debug-iphonesimulator/ProbeHost.build/Objects-normal/arm64/Binary/ProbeHost.debug.dylib normal arm64 (in target 'ProbeHost' from project 'SoloSoulFE2UIProbe')
    cd /tmp/solosoul-fe2-ios-root-insets-ui-20261008
    /Applications/Xcode.app/Contents/Developer/Toolchains/XcodeDefault.xctoolchain/usr/bin/clang -Xlinker -reproducible -target arm64-apple-ios14.0-simulator -dynamiclib -isysroot /Applications/Xcode.app/Contents/Developer/Platforms/iPhoneSimulator.platform/Developer/SDKs/iPhoneSimulator26.2.sdk -O0 -L/tmp/solosoul-fe2-ios-root-insets-ui-20261008/DerivedData/Build/Intermediates.noindex/EagerLinkingTBDs/Debug-iphonesimulator -L/tmp/solosoul-fe2-ios-root-insets-ui-20261008/DerivedData/Build/Products/Debug-iphonesimulator -F/tmp/solosoul-fe2-ios-root-insets-ui-20261008/DerivedData/Build/Intermediates.noindex/EagerLinkingTBDs/Debug-iphonesimulator -F/tmp/solosoul-fe2-ios-root-insets-ui-20261008/DerivedData/Build/Products/Debug-iphonesimulator -filelist /tmp/solosoul-fe2-ios-root-insets-ui-20261008/DerivedData/Build/Intermediates.noindex/SoloSoulFE2UIProbe.build/Debug-iphonesimulator/ProbeHost.build/Objects-normal/arm64/ProbeHost.LinkFileList -install_name @rpath/ProbeHost.debug.dylib -Xlinker -rpath -Xlinker /usr/lib/swift -Xlinker -rpath -Xlinker @executable_path/Frameworks -dead_strip -Xlinker -object_path_lto -Xlinker /tmp/solosoul-fe2-ios-root-insets-ui-20261008/DerivedData/Build/Intermediates.noindex/SoloSoulFE2UIProbe.build/Debug-iphonesimulator/ProbeHost.build/Objects-normal/arm64/ProbeHost_lto.o -rdynamic -Xlinker -no_deduplicate -Xlinker -objc_abi_version -Xlinker 2 -Xlinker -dependency_info -Xlinker /tmp/solosoul-fe2-ios-root-insets-ui-20261008/DerivedData/Build/Intermediates.noindex/SoloSoulFE2UIProbe.build/Debug-iphonesimulator/ProbeHost.build/Objects-normal/arm64/ProbeHost_dependency_info.dat -fobjc-link-runtime -L/Applications/Xcode.app/Contents/Developer/Toolchains/XcodeDefault.xctoolchain/usr/lib/swift/iphonesimulator -L/usr/lib/swift -Xlinker -add_ast_path -Xlinker /tmp/solosoul-fe2-ios-root-insets-ui-20261008/DerivedData/Build/Intermediates.noindex/SoloSoulFE2UIProbe.build/Debug-iphonesimulator/ProbeHost.build/Objects-normal/arm64/ProbeHost.swiftmodule @/tmp/solosoul-fe2-ios-root-insets-ui-20261008/DerivedData/Build/Intermediates.noindex/SoloSoulFE2UIProbe.build/Debug-iphonesimulator/ProbeHost.build/Objects-normal/arm64/ProbeHost-linker-args.resp -Xlinker -alias -Xlinker _main -Xlinker ___debug_main_executable_dylib_entry_point -o /tmp/solosoul-fe2-ios-root-insets-ui-20261008/DerivedData/Build/Intermediates.noindex/SoloSoulFE2UIProbe.build/Debug-iphonesimulator/ProbeHost.build/Objects-normal/arm64/Binary/ProbeHost.debug.dylib

ConstructStubExecutorLinkFileList /tmp/solosoul-fe2-ios-root-insets-ui-20261008/DerivedData/Build/Intermediates.noindex/SoloSoulFE2UIProbe.build/Debug-iphonesimulator/ProbeHost.build/ProbeHost-ExecutorLinkFileList-normal-x86_64.txt (in target 'ProbeHost' from project 'SoloSoulFE2UIProbe')
    cd /tmp/solosoul-fe2-ios-root-insets-ui-20261008
    construct-stub-executor-link-file-list /tmp/solosoul-fe2-ios-root-insets-ui-20261008/DerivedData/Build/Intermediates.noindex/SoloSoulFE2UIProbe.build/Debug-iphonesimulator/ProbeHost.build/Objects-normal/x86_64/Binary/ProbeHost.debug.dylib /Applications/Xcode.app/Contents/Developer/Platforms/iPhoneSimulator.platform/Developer/usr/lib/libPreviewsJITStubExecutor_no_swift_entry_point.a /Applications/Xcode.app/Contents/Developer/Platforms/iPhoneSimulator.platform/Developer/usr/lib/libPreviewsJITStubExecutor.a --output /tmp/solosoul-fe2-ios-root-insets-ui-20261008/DerivedData/Build/Intermediates.noindex/SoloSoulFE2UIProbe.build/Debug-iphonesimulator/ProbeHost.build/ProbeHost-ExecutorLinkFileList-normal-x86_64.txt
note: Using stub executor library with Swift entry point. (in target 'ProbeHost' from project 'SoloSoulFE2UIProbe')

Ld /tmp/solosoul-fe2-ios-root-insets-ui-20261008/DerivedData/Build/Intermediates.noindex/SoloSoulFE2UIProbe.build/Debug-iphonesimulator/ProbeHost.build/Objects-normal/x86_64/Binary/ProbeHost normal x86_64 (in target 'ProbeHost' from project 'SoloSoulFE2UIProbe')
    cd /tmp/solosoul-fe2-ios-root-insets-ui-20261008
    /Applications/Xcode.app/Contents/Developer/Toolchains/XcodeDefault.xctoolchain/usr/bin/clang -Xlinker -reproducible -target x86_64-apple-ios14.0-simulator -isysroot /Applications/Xcode.app/Contents/Developer/Platforms/iPhoneSimulator.platform/Developer/SDKs/iPhoneSimulator26.2.sdk -O0 -L/tmp/solosoul-fe2-ios-root-insets-ui-20261008/DerivedData/Build/Products/Debug-iphonesimulator -F/tmp/solosoul-fe2-ios-root-insets-ui-20261008/DerivedData/Build/Products/Debug-iphonesimulator -Xlinker -rpath -Xlinker @executable_path -Xlinker -rpath -Xlinker @executable_path/Frameworks -rdynamic -Xlinker -no_deduplicate -Xlinker -objc_abi_version -Xlinker 2 -e ___debug_blank_executor_main -Xlinker -sectcreate -Xlinker __TEXT -Xlinker __debug_dylib -Xlinker /tmp/solosoul-fe2-ios-root-insets-ui-20261008/DerivedData/Build/Intermediates.noindex/SoloSoulFE2UIProbe.build/Debug-iphonesimulator/ProbeHost.build/ProbeHost-DebugDylibPath-normal-x86_64.txt -Xlinker -sectcreate -Xlinker __TEXT -Xlinker __debug_instlnm -Xlinker /tmp/solosoul-fe2-ios-root-insets-ui-20261008/DerivedData/Build/Intermediates.noindex/SoloSoulFE2UIProbe.build/Debug-iphonesimulator/ProbeHost.build/ProbeHost-DebugDylibInstallName-normal-x86_64.txt -Xlinker -filelist -Xlinker /tmp/solosoul-fe2-ios-root-insets-ui-20261008/DerivedData/Build/Intermediates.noindex/SoloSoulFE2UIProbe.build/Debug-iphonesimulator/ProbeHost.build/ProbeHost-ExecutorLinkFileList-normal-x86_64.txt /tmp/solosoul-fe2-ios-root-insets-ui-20261008/DerivedData/Build/Intermediates.noindex/SoloSoulFE2UIProbe.build/Debug-iphonesimulator/ProbeHost.build/Objects-normal/x86_64/Binary/ProbeHost.debug.dylib -o /tmp/solosoul-fe2-ios-root-insets-ui-20261008/DerivedData/Build/Intermediates.noindex/SoloSoulFE2UIProbe.build/Debug-iphonesimulator/ProbeHost.build/Objects-normal/x86_64/Binary/ProbeHost

ConstructStubExecutorLinkFileList /tmp/solosoul-fe2-ios-root-insets-ui-20261008/DerivedData/Build/Intermediates.noindex/SoloSoulFE2UIProbe.build/Debug-iphonesimulator/ProbeHost.build/ProbeHost-ExecutorLinkFileList-normal-arm64.txt (in target 'ProbeHost' from project 'SoloSoulFE2UIProbe')
    cd /tmp/solosoul-fe2-ios-root-insets-ui-20261008
    construct-stub-executor-link-file-list /tmp/solosoul-fe2-ios-root-insets-ui-20261008/DerivedData/Build/Intermediates.noindex/SoloSoulFE2UIProbe.build/Debug-iphonesimulator/ProbeHost.build/Objects-normal/arm64/Binary/ProbeHost.debug.dylib /Applications/Xcode.app/Contents/Developer/Platforms/iPhoneSimulator.platform/Developer/usr/lib/libPreviewsJITStubExecutor_no_swift_entry_point.a /Applications/Xcode.app/Contents/Developer/Platforms/iPhoneSimulator.platform/Developer/usr/lib/libPreviewsJITStubExecutor.a --output /tmp/solosoul-fe2-ios-root-insets-ui-20261008/DerivedData/Build/Intermediates.noindex/SoloSoulFE2UIProbe.build/Debug-iphonesimulator/ProbeHost.build/ProbeHost-ExecutorLinkFileList-normal-arm64.txt
note: Using stub executor library with Swift entry point. (in target 'ProbeHost' from project 'SoloSoulFE2UIProbe')

CreateUniversalBinary /tmp/solosoul-fe2-ios-root-insets-ui-20261008/DerivedData/Build/Products/Debug-iphonesimulator/ProbeHost.app/ProbeHost.debug.dylib normal arm64\ x86_64 (in target 'ProbeHost' from project 'SoloSoulFE2UIProbe')
    cd /tmp/solosoul-fe2-ios-root-insets-ui-20261008
    /Applications/Xcode.app/Contents/Developer/Toolchains/XcodeDefault.xctoolchain/usr/bin/lipo -create /tmp/solosoul-fe2-ios-root-insets-ui-20261008/DerivedData/Build/Intermediates.noindex/SoloSoulFE2UIProbe.build/Debug-iphonesimulator/ProbeHost.build/Objects-normal/arm64/Binary/ProbeHost.debug.dylib /tmp/solosoul-fe2-ios-root-insets-ui-20261008/DerivedData/Build/Intermediates.noindex/SoloSoulFE2UIProbe.build/Debug-iphonesimulator/ProbeHost.build/Objects-normal/x86_64/Binary/ProbeHost.debug.dylib -output /tmp/solosoul-fe2-ios-root-insets-ui-20261008/DerivedData/Build/Products/Debug-iphonesimulator/ProbeHost.app/ProbeHost.debug.dylib

Ld /tmp/solosoul-fe2-ios-root-insets-ui-20261008/DerivedData/Build/Intermediates.noindex/SoloSoulFE2UIProbe.build/Debug-iphonesimulator/ProbeHost.build/Objects-normal/arm64/Binary/ProbeHost normal arm64 (in target 'ProbeHost' from project 'SoloSoulFE2UIProbe')
    cd /tmp/solosoul-fe2-ios-root-insets-ui-20261008
    /Applications/Xcode.app/Contents/Developer/Toolchains/XcodeDefault.xctoolchain/usr/bin/clang -Xlinker -reproducible -target arm64-apple-ios14.0-simulator -isysroot /Applications/Xcode.app/Contents/Developer/Platforms/iPhoneSimulator.platform/Developer/SDKs/iPhoneSimulator26.2.sdk -O0 -L/tmp/solosoul-fe2-ios-root-insets-ui-20261008/DerivedData/Build/Products/Debug-iphonesimulator -F/tmp/solosoul-fe2-ios-root-insets-ui-20261008/DerivedData/Build/Products/Debug-iphonesimulator -Xlinker -rpath -Xlinker @executable_path -Xlinker -rpath -Xlinker @executable_path/Frameworks -rdynamic -Xlinker -no_deduplicate -Xlinker -objc_abi_version -Xlinker 2 -e ___debug_blank_executor_main -Xlinker -sectcreate -Xlinker __TEXT -Xlinker __debug_dylib -Xlinker /tmp/solosoul-fe2-ios-root-insets-ui-20261008/DerivedData/Build/Intermediates.noindex/SoloSoulFE2UIProbe.build/Debug-iphonesimulator/ProbeHost.build/ProbeHost-DebugDylibPath-normal-arm64.txt -Xlinker -sectcreate -Xlinker __TEXT -Xlinker __debug_instlnm -Xlinker /tmp/solosoul-fe2-ios-root-insets-ui-20261008/DerivedData/Build/Intermediates.noindex/SoloSoulFE2UIProbe.build/Debug-iphonesimulator/ProbeHost.build/ProbeHost-DebugDylibInstallName-normal-arm64.txt -Xlinker -filelist -Xlinker /tmp/solosoul-fe2-ios-root-insets-ui-20261008/DerivedData/Build/Intermediates.noindex/SoloSoulFE2UIProbe.build/Debug-iphonesimulator/ProbeHost.build/ProbeHost-ExecutorLinkFileList-normal-arm64.txt /tmp/solosoul-fe2-ios-root-insets-ui-20261008/DerivedData/Build/Intermediates.noindex/SoloSoulFE2UIProbe.build/Debug-iphonesimulator/ProbeHost.build/Objects-normal/arm64/Binary/ProbeHost.debug.dylib -o /tmp/solosoul-fe2-ios-root-insets-ui-20261008/DerivedData/Build/Intermediates.noindex/SoloSoulFE2UIProbe.build/Debug-iphonesimulator/ProbeHost.build/Objects-normal/arm64/Binary/ProbeHost

CreateUniversalBinary /tmp/solosoul-fe2-ios-root-insets-ui-20261008/DerivedData/Build/Products/Debug-iphonesimulator/ProbeHost.app/ProbeHost normal arm64\ x86_64 (in target 'ProbeHost' from project 'SoloSoulFE2UIProbe')
    cd /tmp/solosoul-fe2-ios-root-insets-ui-20261008
    /Applications/Xcode.app/Contents/Developer/Toolchains/XcodeDefault.xctoolchain/usr/bin/lipo -create /tmp/solosoul-fe2-ios-root-insets-ui-20261008/DerivedData/Build/Intermediates.noindex/SoloSoulFE2UIProbe.build/Debug-iphonesimulator/ProbeHost.build/Objects-normal/arm64/Binary/ProbeHost /tmp/solosoul-fe2-ios-root-insets-ui-20261008/DerivedData/Build/Intermediates.noindex/SoloSoulFE2UIProbe.build/Debug-iphonesimulator/ProbeHost.build/Objects-normal/x86_64/Binary/ProbeHost -output /tmp/solosoul-fe2-ios-root-insets-ui-20261008/DerivedData/Build/Products/Debug-iphonesimulator/ProbeHost.app/ProbeHost

CopySwiftLibs /tmp/solosoul-fe2-ios-root-insets-ui-20261008/DerivedData/Build/Products/Debug-iphonesimulator/ProbeHost.app (in target 'ProbeHost' from project 'SoloSoulFE2UIProbe')
    cd /tmp/solosoul-fe2-ios-root-insets-ui-20261008
    builtin-swiftStdLibTool --copy --verbose --scan-executable /tmp/solosoul-fe2-ios-root-insets-ui-20261008/DerivedData/Build/Products/Debug-iphonesimulator/ProbeHost.app/ProbeHost.debug.dylib --scan-folder /tmp/solosoul-fe2-ios-root-insets-ui-20261008/DerivedData/Build/Products/Debug-iphonesimulator/ProbeHost.app/Frameworks --scan-folder /tmp/solosoul-fe2-ios-root-insets-ui-20261008/DerivedData/Build/Products/Debug-iphonesimulator/ProbeHost.app/PlugIns --scan-folder /tmp/solosoul-fe2-ios-root-insets-ui-20261008/DerivedData/Build/Products/Debug-iphonesimulator/ProbeHost.app/SystemExtensions --scan-folder /tmp/solosoul-fe2-ios-root-insets-ui-20261008/DerivedData/Build/Products/Debug-iphonesimulator/ProbeHost.app/Extensions --platform iphonesimulator --toolchain /Applications/Xcode.app/Contents/Developer/Toolchains/XcodeDefault.xctoolchain --destination /tmp/solosoul-fe2-ios-root-insets-ui-20261008/DerivedData/Build/Products/Debug-iphonesimulator/ProbeHost.app/Frameworks --strip-bitcode --strip-bitcode-tool /Applications/Xcode.app/Contents/Developer/Toolchains/XcodeDefault.xctoolchain/usr/bin/bitcode_strip --emit-dependency-info /tmp/solosoul-fe2-ios-root-insets-ui-20261008/DerivedData/Build/Intermediates.noindex/SoloSoulFE2UIProbe.build/Debug-iphonesimulator/ProbeHost.build/SwiftStdLibToolInputDependencies.dep --filter-for-swift-os --back-deploy-swift-concurrency --back-deploy-swift-span
Ignoring --strip-bitcode because --sign was not passed

ExtractAppIntentsMetadata (in target 'ProbeHost' from project 'SoloSoulFE2UIProbe')
    cd /tmp/solosoul-fe2-ios-root-insets-ui-20261008
    /Applications/Xcode.app/Contents/Developer/Toolchains/XcodeDefault.xctoolchain/usr/bin/appintentsmetadataprocessor --toolchain-dir /Applications/Xcode.app/Contents/Developer/Toolchains/XcodeDefault.xctoolchain --module-name ProbeHost --sdk-root /Applications/Xcode.app/Contents/Developer/Platforms/iPhoneSimulator.platform/Developer/SDKs/iPhoneSimulator26.2.sdk --xcode-version 17C529 --platform-family iOS --deployment-target 14.0 --bundle-identifier com.solosoul.fe2.ios.probehost --output /tmp/solosoul-fe2-ios-root-insets-ui-20261008/DerivedData/Build/Products/Debug-iphonesimulator/ProbeHost.app --target-triple arm64-apple-ios14.0-simulator --target-triple x86_64-apple-ios14.0-simulator --binary-file /tmp/solosoul-fe2-ios-root-insets-ui-20261008/DerivedData/Build/Products/Debug-iphonesimulator/ProbeHost.app/ProbeHost --dependency-file /tmp/solosoul-fe2-ios-root-insets-ui-20261008/DerivedData/Build/Intermediates.noindex/SoloSoulFE2UIProbe.build/Debug-iphonesimulator/ProbeHost.build/Objects-normal/arm64/ProbeHost_dependency_info.dat --dependency-file /tmp/solosoul-fe2-ios-root-insets-ui-20261008/DerivedData/Build/Intermediates.noindex/SoloSoulFE2UIProbe.build/Debug-iphonesimulator/ProbeHost.build/Objects-normal/x86_64/ProbeHost_dependency_info.dat --stringsdata-file /tmp/solosoul-fe2-ios-root-insets-ui-20261008/DerivedData/Build/Intermediates.noindex/SoloSoulFE2UIProbe.build/Debug-iphonesimulator/ProbeHost.build/Objects-normal/arm64/ExtractedAppShortcutsMetadata.stringsdata --stringsdata-file /tmp/solosoul-fe2-ios-root-insets-ui-20261008/DerivedData/Build/Intermediates.noindex/SoloSoulFE2UIProbe.build/Debug-iphonesimulator/ProbeHost.build/Objects-normal/x86_64/ExtractedAppShortcutsMetadata.stringsdata --source-file-list /tmp/solosoul-fe2-ios-root-insets-ui-20261008/DerivedData/Build/Intermediates.noindex/SoloSoulFE2UIProbe.build/Debug-iphonesimulator/ProbeHost.build/Objects-normal/arm64/ProbeHost.SwiftFileList --source-file-list /tmp/solosoul-fe2-ios-root-insets-ui-20261008/DerivedData/Build/Intermediates.noindex/SoloSoulFE2UIProbe.build/Debug-iphonesimulator/ProbeHost.build/Objects-normal/x86_64/ProbeHost.SwiftFileList --metadata-file-list /tmp/solosoul-fe2-ios-root-insets-ui-20261008/DerivedData/Build/Intermediates.noindex/SoloSoulFE2UIProbe.build/Debug-iphonesimulator/ProbeHost.build/ProbeHost.DependencyMetadataFileList --static-metadata-file-list /tmp/solosoul-fe2-ios-root-insets-ui-20261008/DerivedData/Build/Intermediates.noindex/SoloSoulFE2UIProbe.build/Debug-iphonesimulator/ProbeHost.build/ProbeHost.DependencyStaticMetadataFileList --swift-const-vals-list /tmp/solosoul-fe2-ios-root-insets-ui-20261008/DerivedData/Build/Intermediates.noindex/SoloSoulFE2UIProbe.build/Debug-iphonesimulator/ProbeHost.build/Objects-normal/arm64/ProbeHost.SwiftConstValuesFileList --swift-const-vals-list /tmp/solosoul-fe2-ios-root-insets-ui-20261008/DerivedData/Build/Intermediates.noindex/SoloSoulFE2UIProbe.build/Debug-iphonesimulator/ProbeHost.build/Objects-normal/x86_64/ProbeHost.SwiftConstValuesFileList --compile-time-extraction --deployment-aware-processing --validate-assistant-intents --no-app-shortcuts-localization
2026-10-08 07:42:01.326 appintentsmetadataprocessor[18733:246760602] Starting appintentsmetadataprocessor export
2026-10-08 07:42:01.327 appintentsmetadataprocessor[18733:246760602] warning: Metadata extraction skipped. No AppIntents.framework dependency found.

AppIntentsSSUTraining (in target 'ProbeHost' from project 'SoloSoulFE2UIProbe')
    cd /tmp/solosoul-fe2-ios-root-insets-ui-20261008
    /Applications/Xcode.app/Contents/Developer/Toolchains/XcodeDefault.xctoolchain/usr/bin/appintentsnltrainingprocessor --infoplist-path /tmp/solosoul-fe2-ios-root-insets-ui-20261008/DerivedData/Build/Products/Debug-iphonesimulator/ProbeHost.app/Info.plist --temp-dir-path /tmp/solosoul-fe2-ios-root-insets-ui-20261008/DerivedData/Build/Intermediates.noindex/SoloSoulFE2UIProbe.build/Debug-iphonesimulator/ProbeHost.build/ssu --bundle-id com.solosoul.fe2.ios.probehost --product-path /tmp/solosoul-fe2-ios-root-insets-ui-20261008/DerivedData/Build/Products/Debug-iphonesimulator/ProbeHost.app --extracted-metadata-path /tmp/solosoul-fe2-ios-root-insets-ui-20261008/DerivedData/Build/Products/Debug-iphonesimulator/ProbeHost.app/Metadata.appintents --metadata-file-list /tmp/solosoul-fe2-ios-root-insets-ui-20261008/DerivedData/Build/Intermediates.noindex/SoloSoulFE2UIProbe.build/Debug-iphonesimulator/ProbeHost.build/ProbeHost.DependencyMetadataFileList --archive-ssu-assets
2026-10-08 07:42:01.349 appintentsnltrainingprocessor[18734:246760604] Parsing options for appintentsnltrainingprocessor
2026-10-08 07:42:01.350 appintentsnltrainingprocessor[18734:246760604] No AppShortcuts found - Skipping.

RegisterExecutionPolicyException /tmp/solosoul-fe2-ios-root-insets-ui-20261008/DerivedData/Build/Products/Debug-iphonesimulator/ProbeHost.app (in target 'ProbeHost' from project 'SoloSoulFE2UIProbe')
    cd /tmp/solosoul-fe2-ios-root-insets-ui-20261008
    builtin-RegisterExecutionPolicyException /tmp/solosoul-fe2-ios-root-insets-ui-20261008/DerivedData/Build/Products/Debug-iphonesimulator/ProbeHost.app

Validate /tmp/solosoul-fe2-ios-root-insets-ui-20261008/DerivedData/Build/Products/Debug-iphonesimulator/ProbeHost.app (in target 'ProbeHost' from project 'SoloSoulFE2UIProbe')
    cd /tmp/solosoul-fe2-ios-root-insets-ui-20261008
    builtin-validationUtility /tmp/solosoul-fe2-ios-root-insets-ui-20261008/DerivedData/Build/Products/Debug-iphonesimulator/ProbeHost.app -shallow-bundle -infoplist-subpath Info.plist

Touch /tmp/solosoul-fe2-ios-root-insets-ui-20261008/DerivedData/Build/Products/Debug-iphonesimulator/ProbeHost.app (in target 'ProbeHost' from project 'SoloSoulFE2UIProbe')
    cd /tmp/solosoul-fe2-ios-root-insets-ui-20261008
    /usr/bin/touch -c /tmp/solosoul-fe2-ios-root-insets-ui-20261008/DerivedData/Build/Products/Debug-iphonesimulator/ProbeHost.app

ProcessInfoPlistFile /tmp/solosoul-fe2-ios-root-insets-ui-20261008/DerivedData/Build/Products/Debug-iphonesimulator/ProbeTests-Runner.app/PlugIns/ProbeTests.xctest/Info.plist /tmp/solosoul-fe2-ios-root-insets-ui-20261008/DerivedData/Build/Intermediates.noindex/SoloSoulFE2UIProbe.build/Debug-iphonesimulator/ProbeTests.build/empty-ProbeTests.plist (in target 'ProbeTests' from project 'SoloSoulFE2UIProbe')
    cd /tmp/solosoul-fe2-ios-root-insets-ui-20261008
    builtin-infoPlistUtility /tmp/solosoul-fe2-ios-root-insets-ui-20261008/DerivedData/Build/Intermediates.noindex/SoloSoulFE2UIProbe.build/Debug-iphonesimulator/ProbeTests.build/empty-ProbeTests.plist -producttype com.apple.product-type.bundle.ui-testing -expandbuildsettings -format binary -platform iphonesimulator -additionalcontentfile /tmp/solosoul-fe2-ios-root-insets-ui-20261008/DerivedData/Build/Intermediates.noindex/SoloSoulFE2UIProbe.build/Debug-iphonesimulator/ProbeTests.build/ProductTypeInfoPlistAdditions.plist -o /tmp/solosoul-fe2-ios-root-insets-ui-20261008/DerivedData/Build/Products/Debug-iphonesimulator/ProbeTests-Runner.app/PlugIns/ProbeTests.xctest/Info.plist

Ld /tmp/solosoul-fe2-ios-root-insets-ui-20261008/DerivedData/Build/Intermediates.noindex/SoloSoulFE2UIProbe.build/Debug-iphonesimulator/ProbeTests.build/Objects-normal/arm64/Binary/ProbeTests normal arm64 (in target 'ProbeTests' from project 'SoloSoulFE2UIProbe')
    cd /tmp/solosoul-fe2-ios-root-insets-ui-20261008
    /Applications/Xcode.app/Contents/Developer/Toolchains/XcodeDefault.xctoolchain/usr/bin/clang -Xlinker -reproducible -target arm64-apple-ios14.0-simulator -bundle -isysroot /Applications/Xcode.app/Contents/Developer/Platforms/iPhoneSimulator.platform/Developer/SDKs/iPhoneSimulator26.2.sdk -O0 -L/tmp/solosoul-fe2-ios-root-insets-ui-20261008/DerivedData/Build/Intermediates.noindex/EagerLinkingTBDs/Debug-iphonesimulator -L/tmp/solosoul-fe2-ios-root-insets-ui-20261008/DerivedData/Build/Products/Debug-iphonesimulator -L/Applications/Xcode.app/Contents/Developer/Platforms/iPhoneSimulator.platform/Developer/usr/lib -F/tmp/solosoul-fe2-ios-root-insets-ui-20261008/DerivedData/Build/Intermediates.noindex/EagerLinkingTBDs/Debug-iphonesimulator -F/tmp/solosoul-fe2-ios-root-insets-ui-20261008/DerivedData/Build/Products/Debug-iphonesimulator -iframework /Applications/Xcode.app/Contents/Developer/Platforms/iPhoneSimulator.platform/Developer/Library/Frameworks -iframework /Applications/Xcode.app/Contents/Developer/Platforms/iPhoneSimulator.platform/Developer/SDKs/iPhoneSimulator26.2.sdk/Developer/Library/Frameworks -filelist /tmp/solosoul-fe2-ios-root-insets-ui-20261008/DerivedData/Build/Intermediates.noindex/SoloSoulFE2UIProbe.build/Debug-iphonesimulator/ProbeTests.build/Objects-normal/arm64/ProbeTests.LinkFileList -Xlinker -rpath -Xlinker /usr/lib/swift -Xlinker -rpath -Xlinker @loader_path/Frameworks -Xlinker -rpath -Xlinker @executable_path/Frameworks -dead_strip -Xlinker -object_path_lto -Xlinker /tmp/solosoul-fe2-ios-root-insets-ui-20261008/DerivedData/Build/Intermediates.noindex/SoloSoulFE2UIProbe.build/Debug-iphonesimulator/ProbeTests.build/Objects-normal/arm64/ProbeTests_lto.o -rdynamic -Xlinker -no_deduplicate -Xlinker -objc_abi_version -Xlinker 2 -Xlinker -dependency_info -Xlinker /tmp/solosoul-fe2-ios-root-insets-ui-20261008/DerivedData/Build/Intermediates.noindex/SoloSoulFE2UIProbe.build/Debug-iphonesimulator/ProbeTests.build/Objects-normal/arm64/ProbeTests_dependency_info.dat -fobjc-link-runtime -L/Applications/Xcode.app/Contents/Developer/Toolchains/XcodeDefault.xctoolchain/usr/lib/swift/iphonesimulator -L/usr/lib/swift -Xlinker -add_ast_path -Xlinker /tmp/solosoul-fe2-ios-root-insets-ui-20261008/DerivedData/Build/Intermediates.noindex/SoloSoulFE2UIProbe.build/Debug-iphonesimulator/ProbeTests.build/Objects-normal/arm64/ProbeTests.swiftmodule @/tmp/solosoul-fe2-ios-root-insets-ui-20261008/DerivedData/Build/Intermediates.noindex/SoloSoulFE2UIProbe.build/Debug-iphonesimulator/ProbeTests.build/Objects-normal/arm64/ProbeTests-linker-args.resp -Xlinker -needed_framework -Xlinker XCTest -framework XCTest -Xlinker -needed-lXCTestSwiftSupport -lXCTestSwiftSupport -o /tmp/solosoul-fe2-ios-root-insets-ui-20261008/DerivedData/Build/Intermediates.noindex/SoloSoulFE2UIProbe.build/Debug-iphonesimulator/ProbeTests.build/Objects-normal/arm64/Binary/ProbeTests

Ld /tmp/solosoul-fe2-ios-root-insets-ui-20261008/DerivedData/Build/Intermediates.noindex/SoloSoulFE2UIProbe.build/Debug-iphonesimulator/ProbeTests.build/Objects-normal/x86_64/Binary/ProbeTests normal x86_64 (in target 'ProbeTests' from project 'SoloSoulFE2UIProbe')
    cd /tmp/solosoul-fe2-ios-root-insets-ui-20261008
    /Applications/Xcode.app/Contents/Developer/Toolchains/XcodeDefault.xctoolchain/usr/bin/clang -Xlinker -reproducible -target x86_64-apple-ios14.0-simulator -bundle -isysroot /Applications/Xcode.app/Contents/Developer/Platforms/iPhoneSimulator.platform/Developer/SDKs/iPhoneSimulator26.2.sdk -O0 -L/tmp/solosoul-fe2-ios-root-insets-ui-20261008/DerivedData/Build/Intermediates.noindex/EagerLinkingTBDs/Debug-iphonesimulator -L/tmp/solosoul-fe2-ios-root-insets-ui-20261008/DerivedData/Build/Products/Debug-iphonesimulator -L/Applications/Xcode.app/Contents/Developer/Platforms/iPhoneSimulator.platform/Developer/usr/lib -F/tmp/solosoul-fe2-ios-root-insets-ui-20261008/DerivedData/Build/Intermediates.noindex/EagerLinkingTBDs/Debug-iphonesimulator -F/tmp/solosoul-fe2-ios-root-insets-ui-20261008/DerivedData/Build/Products/Debug-iphonesimulator -iframework /Applications/Xcode.app/Contents/Developer/Platforms/iPhoneSimulator.platform/Developer/Library/Frameworks -iframework /Applications/Xcode.app/Contents/Developer/Platforms/iPhoneSimulator.platform/Developer/SDKs/iPhoneSimulator26.2.sdk/Developer/Library/Frameworks -filelist /tmp/solosoul-fe2-ios-root-insets-ui-20261008/DerivedData/Build/Intermediates.noindex/SoloSoulFE2UIProbe.build/Debug-iphonesimulator/ProbeTests.build/Objects-normal/x86_64/ProbeTests.LinkFileList -Xlinker -rpath -Xlinker /usr/lib/swift -Xlinker -rpath -Xlinker @loader_path/Frameworks -Xlinker -rpath -Xlinker @executable_path/Frameworks -dead_strip -Xlinker -object_path_lto -Xlinker /tmp/solosoul-fe2-ios-root-insets-ui-20261008/DerivedData/Build/Intermediates.noindex/SoloSoulFE2UIProbe.build/Debug-iphonesimulator/ProbeTests.build/Objects-normal/x86_64/ProbeTests_lto.o -rdynamic -Xlinker -no_deduplicate -Xlinker -objc_abi_version -Xlinker 2 -Xlinker -dependency_info -Xlinker /tmp/solosoul-fe2-ios-root-insets-ui-20261008/DerivedData/Build/Intermediates.noindex/SoloSoulFE2UIProbe.build/Debug-iphonesimulator/ProbeTests.build/Objects-normal/x86_64/ProbeTests_dependency_info.dat -fobjc-link-runtime -L/Applications/Xcode.app/Contents/Developer/Toolchains/XcodeDefault.xctoolchain/usr/lib/swift/iphonesimulator -L/usr/lib/swift -Xlinker -add_ast_path -Xlinker /tmp/solosoul-fe2-ios-root-insets-ui-20261008/DerivedData/Build/Intermediates.noindex/SoloSoulFE2UIProbe.build/Debug-iphonesimulator/ProbeTests.build/Objects-normal/x86_64/ProbeTests.swiftmodule @/tmp/solosoul-fe2-ios-root-insets-ui-20261008/DerivedData/Build/Intermediates.noindex/SoloSoulFE2UIProbe.build/Debug-iphonesimulator/ProbeTests.build/Objects-normal/x86_64/ProbeTests-linker-args.resp -Xlinker -needed_framework -Xlinker XCTest -framework XCTest -Xlinker -needed-lXCTestSwiftSupport -lXCTestSwiftSupport -o /tmp/solosoul-fe2-ios-root-insets-ui-20261008/DerivedData/Build/Intermediates.noindex/SoloSoulFE2UIProbe.build/Debug-iphonesimulator/ProbeTests.build/Objects-normal/x86_64/Binary/ProbeTests

CreateUniversalBinary /tmp/solosoul-fe2-ios-root-insets-ui-20261008/DerivedData/Build/Products/Debug-iphonesimulator/ProbeTests-Runner.app/PlugIns/ProbeTests.xctest/ProbeTests normal arm64\ x86_64 (in target 'ProbeTests' from project 'SoloSoulFE2UIProbe')
    cd /tmp/solosoul-fe2-ios-root-insets-ui-20261008
    /Applications/Xcode.app/Contents/Developer/Toolchains/XcodeDefault.xctoolchain/usr/bin/lipo -create /tmp/solosoul-fe2-ios-root-insets-ui-20261008/DerivedData/Build/Intermediates.noindex/SoloSoulFE2UIProbe.build/Debug-iphonesimulator/ProbeTests.build/Objects-normal/arm64/Binary/ProbeTests /tmp/solosoul-fe2-ios-root-insets-ui-20261008/DerivedData/Build/Intermediates.noindex/SoloSoulFE2UIProbe.build/Debug-iphonesimulator/ProbeTests.build/Objects-normal/x86_64/Binary/ProbeTests -output /tmp/solosoul-fe2-ios-root-insets-ui-20261008/DerivedData/Build/Products/Debug-iphonesimulator/ProbeTests-Runner.app/PlugIns/ProbeTests.xctest/ProbeTests

CopySwiftLibs /tmp/solosoul-fe2-ios-root-insets-ui-20261008/DerivedData/Build/Products/Debug-iphonesimulator/ProbeTests-Runner.app/PlugIns/ProbeTests.xctest (in target 'ProbeTests' from project 'SoloSoulFE2UIProbe')
    cd /tmp/solosoul-fe2-ios-root-insets-ui-20261008
    builtin-swiftStdLibTool --copy --verbose --scan-executable /tmp/solosoul-fe2-ios-root-insets-ui-20261008/DerivedData/Build/Products/Debug-iphonesimulator/ProbeTests-Runner.app/PlugIns/ProbeTests.xctest/ProbeTests --scan-folder /tmp/solosoul-fe2-ios-root-insets-ui-20261008/DerivedData/Build/Products/Debug-iphonesimulator/ProbeTests-Runner.app/PlugIns/ProbeTests.xctest/Frameworks --scan-folder /tmp/solosoul-fe2-ios-root-insets-ui-20261008/DerivedData/Build/Products/Debug-iphonesimulator/ProbeTests-Runner.app/PlugIns/ProbeTests.xctest/PlugIns --scan-folder /tmp/solosoul-fe2-ios-root-insets-ui-20261008/DerivedData/Build/Products/Debug-iphonesimulator/ProbeTests-Runner.app/PlugIns/ProbeTests.xctest/SystemExtensions --scan-folder /tmp/solosoul-fe2-ios-root-insets-ui-20261008/DerivedData/Build/Products/Debug-iphonesimulator/ProbeTests-Runner.app/PlugIns/ProbeTests.xctest/Extensions --platform iphonesimulator --toolchain /Applications/Xcode.app/Contents/Developer/Toolchains/XcodeDefault.xctoolchain --destination /tmp/solosoul-fe2-ios-root-insets-ui-20261008/DerivedData/Build/Products/Debug-iphonesimulator/ProbeTests-Runner.app/PlugIns/ProbeTests.xctest/Frameworks --strip-bitcode --scan-executable /Applications/Xcode.app/Contents/Developer/Platforms/iPhoneSimulator.platform/Developer/usr/lib/libXCTestSwiftSupport.dylib --strip-bitcode-tool /Applications/Xcode.app/Contents/Developer/Toolchains/XcodeDefault.xctoolchain/usr/bin/bitcode_strip --emit-dependency-info /tmp/solosoul-fe2-ios-root-insets-ui-20261008/DerivedData/Build/Intermediates.noindex/SoloSoulFE2UIProbe.build/Debug-iphonesimulator/ProbeTests.build/SwiftStdLibToolInputDependencies.dep --filter-for-swift-os --back-deploy-swift-concurrency --back-deploy-swift-span
Ignoring --strip-bitcode because --sign was not passed
Copying /Applications/Xcode.app/Contents/Developer/Toolchains/XcodeDefault.xctoolchain/usr/lib/swift-5.5/iphonesimulator/libswift_Concurrency.dylib to /tmp/solosoul-fe2-ios-root-insets-ui-20261008/DerivedData/Build/Products/Debug-iphonesimulator/ProbeTests-Runner.app/PlugIns/ProbeTests.xctest/Frameworks/libswift_Concurrency.dylib

ExtractAppIntentsMetadata (in target 'ProbeTests' from project 'SoloSoulFE2UIProbe')
    cd /tmp/solosoul-fe2-ios-root-insets-ui-20261008
    /Applications/Xcode.app/Contents/Developer/Toolchains/XcodeDefault.xctoolchain/usr/bin/appintentsmetadataprocessor --toolchain-dir /Applications/Xcode.app/Contents/Developer/Toolchains/XcodeDefault.xctoolchain --module-name ProbeTests --sdk-root /Applications/Xcode.app/Contents/Developer/Platforms/iPhoneSimulator.platform/Developer/SDKs/iPhoneSimulator26.2.sdk --xcode-version 17C529 --platform-family iOS --deployment-target 14.0 --bundle-identifier com.solosoul.fe2.ios.probetests --output /tmp/solosoul-fe2-ios-root-insets-ui-20261008/DerivedData/Build/Products/Debug-iphonesimulator/ProbeTests-Runner.app/PlugIns/ProbeTests.xctest --target-triple arm64-apple-ios14.0-simulator --target-triple x86_64-apple-ios14.0-simulator --binary-file /tmp/solosoul-fe2-ios-root-insets-ui-20261008/DerivedData/Build/Products/Debug-iphonesimulator/ProbeTests-Runner.app/PlugIns/ProbeTests.xctest/ProbeTests --dependency-file /tmp/solosoul-fe2-ios-root-insets-ui-20261008/DerivedData/Build/Intermediates.noindex/SoloSoulFE2UIProbe.build/Debug-iphonesimulator/ProbeTests.build/Objects-normal/arm64/ProbeTests_dependency_info.dat --dependency-file /tmp/solosoul-fe2-ios-root-insets-ui-20261008/DerivedData/Build/Intermediates.noindex/SoloSoulFE2UIProbe.build/Debug-iphonesimulator/ProbeTests.build/Objects-normal/x86_64/ProbeTests_dependency_info.dat --stringsdata-file /tmp/solosoul-fe2-ios-root-insets-ui-20261008/DerivedData/Build/Intermediates.noindex/SoloSoulFE2UIProbe.build/Debug-iphonesimulator/ProbeTests.build/Objects-normal/arm64/ExtractedAppShortcutsMetadata.stringsdata --stringsdata-file /tmp/solosoul-fe2-ios-root-insets-ui-20261008/DerivedData/Build/Intermediates.noindex/SoloSoulFE2UIProbe.build/Debug-iphonesimulator/ProbeTests.build/Objects-normal/x86_64/ExtractedAppShortcutsMetadata.stringsdata --source-file-list /tmp/solosoul-fe2-ios-root-insets-ui-20261008/DerivedData/Build/Intermediates.noindex/SoloSoulFE2UIProbe.build/Debug-iphonesimulator/ProbeTests.build/Objects-normal/arm64/ProbeTests.SwiftFileList --source-file-list /tmp/solosoul-fe2-ios-root-insets-ui-20261008/DerivedData/Build/Intermediates.noindex/SoloSoulFE2UIProbe.build/Debug-iphonesimulator/ProbeTests.build/Objects-normal/x86_64/ProbeTests.SwiftFileList --metadata-file-list /tmp/solosoul-fe2-ios-root-insets-ui-20261008/DerivedData/Build/Intermediates.noindex/SoloSoulFE2UIProbe.build/Debug-iphonesimulator/ProbeTests.build/ProbeTests.DependencyMetadataFileList --static-metadata-file-list /tmp/solosoul-fe2-ios-root-insets-ui-20261008/DerivedData/Build/Intermediates.noindex/SoloSoulFE2UIProbe.build/Debug-iphonesimulator/ProbeTests.build/ProbeTests.DependencyStaticMetadataFileList --swift-const-vals-list /tmp/solosoul-fe2-ios-root-insets-ui-20261008/DerivedData/Build/Intermediates.noindex/SoloSoulFE2UIProbe.build/Debug-iphonesimulator/ProbeTests.build/Objects-normal/arm64/ProbeTests.SwiftConstValuesFileList --swift-const-vals-list /tmp/solosoul-fe2-ios-root-insets-ui-20261008/DerivedData/Build/Intermediates.noindex/SoloSoulFE2UIProbe.build/Debug-iphonesimulator/ProbeTests.build/Objects-normal/x86_64/ProbeTests.SwiftConstValuesFileList --compile-time-extraction --deployment-aware-processing --validate-assistant-intents --no-app-shortcuts-localization
2026-10-08 07:42:01.699 appintentsmetadataprocessor[18747:246760679] Starting appintentsmetadataprocessor export
2026-10-08 07:42:01.701 appintentsmetadataprocessor[18747:246760679] warning: Metadata extraction skipped. No AppIntents.framework dependency found.

AppIntentsSSUTraining (in target 'ProbeTests' from project 'SoloSoulFE2UIProbe')
    cd /tmp/solosoul-fe2-ios-root-insets-ui-20261008
    /Applications/Xcode.app/Contents/Developer/Toolchains/XcodeDefault.xctoolchain/usr/bin/appintentsnltrainingprocessor --infoplist-path /tmp/solosoul-fe2-ios-root-insets-ui-20261008/DerivedData/Build/Products/Debug-iphonesimulator/ProbeTests-Runner.app/PlugIns/ProbeTests.xctest/Info.plist --temp-dir-path /tmp/solosoul-fe2-ios-root-insets-ui-20261008/DerivedData/Build/Intermediates.noindex/SoloSoulFE2UIProbe.build/Debug-iphonesimulator/ProbeTests.build/ssu --bundle-id com.solosoul.fe2.ios.probetests --product-path /tmp/solosoul-fe2-ios-root-insets-ui-20261008/DerivedData/Build/Products/Debug-iphonesimulator/ProbeTests-Runner.app/PlugIns/ProbeTests.xctest --extracted-metadata-path /tmp/solosoul-fe2-ios-root-insets-ui-20261008/DerivedData/Build/Products/Debug-iphonesimulator/ProbeTests-Runner.app/PlugIns/ProbeTests.xctest/Metadata.appintents --metadata-file-list /tmp/solosoul-fe2-ios-root-insets-ui-20261008/DerivedData/Build/Intermediates.noindex/SoloSoulFE2UIProbe.build/Debug-iphonesimulator/ProbeTests.build/ProbeTests.DependencyMetadataFileList --archive-ssu-assets
2026-10-08 07:42:01.723 appintentsnltrainingprocessor[18749:246760703] Parsing options for appintentsnltrainingprocessor
2026-10-08 07:42:01.723 appintentsnltrainingprocessor[18749:246760703] No AppShortcuts found - Skipping.

CopyPlistFile /tmp/solosoul-fe2-ios-root-insets-ui-20261008/DerivedData/Build/Products/Debug-iphonesimulator/ProbeTests-Runner.app/Info.plist /Applications/Xcode.app/Contents/Developer/Platforms/iPhoneSimulator.platform/Developer/Library/Xcode/Agents/XCTRunner.app/Info.plist (in target 'ProbeTests' from project 'SoloSoulFE2UIProbe')
    cd /tmp/solosoul-fe2-ios-root-insets-ui-20261008
    builtin-copyPlist --validate --convert xml1 --macro-expansion WRAPPEDPRODUCTNAME ProbeTests-Runner --macro-expansion WRAPPEDPRODUCTBUNDLEIDENTIFIER com.solosoul.fe2.ios.probetests.xctrunner --macro-expansion TESTPRODUCTNAME ProbeTests --macro-expansion TESTPRODUCTBUNDLEIDENTIFIER com.solosoul.fe2.ios.probetests --copy-value UIDeviceFamily /tmp/solosoul-fe2-ios-root-insets-ui-20261008/DerivedData/Build/Products/Debug-iphonesimulator/ProbeTests-Runner.app/PlugIns/ProbeTests.xctest/Info.plist --outdir /tmp/solosoul-fe2-ios-root-insets-ui-20261008/DerivedData/Build/Products/Debug-iphonesimulator/ProbeTests-Runner.app -- /Applications/Xcode.app/Contents/Developer/Platforms/iPhoneSimulator.platform/Developer/Library/Xcode/Agents/XCTRunner.app/Info.plist

MkDir /tmp/solosoul-fe2-ios-root-insets-ui-20261008/DerivedData/Build/Products/Debug-iphonesimulator/ProbeTests-Runner.app (in target 'ProbeTests' from project 'SoloSoulFE2UIProbe')
    cd /tmp/solosoul-fe2-ios-root-insets-ui-20261008
    /bin/mkdir -p /tmp/solosoul-fe2-ios-root-insets-ui-20261008/DerivedData/Build/Products/Debug-iphonesimulator/ProbeTests-Runner.app

CopyAndPreserveArchs /tmp/solosoul-fe2-ios-root-insets-ui-20261008/DerivedData/Build/Products/Debug-iphonesimulator/ProbeTests-Runner.app/ProbeTests-Runner (in target 'ProbeTests' from project 'SoloSoulFE2UIProbe')
    cd /tmp/solosoul-fe2-ios-root-insets-ui-20261008
    /Applications/Xcode.app/Contents/Developer/Toolchains/XcodeDefault.xctoolchain/usr/bin/lipo /Applications/Xcode.app/Contents/Developer/Platforms/iPhoneSimulator.platform/Developer/Library/Xcode/Agents/XCTRunner.app/XCTRunner -output /tmp/solosoul-fe2-ios-root-insets-ui-20261008/DerivedData/Build/Products/Debug-iphonesimulator/ProbeTests-Runner.app/ProbeTests-Runner -extract arm64 -extract x86_64

Copy /tmp/solosoul-fe2-ios-root-insets-ui-20261008/DerivedData/Build/Products/Debug-iphonesimulator/ProbeTests-Runner.app/PkgInfo /Applications/Xcode.app/Contents/Developer/Platforms/iPhoneSimulator.platform/Developer/Library/Xcode/Agents/XCTRunner.app/PkgInfo (in target 'ProbeTests' from project 'SoloSoulFE2UIProbe')
    cd /tmp/solosoul-fe2-ios-root-insets-ui-20261008
    builtin-copy -exclude .DS_Store -exclude CVS -exclude .svn -exclude .git -exclude .hg -resolve-src-symlinks /Applications/Xcode.app/Contents/Developer/Platforms/iPhoneSimulator.platform/Developer/Library/Xcode/Agents/XCTRunner.app/PkgInfo /tmp/solosoul-fe2-ios-root-insets-ui-20261008/DerivedData/Build/Products/Debug-iphonesimulator/ProbeTests-Runner.app

Copy /tmp/solosoul-fe2-ios-root-insets-ui-20261008/DerivedData/Build/Products/Debug-iphonesimulator/ProbeTests-Runner.app/Frameworks/XCUnit.framework /Applications/Xcode.app/Contents/Developer/Platforms/iPhoneSimulator.platform/Developer/Library/PrivateFrameworks/XCUnit.framework (in target 'ProbeTests' from project 'SoloSoulFE2UIProbe')
    cd /tmp/solosoul-fe2-ios-root-insets-ui-20261008
    builtin-copy -exclude .DS_Store -exclude CVS -exclude .svn -exclude .git -exclude .hg -exclude Headers -exclude PrivateHeaders -exclude Modules -exclude \*.tbd -resolve-src-symlinks /Applications/Xcode.app/Contents/Developer/Platforms/iPhoneSimulator.platform/Developer/Library/PrivateFrameworks/XCUnit.framework /tmp/solosoul-fe2-ios-root-insets-ui-20261008/DerivedData/Build/Products/Debug-iphonesimulator/ProbeTests-Runner.app/Frameworks

Copy /tmp/solosoul-fe2-ios-root-insets-ui-20261008/DerivedData/Build/Products/Debug-iphonesimulator/ProbeTests-Runner.app/Frameworks/libXCTestSwiftSupport.dylib /Applications/Xcode.app/Contents/Developer/Platforms/iPhoneSimulator.platform/Developer/usr/lib/libXCTestSwiftSupport.dylib (in target 'ProbeTests' from project 'SoloSoulFE2UIProbe')
    cd /tmp/solosoul-fe2-ios-root-insets-ui-20261008
    builtin-copy -exclude .DS_Store -exclude CVS -exclude .svn -exclude .git -exclude .hg -exclude Headers -exclude PrivateHeaders -exclude Modules -exclude \*.tbd -resolve-src-symlinks /Applications/Xcode.app/Contents/Developer/Platforms/iPhoneSimulator.platform/Developer/usr/lib/libXCTestSwiftSupport.dylib /tmp/solosoul-fe2-ios-root-insets-ui-20261008/DerivedData/Build/Products/Debug-iphonesimulator/ProbeTests-Runner.app/Frameworks

Copy /tmp/solosoul-fe2-ios-root-insets-ui-20261008/DerivedData/Build/Products/Debug-iphonesimulator/ProbeTests-Runner.app/Frameworks/XCUIAutomation.framework /Applications/Xcode.app/Contents/Developer/Platforms/iPhoneSimulator.platform/Developer/Library/Frameworks/XCUIAutomation.framework (in target 'ProbeTests' from project 'SoloSoulFE2UIProbe')
    cd /tmp/solosoul-fe2-ios-root-insets-ui-20261008
    builtin-copy -exclude .DS_Store -exclude CVS -exclude .svn -exclude .git -exclude .hg -exclude Headers -exclude PrivateHeaders -exclude Modules -exclude \*.tbd -resolve-src-symlinks /Applications/Xcode.app/Contents/Developer/Platforms/iPhoneSimulator.platform/Developer/Library/Frameworks/XCUIAutomation.framework /tmp/solosoul-fe2-ios-root-insets-ui-20261008/DerivedData/Build/Products/Debug-iphonesimulator/ProbeTests-Runner.app/Frameworks

Copy /tmp/solosoul-fe2-ios-root-insets-ui-20261008/DerivedData/Build/Products/Debug-iphonesimulator/ProbeTests-Runner.app/Frameworks/XCTestSupport.framework /Applications/Xcode.app/Contents/Developer/Platforms/iPhoneSimulator.platform/Developer/Library/PrivateFrameworks/XCTestSupport.framework (in target 'ProbeTests' from project 'SoloSoulFE2UIProbe')
    cd /tmp/solosoul-fe2-ios-root-insets-ui-20261008
    builtin-copy -exclude .DS_Store -exclude CVS -exclude .svn -exclude .git -exclude .hg -exclude Headers -exclude PrivateHeaders -exclude Modules -exclude \*.tbd -resolve-src-symlinks /Applications/Xcode.app/Contents/Developer/Platforms/iPhoneSimulator.platform/Developer/Library/PrivateFrameworks/XCTestSupport.framework /tmp/solosoul-fe2-ios-root-insets-ui-20261008/DerivedData/Build/Products/Debug-iphonesimulator/ProbeTests-Runner.app/Frameworks

Copy /tmp/solosoul-fe2-ios-root-insets-ui-20261008/DerivedData/Build/Products/Debug-iphonesimulator/ProbeTests-Runner.app/Frameworks/XCTestCore.framework /Applications/Xcode.app/Contents/Developer/Platforms/iPhoneSimulator.platform/Developer/Library/PrivateFrameworks/XCTestCore.framework (in target 'ProbeTests' from project 'SoloSoulFE2UIProbe')
    cd /tmp/solosoul-fe2-ios-root-insets-ui-20261008
    builtin-copy -exclude .DS_Store -exclude CVS -exclude .svn -exclude .git -exclude .hg -exclude Headers -exclude PrivateHeaders -exclude Modules -exclude \*.tbd -resolve-src-symlinks /Applications/Xcode.app/Contents/Developer/Platforms/iPhoneSimulator.platform/Developer/Library/PrivateFrameworks/XCTestCore.framework /tmp/solosoul-fe2-ios-root-insets-ui-20261008/DerivedData/Build/Products/Debug-iphonesimulator/ProbeTests-Runner.app/Frameworks

Copy /tmp/solosoul-fe2-ios-root-insets-ui-20261008/DerivedData/Build/Products/Debug-iphonesimulator/ProbeTests-Runner.app/Frameworks/XCTest.framework /Applications/Xcode.app/Contents/Developer/Platforms/iPhoneSimulator.platform/Developer/Library/Frameworks/XCTest.framework (in target 'ProbeTests' from project 'SoloSoulFE2UIProbe')
    cd /tmp/solosoul-fe2-ios-root-insets-ui-20261008
    builtin-copy -exclude .DS_Store -exclude CVS -exclude .svn -exclude .git -exclude .hg -exclude Headers -exclude PrivateHeaders -exclude Modules -exclude \*.tbd -resolve-src-symlinks /Applications/Xcode.app/Contents/Developer/Platforms/iPhoneSimulator.platform/Developer/Library/Frameworks/XCTest.framework /tmp/solosoul-fe2-ios-root-insets-ui-20261008/DerivedData/Build/Products/Debug-iphonesimulator/ProbeTests-Runner.app/Frameworks

Copy /tmp/solosoul-fe2-ios-root-insets-ui-20261008/DerivedData/Build/Products/Debug-iphonesimulator/ProbeTests-Runner.app/Frameworks/XCTAutomationSupport.framework /Applications/Xcode.app/Contents/Developer/Platforms/iPhoneSimulator.platform/Developer/Library/PrivateFrameworks/XCTAutomationSupport.framework (in target 'ProbeTests' from project 'SoloSoulFE2UIProbe')
    cd /tmp/solosoul-fe2-ios-root-insets-ui-20261008
    builtin-copy -exclude .DS_Store -exclude CVS -exclude .svn -exclude .git -exclude .hg -exclude Headers -exclude PrivateHeaders -exclude Modules -exclude \*.tbd -resolve-src-symlinks /Applications/Xcode.app/Contents/Developer/Platforms/iPhoneSimulator.platform/Developer/Library/PrivateFrameworks/XCTAutomationSupport.framework /tmp/solosoul-fe2-ios-root-insets-ui-20261008/DerivedData/Build/Products/Debug-iphonesimulator/ProbeTests-Runner.app/Frameworks

Copy /tmp/solosoul-fe2-ios-root-insets-ui-20261008/DerivedData/Build/Products/Debug-iphonesimulator/ProbeTests-Runner.app/Frameworks/Testing.framework /Applications/Xcode.app/Contents/Developer/Platforms/iPhoneSimulator.platform/Developer/Library/Frameworks/Testing.framework (in target 'ProbeTests' from project 'SoloSoulFE2UIProbe')
    cd /tmp/solosoul-fe2-ios-root-insets-ui-20261008
    builtin-copy -exclude .DS_Store -exclude CVS -exclude .svn -exclude .git -exclude .hg -exclude Headers -exclude PrivateHeaders -exclude Modules -exclude \*.tbd -resolve-src-symlinks /Applications/Xcode.app/Contents/Developer/Platforms/iPhoneSimulator.platform/Developer/Library/Frameworks/Testing.framework /tmp/solosoul-fe2-ios-root-insets-ui-20261008/DerivedData/Build/Products/Debug-iphonesimulator/ProbeTests-Runner.app/Frameworks

RegisterExecutionPolicyException /tmp/solosoul-fe2-ios-root-insets-ui-20261008/DerivedData/Build/Products/Debug-iphonesimulator/ProbeTests-Runner.app/PlugIns/ProbeTests.xctest (in target 'ProbeTests' from project 'SoloSoulFE2UIProbe')
    cd /tmp/solosoul-fe2-ios-root-insets-ui-20261008
    builtin-RegisterExecutionPolicyException /tmp/solosoul-fe2-ios-root-insets-ui-20261008/DerivedData/Build/Products/Debug-iphonesimulator/ProbeTests-Runner.app/PlugIns/ProbeTests.xctest

Touch /tmp/solosoul-fe2-ios-root-insets-ui-20261008/DerivedData/Build/Products/Debug-iphonesimulator/ProbeTests-Runner.app/PlugIns/ProbeTests.xctest (in target 'ProbeTests' from project 'SoloSoulFE2UIProbe')
    cd /tmp/solosoul-fe2-ios-root-insets-ui-20261008
    /usr/bin/touch -c /tmp/solosoul-fe2-ios-root-insets-ui-20261008/DerivedData/Build/Products/Debug-iphonesimulator/ProbeTests-Runner.app/PlugIns/ProbeTests.xctest

** TEST BUILD SUCCEEDED **

