Command line invocation:
    /Applications/Xcode.app/Contents/Developer/usr/bin/xcodebuild -project SoloSoulFE2UIProbe.xcodeproj -scheme Probe -destination "platform=iOS Simulator,id=362BC1AE-06B5-4ADE-BAA8-E36935C4AE2C" -derivedDataPath DerivedData -parallel-testing-enabled NO build-for-testing CODE_SIGNING_ALLOWED=NO

Build settings from command line:
    CODE_SIGNING_ALLOWED = NO

ComputePackagePrebuildTargetDependencyGraph

Prepare packages

CreateBuildRequest

SendProjectDescription

CreateBuildOperation

ComputeTargetDependencyGraph
note: Building targets in dependency order
note: Target dependency graph (2 targets)
    Target 'ProbeTests' in project 'SoloSoulFE2UIProbe'
        ➜ Explicit dependency on target 'ProbeHost' in project 'SoloSoulFE2UIProbe'
    Target 'ProbeHost' in project 'SoloSoulFE2UIProbe' (no dependencies)

GatherProvisioningInputs

CreateBuildDescription

ExecuteExternalTool /Applications/Xcode.app/Contents/Developer/Toolchains/XcodeDefault.xctoolchain/usr/bin/clang -v -E -dM -isysroot /Applications/Xcode.app/Contents/Developer/Platforms/iPhoneSimulator.platform/Developer/SDKs/iPhoneSimulator26.2.sdk -x c -c /dev/null

ExecuteExternalTool /Applications/Xcode.app/Contents/Developer/Toolchains/XcodeDefault.xctoolchain/usr/bin/swiftc --version

ExecuteExternalTool /Applications/Xcode.app/Contents/Developer/Toolchains/XcodeDefault.xctoolchain/usr/bin/ld -version_details

Build description signature: 7e1e36e97fc42881f9ee842c27f92eae
Build description path: /tmp/solosoul-fe2-ios-object-navigation-ui-20261008/DerivedData/Build/Intermediates.noindex/XCBuildData/7e1e36e97fc42881f9ee842c27f92eae.xcbuilddata
ClangStatCache /Applications/Xcode.app/Contents/Developer/Toolchains/XcodeDefault.xctoolchain/usr/bin/clang-stat-cache /Applications/Xcode.app/Contents/Developer/Platforms/iPhoneSimulator.platform/Developer/SDKs/iPhoneSimulator26.2.sdk /tmp/solosoul-fe2-ios-object-navigation-ui-20261008/DerivedData/SDKStatCaches.noindex/iphonesimulator26.2-23C57-7d00a8b37fbd7999ea79df8ebc024bf0.sdkstatcache
    cd /tmp/solosoul-fe2-ios-object-navigation-ui-20261008/SoloSoulFE2UIProbe.xcodeproj
    /Applications/Xcode.app/Contents/Developer/Toolchains/XcodeDefault.xctoolchain/usr/bin/clang-stat-cache /Applications/Xcode.app/Contents/Developer/Platforms/iPhoneSimulator.platform/Developer/SDKs/iPhoneSimulator26.2.sdk -o /tmp/solosoul-fe2-ios-object-navigation-ui-20261008/DerivedData/SDKStatCaches.noindex/iphonesimulator26.2-23C57-7d00a8b37fbd7999ea79df8ebc024bf0.sdkstatcache

CreateBuildDirectory /tmp/solosoul-fe2-ios-object-navigation-ui-20261008/DerivedData/Build/Intermediates.noindex
    cd /tmp/solosoul-fe2-ios-object-navigation-ui-20261008/SoloSoulFE2UIProbe.xcodeproj
    builtin-create-build-directory /tmp/solosoul-fe2-ios-object-navigation-ui-20261008/DerivedData/Build/Intermediates.noindex

CreateBuildDirectory /tmp/solosoul-fe2-ios-object-navigation-ui-20261008/DerivedData/Build/Products
    cd /tmp/solosoul-fe2-ios-object-navigation-ui-20261008/SoloSoulFE2UIProbe.xcodeproj
    builtin-create-build-directory /tmp/solosoul-fe2-ios-object-navigation-ui-20261008/DerivedData/Build/Products

CreateBuildDirectory /tmp/solosoul-fe2-ios-object-navigation-ui-20261008/DerivedData/Build/Products/Debug-iphonesimulator
    cd /tmp/solosoul-fe2-ios-object-navigation-ui-20261008/SoloSoulFE2UIProbe.xcodeproj
    builtin-create-build-directory /tmp/solosoul-fe2-ios-object-navigation-ui-20261008/DerivedData/Build/Products/Debug-iphonesimulator

CreateBuildDirectory /tmp/solosoul-fe2-ios-object-navigation-ui-20261008/DerivedData/Build/Intermediates.noindex/ExplicitPrecompiledModules
    cd /tmp/solosoul-fe2-ios-object-navigation-ui-20261008/SoloSoulFE2UIProbe.xcodeproj
    builtin-create-build-directory /tmp/solosoul-fe2-ios-object-navigation-ui-20261008/DerivedData/Build/Intermediates.noindex/ExplicitPrecompiledModules

CreateBuildDirectory /tmp/solosoul-fe2-ios-object-navigation-ui-20261008/DerivedData/Build/Intermediates.noindex/SwiftExplicitPrecompiledModules
    cd /tmp/solosoul-fe2-ios-object-navigation-ui-20261008/SoloSoulFE2UIProbe.xcodeproj
    builtin-create-build-directory /tmp/solosoul-fe2-ios-object-navigation-ui-20261008/DerivedData/Build/Intermediates.noindex/SwiftExplicitPrecompiledModules

WriteAuxiliaryFile /tmp/solosoul-fe2-ios-object-navigation-ui-20261008/DerivedData/Build/Intermediates.noindex/SoloSoulFE2UIProbe.build/Debug-iphonesimulator/SoloSoulFE2UIProbe-d1986adb4e39e782fecb2443eef57a8f-VFS-iphonesimulator/all-product-headers.yaml
    cd /tmp/solosoul-fe2-ios-object-navigation-ui-20261008/SoloSoulFE2UIProbe.xcodeproj
    write-file /tmp/solosoul-fe2-ios-object-navigation-ui-20261008/DerivedData/Build/Intermediates.noindex/SoloSoulFE2UIProbe.build/Debug-iphonesimulator/SoloSoulFE2UIProbe-d1986adb4e39e782fecb2443eef57a8f-VFS-iphonesimulator/all-product-headers.yaml

CreateBuildDirectory /tmp/solosoul-fe2-ios-object-navigation-ui-20261008/DerivedData/Build/Intermediates.noindex/EagerLinkingTBDs/Debug-iphonesimulator
    cd /tmp/solosoul-fe2-ios-object-navigation-ui-20261008/SoloSoulFE2UIProbe.xcodeproj
    builtin-create-build-directory /tmp/solosoul-fe2-ios-object-navigation-ui-20261008/DerivedData/Build/Intermediates.noindex/EagerLinkingTBDs/Debug-iphonesimulator

MkDir /tmp/solosoul-fe2-ios-object-navigation-ui-20261008/DerivedData/Build/Products/Debug-iphonesimulator/ProbeHost.app (in target 'ProbeHost' from project 'SoloSoulFE2UIProbe')
    cd /tmp/solosoul-fe2-ios-object-navigation-ui-20261008
    /bin/mkdir -p /tmp/solosoul-fe2-ios-object-navigation-ui-20261008/DerivedData/Build/Products/Debug-iphonesimulator/ProbeHost.app

WriteAuxiliaryFile /tmp/solosoul-fe2-ios-object-navigation-ui-20261008/DerivedData/Build/Intermediates.noindex/SoloSoulFE2UIProbe.build/Debug-iphonesimulator/ProbeHost.build/empty-ProbeHost.plist (in target 'ProbeHost' from project 'SoloSoulFE2UIProbe')
    cd /tmp/solosoul-fe2-ios-object-navigation-ui-20261008
    write-file /tmp/solosoul-fe2-ios-object-navigation-ui-20261008/DerivedData/Build/Intermediates.noindex/SoloSoulFE2UIProbe.build/Debug-iphonesimulator/ProbeHost.build/empty-ProbeHost.plist

WriteAuxiliaryFile /tmp/solosoul-fe2-ios-object-navigation-ui-20261008/DerivedData/Build/Intermediates.noindex/SoloSoulFE2UIProbe.build/Debug-iphonesimulator/ProbeHost.build/ProbeHost-all-target-headers.hmap (in target 'ProbeHost' from project 'SoloSoulFE2UIProbe')
    cd /tmp/solosoul-fe2-ios-object-navigation-ui-20261008
    write-file /tmp/solosoul-fe2-ios-object-navigation-ui-20261008/DerivedData/Build/Intermediates.noindex/SoloSoulFE2UIProbe.build/Debug-iphonesimulator/ProbeHost.build/ProbeHost-all-target-headers.hmap

WriteAuxiliaryFile /tmp/solosoul-fe2-ios-object-navigation-ui-20261008/DerivedData/Build/Intermediates.noindex/SoloSoulFE2UIProbe.build/Debug-iphonesimulator/ProbeHost.build/ProbeHost.hmap (in target 'ProbeHost' from project 'SoloSoulFE2UIProbe')
    cd /tmp/solosoul-fe2-ios-object-navigation-ui-20261008
    write-file /tmp/solosoul-fe2-ios-object-navigation-ui-20261008/DerivedData/Build/Intermediates.noindex/SoloSoulFE2UIProbe.build/Debug-iphonesimulator/ProbeHost.build/ProbeHost.hmap

WriteAuxiliaryFile /tmp/solosoul-fe2-ios-object-navigation-ui-20261008/DerivedData/Build/Intermediates.noindex/SoloSoulFE2UIProbe.build/Debug-iphonesimulator/ProbeHost.build/ProbeHost-all-non-framework-target-headers.hmap (in target 'ProbeHost' from project 'SoloSoulFE2UIProbe')
    cd /tmp/solosoul-fe2-ios-object-navigation-ui-20261008
    write-file /tmp/solosoul-fe2-ios-object-navigation-ui-20261008/DerivedData/Build/Intermediates.noindex/SoloSoulFE2UIProbe.build/Debug-iphonesimulator/ProbeHost.build/ProbeHost-all-non-framework-target-headers.hmap

WriteAuxiliaryFile /tmp/solosoul-fe2-ios-object-navigation-ui-20261008/DerivedData/Build/Intermediates.noindex/SoloSoulFE2UIProbe.build/Debug-iphonesimulator/ProbeHost.build/ProbeHost-project-headers.hmap (in target 'ProbeHost' from project 'SoloSoulFE2UIProbe')
    cd /tmp/solosoul-fe2-ios-object-navigation-ui-20261008
    write-file /tmp/solosoul-fe2-ios-object-navigation-ui-20261008/DerivedData/Build/Intermediates.noindex/SoloSoulFE2UIProbe.build/Debug-iphonesimulator/ProbeHost.build/ProbeHost-project-headers.hmap

WriteAuxiliaryFile /tmp/solosoul-fe2-ios-object-navigation-ui-20261008/DerivedData/Build/Intermediates.noindex/SoloSoulFE2UIProbe.build/Debug-iphonesimulator/ProbeTests.build/empty-ProbeTests.plist (in target 'ProbeTests' from project 'SoloSoulFE2UIProbe')
    cd /tmp/solosoul-fe2-ios-object-navigation-ui-20261008
    write-file /tmp/solosoul-fe2-ios-object-navigation-ui-20261008/DerivedData/Build/Intermediates.noindex/SoloSoulFE2UIProbe.build/Debug-iphonesimulator/ProbeTests.build/empty-ProbeTests.plist

WriteAuxiliaryFile /tmp/solosoul-fe2-ios-object-navigation-ui-20261008/DerivedData/Build/Intermediates.noindex/SoloSoulFE2UIProbe.build/Debug-iphonesimulator/ProbeTests.build/ProductTypeInfoPlistAdditions.plist (in target 'ProbeTests' from project 'SoloSoulFE2UIProbe')
    cd /tmp/solosoul-fe2-ios-object-navigation-ui-20261008
    write-file /tmp/solosoul-fe2-ios-object-navigation-ui-20261008/DerivedData/Build/Intermediates.noindex/SoloSoulFE2UIProbe.build/Debug-iphonesimulator/ProbeTests.build/ProductTypeInfoPlistAdditions.plist

WriteAuxiliaryFile /tmp/solosoul-fe2-ios-object-navigation-ui-20261008/DerivedData/Build/Intermediates.noindex/SoloSoulFE2UIProbe.build/Debug-iphonesimulator/ProbeTests.build/ProbeTests.DependencyStaticMetadataFileList (in target 'ProbeTests' from project 'SoloSoulFE2UIProbe')
    cd /tmp/solosoul-fe2-ios-object-navigation-ui-20261008
    write-file /tmp/solosoul-fe2-ios-object-navigation-ui-20261008/DerivedData/Build/Intermediates.noindex/SoloSoulFE2UIProbe.build/Debug-iphonesimulator/ProbeTests.build/ProbeTests.DependencyStaticMetadataFileList

WriteAuxiliaryFile /tmp/solosoul-fe2-ios-object-navigation-ui-20261008/DerivedData/Build/Intermediates.noindex/SoloSoulFE2UIProbe.build/Debug-iphonesimulator/ProbeTests.build/ProbeTests.hmap (in target 'ProbeTests' from project 'SoloSoulFE2UIProbe')
    cd /tmp/solosoul-fe2-ios-object-navigation-ui-20261008
    write-file /tmp/solosoul-fe2-ios-object-navigation-ui-20261008/DerivedData/Build/Intermediates.noindex/SoloSoulFE2UIProbe.build/Debug-iphonesimulator/ProbeTests.build/ProbeTests.hmap

WriteAuxiliaryFile /tmp/solosoul-fe2-ios-object-navigation-ui-20261008/DerivedData/Build/Intermediates.noindex/SoloSoulFE2UIProbe.build/Debug-iphonesimulator/ProbeTests.build/ProbeTests.DependencyMetadataFileList (in target 'ProbeTests' from project 'SoloSoulFE2UIProbe')
    cd /tmp/solosoul-fe2-ios-object-navigation-ui-20261008
    write-file /tmp/solosoul-fe2-ios-object-navigation-ui-20261008/DerivedData/Build/Intermediates.noindex/SoloSoulFE2UIProbe.build/Debug-iphonesimulator/ProbeTests.build/ProbeTests.DependencyMetadataFileList

WriteAuxiliaryFile /tmp/solosoul-fe2-ios-object-navigation-ui-20261008/DerivedData/Build/Intermediates.noindex/SoloSoulFE2UIProbe.build/Debug-iphonesimulator/ProbeTests.build/ProbeTests-project-headers.hmap (in target 'ProbeTests' from project 'SoloSoulFE2UIProbe')
    cd /tmp/solosoul-fe2-ios-object-navigation-ui-20261008
    write-file /tmp/solosoul-fe2-ios-object-navigation-ui-20261008/DerivedData/Build/Intermediates.noindex/SoloSoulFE2UIProbe.build/Debug-iphonesimulator/ProbeTests.build/ProbeTests-project-headers.hmap

WriteAuxiliaryFile /tmp/solosoul-fe2-ios-object-navigation-ui-20261008/DerivedData/Build/Intermediates.noindex/SoloSoulFE2UIProbe.build/Debug-iphonesimulator/ProbeTests.build/ProbeTests-own-target-headers.hmap (in target 'ProbeTests' from project 'SoloSoulFE2UIProbe')
    cd /tmp/solosoul-fe2-ios-object-navigation-ui-20261008
    write-file /tmp/solosoul-fe2-ios-object-navigation-ui-20261008/DerivedData/Build/Intermediates.noindex/SoloSoulFE2UIProbe.build/Debug-iphonesimulator/ProbeTests.build/ProbeTests-own-target-headers.hmap

WriteAuxiliaryFile /tmp/solosoul-fe2-ios-object-navigation-ui-20261008/DerivedData/Build/Intermediates.noindex/SoloSoulFE2UIProbe.build/Debug-iphonesimulator/ProbeTests.build/ProbeTests-generated-files.hmap (in target 'ProbeTests' from project 'SoloSoulFE2UIProbe')
    cd /tmp/solosoul-fe2-ios-object-navigation-ui-20261008
    write-file /tmp/solosoul-fe2-ios-object-navigation-ui-20261008/DerivedData/Build/Intermediates.noindex/SoloSoulFE2UIProbe.build/Debug-iphonesimulator/ProbeTests.build/ProbeTests-generated-files.hmap

WriteAuxiliaryFile /tmp/solosoul-fe2-ios-object-navigation-ui-20261008/DerivedData/Build/Intermediates.noindex/SoloSoulFE2UIProbe.build/Debug-iphonesimulator/ProbeTests.build/ProbeTests-all-non-framework-target-headers.hmap (in target 'ProbeTests' from project 'SoloSoulFE2UIProbe')
    cd /tmp/solosoul-fe2-ios-object-navigation-ui-20261008
    write-file /tmp/solosoul-fe2-ios-object-navigation-ui-20261008/DerivedData/Build/Intermediates.noindex/SoloSoulFE2UIProbe.build/Debug-iphonesimulator/ProbeTests.build/ProbeTests-all-non-framework-target-headers.hmap

WriteAuxiliaryFile /tmp/solosoul-fe2-ios-object-navigation-ui-20261008/DerivedData/Build/Intermediates.noindex/SoloSoulFE2UIProbe.build/Debug-iphonesimulator/ProbeTests.build/ProbeTests-all-target-headers.hmap (in target 'ProbeTests' from project 'SoloSoulFE2UIProbe')
    cd /tmp/solosoul-fe2-ios-object-navigation-ui-20261008
    write-file /tmp/solosoul-fe2-ios-object-navigation-ui-20261008/DerivedData/Build/Intermediates.noindex/SoloSoulFE2UIProbe.build/Debug-iphonesimulator/ProbeTests.build/ProbeTests-all-target-headers.hmap

WriteAuxiliaryFile /tmp/solosoul-fe2-ios-object-navigation-ui-20261008/DerivedData/Build/Intermediates.noindex/SoloSoulFE2UIProbe.build/Debug-iphonesimulator/ProbeTests.build/Objects-normal/arm64/ProbeTests_const_extract_protocols.json (in target 'ProbeTests' from project 'SoloSoulFE2UIProbe')
    cd /tmp/solosoul-fe2-ios-object-navigation-ui-20261008
    write-file /tmp/solosoul-fe2-ios-object-navigation-ui-20261008/DerivedData/Build/Intermediates.noindex/SoloSoulFE2UIProbe.build/Debug-iphonesimulator/ProbeTests.build/Objects-normal/arm64/ProbeTests_const_extract_protocols.json

WriteAuxiliaryFile /tmp/solosoul-fe2-ios-object-navigation-ui-20261008/DerivedData/Build/Intermediates.noindex/SoloSoulFE2UIProbe.build/Debug-iphonesimulator/ProbeTests.build/Objects-normal/arm64/ProbeTests.SwiftFileList (in target 'ProbeTests' from project 'SoloSoulFE2UIProbe')
    cd /tmp/solosoul-fe2-ios-object-navigation-ui-20261008
    write-file /tmp/solosoul-fe2-ios-object-navigation-ui-20261008/DerivedData/Build/Intermediates.noindex/SoloSoulFE2UIProbe.build/Debug-iphonesimulator/ProbeTests.build/Objects-normal/arm64/ProbeTests.SwiftFileList

WriteAuxiliaryFile /tmp/solosoul-fe2-ios-object-navigation-ui-20261008/DerivedData/Build/Intermediates.noindex/SoloSoulFE2UIProbe.build/Debug-iphonesimulator/ProbeTests.build/Objects-normal/arm64/ProbeTests.SwiftConstValuesFileList (in target 'ProbeTests' from project 'SoloSoulFE2UIProbe')
    cd /tmp/solosoul-fe2-ios-object-navigation-ui-20261008
    write-file /tmp/solosoul-fe2-ios-object-navigation-ui-20261008/DerivedData/Build/Intermediates.noindex/SoloSoulFE2UIProbe.build/Debug-iphonesimulator/ProbeTests.build/Objects-normal/arm64/ProbeTests.SwiftConstValuesFileList

WriteAuxiliaryFile /tmp/solosoul-fe2-ios-object-navigation-ui-20261008/DerivedData/Build/Intermediates.noindex/SoloSoulFE2UIProbe.build/Debug-iphonesimulator/ProbeTests.build/Objects-normal/arm64/ProbeTests.LinkFileList (in target 'ProbeTests' from project 'SoloSoulFE2UIProbe')
    cd /tmp/solosoul-fe2-ios-object-navigation-ui-20261008
    write-file /tmp/solosoul-fe2-ios-object-navigation-ui-20261008/DerivedData/Build/Intermediates.noindex/SoloSoulFE2UIProbe.build/Debug-iphonesimulator/ProbeTests.build/Objects-normal/arm64/ProbeTests.LinkFileList

WriteAuxiliaryFile /tmp/solosoul-fe2-ios-object-navigation-ui-20261008/DerivedData/Build/Intermediates.noindex/SoloSoulFE2UIProbe.build/Debug-iphonesimulator/ProbeTests.build/Objects-normal/arm64/ProbeTests-OutputFileMap.json (in target 'ProbeTests' from project 'SoloSoulFE2UIProbe')
    cd /tmp/solosoul-fe2-ios-object-navigation-ui-20261008
    write-file /tmp/solosoul-fe2-ios-object-navigation-ui-20261008/DerivedData/Build/Intermediates.noindex/SoloSoulFE2UIProbe.build/Debug-iphonesimulator/ProbeTests.build/Objects-normal/arm64/ProbeTests-OutputFileMap.json

WriteAuxiliaryFile /tmp/solosoul-fe2-ios-object-navigation-ui-20261008/DerivedData/Build/Intermediates.noindex/SoloSoulFE2UIProbe.build/Debug-iphonesimulator/ProbeHost.build/ProbeHost.DependencyStaticMetadataFileList (in target 'ProbeHost' from project 'SoloSoulFE2UIProbe')
    cd /tmp/solosoul-fe2-ios-object-navigation-ui-20261008
    write-file /tmp/solosoul-fe2-ios-object-navigation-ui-20261008/DerivedData/Build/Intermediates.noindex/SoloSoulFE2UIProbe.build/Debug-iphonesimulator/ProbeHost.build/ProbeHost.DependencyStaticMetadataFileList

WriteAuxiliaryFile /tmp/solosoul-fe2-ios-object-navigation-ui-20261008/DerivedData/Build/Intermediates.noindex/SoloSoulFE2UIProbe.build/Debug-iphonesimulator/ProbeHost.build/ProbeHost.DependencyMetadataFileList (in target 'ProbeHost' from project 'SoloSoulFE2UIProbe')
    cd /tmp/solosoul-fe2-ios-object-navigation-ui-20261008
    write-file /tmp/solosoul-fe2-ios-object-navigation-ui-20261008/DerivedData/Build/Intermediates.noindex/SoloSoulFE2UIProbe.build/Debug-iphonesimulator/ProbeHost.build/ProbeHost.DependencyMetadataFileList

WriteAuxiliaryFile /tmp/solosoul-fe2-ios-object-navigation-ui-20261008/DerivedData/Build/Intermediates.noindex/SoloSoulFE2UIProbe.build/Debug-iphonesimulator/ProbeHost.build/ProbeHost-own-target-headers.hmap (in target 'ProbeHost' from project 'SoloSoulFE2UIProbe')
    cd /tmp/solosoul-fe2-ios-object-navigation-ui-20261008
    write-file /tmp/solosoul-fe2-ios-object-navigation-ui-20261008/DerivedData/Build/Intermediates.noindex/SoloSoulFE2UIProbe.build/Debug-iphonesimulator/ProbeHost.build/ProbeHost-own-target-headers.hmap

WriteAuxiliaryFile /tmp/solosoul-fe2-ios-object-navigation-ui-20261008/DerivedData/Build/Intermediates.noindex/SoloSoulFE2UIProbe.build/Debug-iphonesimulator/ProbeHost.build/ProbeHost-generated-files.hmap (in target 'ProbeHost' from project 'SoloSoulFE2UIProbe')
    cd /tmp/solosoul-fe2-ios-object-navigation-ui-20261008
    write-file /tmp/solosoul-fe2-ios-object-navigation-ui-20261008/DerivedData/Build/Intermediates.noindex/SoloSoulFE2UIProbe.build/Debug-iphonesimulator/ProbeHost.build/ProbeHost-generated-files.hmap

WriteAuxiliaryFile /tmp/solosoul-fe2-ios-object-navigation-ui-20261008/DerivedData/Build/Intermediates.noindex/SoloSoulFE2UIProbe.build/Debug-iphonesimulator/ProbeHost.build/ProbeHost-DebugDylibPath-normal-arm64.txt (in target 'ProbeHost' from project 'SoloSoulFE2UIProbe')
    cd /tmp/solosoul-fe2-ios-object-navigation-ui-20261008
    write-file /tmp/solosoul-fe2-ios-object-navigation-ui-20261008/DerivedData/Build/Intermediates.noindex/SoloSoulFE2UIProbe.build/Debug-iphonesimulator/ProbeHost.build/ProbeHost-DebugDylibPath-normal-arm64.txt

WriteAuxiliaryFile /tmp/solosoul-fe2-ios-object-navigation-ui-20261008/DerivedData/Build/Intermediates.noindex/SoloSoulFE2UIProbe.build/Debug-iphonesimulator/ProbeHost.build/ProbeHost-DebugDylibInstallName-normal-arm64.txt (in target 'ProbeHost' from project 'SoloSoulFE2UIProbe')
    cd /tmp/solosoul-fe2-ios-object-navigation-ui-20261008
    write-file /tmp/solosoul-fe2-ios-object-navigation-ui-20261008/DerivedData/Build/Intermediates.noindex/SoloSoulFE2UIProbe.build/Debug-iphonesimulator/ProbeHost.build/ProbeHost-DebugDylibInstallName-normal-arm64.txt

WriteAuxiliaryFile /tmp/solosoul-fe2-ios-object-navigation-ui-20261008/DerivedData/Build/Intermediates.noindex/SoloSoulFE2UIProbe.build/Debug-iphonesimulator/ProbeHost.build/Objects-normal/arm64/ProbeHost_const_extract_protocols.json (in target 'ProbeHost' from project 'SoloSoulFE2UIProbe')
    cd /tmp/solosoul-fe2-ios-object-navigation-ui-20261008
    write-file /tmp/solosoul-fe2-ios-object-navigation-ui-20261008/DerivedData/Build/Intermediates.noindex/SoloSoulFE2UIProbe.build/Debug-iphonesimulator/ProbeHost.build/Objects-normal/arm64/ProbeHost_const_extract_protocols.json

WriteAuxiliaryFile /tmp/solosoul-fe2-ios-object-navigation-ui-20261008/DerivedData/Build/Intermediates.noindex/SoloSoulFE2UIProbe.build/Debug-iphonesimulator/ProbeHost.build/Objects-normal/arm64/ProbeHost.SwiftFileList (in target 'ProbeHost' from project 'SoloSoulFE2UIProbe')
    cd /tmp/solosoul-fe2-ios-object-navigation-ui-20261008
    write-file /tmp/solosoul-fe2-ios-object-navigation-ui-20261008/DerivedData/Build/Intermediates.noindex/SoloSoulFE2UIProbe.build/Debug-iphonesimulator/ProbeHost.build/Objects-normal/arm64/ProbeHost.SwiftFileList

WriteAuxiliaryFile /tmp/solosoul-fe2-ios-object-navigation-ui-20261008/DerivedData/Build/Intermediates.noindex/SoloSoulFE2UIProbe.build/Debug-iphonesimulator/ProbeHost.build/Objects-normal/arm64/ProbeHost.SwiftConstValuesFileList (in target 'ProbeHost' from project 'SoloSoulFE2UIProbe')
    cd /tmp/solosoul-fe2-ios-object-navigation-ui-20261008
    write-file /tmp/solosoul-fe2-ios-object-navigation-ui-20261008/DerivedData/Build/Intermediates.noindex/SoloSoulFE2UIProbe.build/Debug-iphonesimulator/ProbeHost.build/Objects-normal/arm64/ProbeHost.SwiftConstValuesFileList

WriteAuxiliaryFile /tmp/solosoul-fe2-ios-object-navigation-ui-20261008/DerivedData/Build/Intermediates.noindex/SoloSoulFE2UIProbe.build/Debug-iphonesimulator/ProbeHost.build/Objects-normal/arm64/ProbeHost.LinkFileList (in target 'ProbeHost' from project 'SoloSoulFE2UIProbe')
    cd /tmp/solosoul-fe2-ios-object-navigation-ui-20261008
    write-file /tmp/solosoul-fe2-ios-object-navigation-ui-20261008/DerivedData/Build/Intermediates.noindex/SoloSoulFE2UIProbe.build/Debug-iphonesimulator/ProbeHost.build/Objects-normal/arm64/ProbeHost.LinkFileList

WriteAuxiliaryFile /tmp/solosoul-fe2-ios-object-navigation-ui-20261008/DerivedData/Build/Intermediates.noindex/SoloSoulFE2UIProbe.build/Debug-iphonesimulator/ProbeHost.build/Objects-normal/arm64/ProbeHost-OutputFileMap.json (in target 'ProbeHost' from project 'SoloSoulFE2UIProbe')
    cd /tmp/solosoul-fe2-ios-object-navigation-ui-20261008
    write-file /tmp/solosoul-fe2-ios-object-navigation-ui-20261008/DerivedData/Build/Intermediates.noindex/SoloSoulFE2UIProbe.build/Debug-iphonesimulator/ProbeHost.build/Objects-normal/arm64/ProbeHost-OutputFileMap.json

MkDir /tmp/solosoul-fe2-ios-object-navigation-ui-20261008/DerivedData/Build/Products/Debug-iphonesimulator/ProbeTests-Runner.app/PlugIns/ProbeTests.xctest (in target 'ProbeTests' from project 'SoloSoulFE2UIProbe')
    cd /tmp/solosoul-fe2-ios-object-navigation-ui-20261008
    /bin/mkdir -p /tmp/solosoul-fe2-ios-object-navigation-ui-20261008/DerivedData/Build/Products/Debug-iphonesimulator/ProbeTests-Runner.app/PlugIns/ProbeTests.xctest

ProcessInfoPlistFile /tmp/solosoul-fe2-ios-object-navigation-ui-20261008/DerivedData/Build/Products/Debug-iphonesimulator/ProbeHost.app/Info.plist /tmp/solosoul-fe2-ios-object-navigation-ui-20261008/DerivedData/Build/Intermediates.noindex/SoloSoulFE2UIProbe.build/Debug-iphonesimulator/ProbeHost.build/empty-ProbeHost.plist (in target 'ProbeHost' from project 'SoloSoulFE2UIProbe')
    cd /tmp/solosoul-fe2-ios-object-navigation-ui-20261008
    builtin-infoPlistUtility /tmp/solosoul-fe2-ios-object-navigation-ui-20261008/DerivedData/Build/Intermediates.noindex/SoloSoulFE2UIProbe.build/Debug-iphonesimulator/ProbeHost.build/empty-ProbeHost.plist -producttype com.apple.product-type.application -genpkginfo /tmp/solosoul-fe2-ios-object-navigation-ui-20261008/DerivedData/Build/Products/Debug-iphonesimulator/ProbeHost.app/PkgInfo -expandbuildsettings -format binary -platform iphonesimulator -o /tmp/solosoul-fe2-ios-object-navigation-ui-20261008/DerivedData/Build/Products/Debug-iphonesimulator/ProbeHost.app/Info.plist

Ld /tmp/solosoul-fe2-ios-object-navigation-ui-20261008/DerivedData/Build/Products/Debug-iphonesimulator/ProbeHost.app/__preview.dylib normal (in target 'ProbeHost' from project 'SoloSoulFE2UIProbe')
    cd /tmp/solosoul-fe2-ios-object-navigation-ui-20261008
    /Applications/Xcode.app/Contents/Developer/Toolchains/XcodeDefault.xctoolchain/usr/bin/clang -Xlinker -reproducible -target arm64-apple-ios14.0-simulator -dynamiclib -isysroot /Applications/Xcode.app/Contents/Developer/Platforms/iPhoneSimulator.platform/Developer/SDKs/iPhoneSimulator26.2.sdk -O0 -L/tmp/solosoul-fe2-ios-object-navigation-ui-20261008/DerivedData/Build/Products/Debug-iphonesimulator -F/tmp/solosoul-fe2-ios-object-navigation-ui-20261008/DerivedData/Build/Products/Debug-iphonesimulator -install_name @rpath/ProbeHost.debug.dylib -dead_strip -rdynamic -Xlinker -no_deduplicate -Xlinker -objc_abi_version -Xlinker 2 -Xlinker -dependency_info -Xlinker /tmp/solosoul-fe2-ios-object-navigation-ui-20261008/DerivedData/Build/Intermediates.noindex/SoloSoulFE2UIProbe.build/Debug-iphonesimulator/ProbeHost.build/Objects-normal/arm64/ProbeHost_dependency_info.dat -o /tmp/solosoul-fe2-ios-object-navigation-ui-20261008/DerivedData/Build/Products/Debug-iphonesimulator/ProbeHost.app/__preview.dylib

SwiftDriver ProbeHost normal arm64 com.apple.xcode.tools.swift.compiler (in target 'ProbeHost' from project 'SoloSoulFE2UIProbe')
    cd /tmp/solosoul-fe2-ios-object-navigation-ui-20261008
    builtin-SwiftDriver -- /Applications/Xcode.app/Contents/Developer/Toolchains/XcodeDefault.xctoolchain/usr/bin/swiftc -module-name ProbeHost -Onone -enforce-exclusivity\=checked @/tmp/solosoul-fe2-ios-object-navigation-ui-20261008/DerivedData/Build/Intermediates.noindex/SoloSoulFE2UIProbe.build/Debug-iphonesimulator/ProbeHost.build/Objects-normal/arm64/ProbeHost.SwiftFileList -DDEBUG -enable-bare-slash-regex -enable-experimental-feature DebugDescriptionMacro -sdk /Applications/Xcode.app/Contents/Developer/Platforms/iPhoneSimulator.platform/Developer/SDKs/iPhoneSimulator26.2.sdk -target arm64-apple-ios14.0-simulator -g -module-cache-path /tmp/solosoul-fe2-ios-object-navigation-ui-20261008/DerivedData/ModuleCache.noindex -Xfrontend -serialize-debugging-options -enable-testing -index-store-path /tmp/solosoul-fe2-ios-object-navigation-ui-20261008/DerivedData/Index.noindex/DataStore -Xcc -D_LIBCPP_HARDENING_MODE\=_LIBCPP_HARDENING_MODE_DEBUG -swift-version 5 -I /tmp/solosoul-fe2-ios-object-navigation-ui-20261008/DerivedData/Build/Products/Debug-iphonesimulator -F /tmp/solosoul-fe2-ios-object-navigation-ui-20261008/DerivedData/Build/Products/Debug-iphonesimulator -parse-as-library -c -j8 -enable-batch-mode -incremental -Xcc -ivfsstatcache -Xcc /tmp/solosoul-fe2-ios-object-navigation-ui-20261008/DerivedData/SDKStatCaches.noindex/iphonesimulator26.2-23C57-7d00a8b37fbd7999ea79df8ebc024bf0.sdkstatcache -output-file-map /tmp/solosoul-fe2-ios-object-navigation-ui-20261008/DerivedData/Build/Intermediates.noindex/SoloSoulFE2UIProbe.build/Debug-iphonesimulator/ProbeHost.build/Objects-normal/arm64/ProbeHost-OutputFileMap.json -use-frontend-parseable-output -save-temps -no-color-diagnostics -explicit-module-build -module-cache-path /tmp/solosoul-fe2-ios-object-navigation-ui-20261008/DerivedData/Build/Intermediates.noindex/SwiftExplicitPrecompiledModules -clang-scanner-module-cache-path /tmp/solosoul-fe2-ios-object-navigation-ui-20261008/DerivedData/ModuleCache.noindex -sdk-module-cache-path /tmp/solosoul-fe2-ios-object-navigation-ui-20261008/DerivedData/ModuleCache.noindex -serialize-diagnostics -emit-dependencies -emit-module -emit-module-path /tmp/solosoul-fe2-ios-object-navigation-ui-20261008/DerivedData/Build/Intermediates.noindex/SoloSoulFE2UIProbe.build/Debug-iphonesimulator/ProbeHost.build/Objects-normal/arm64/ProbeHost.swiftmodule -validate-clang-modules-once -clang-build-session-file /tmp/solosoul-fe2-ios-object-navigation-ui-20261008/DerivedData/ModuleCache.noindex/Session.modulevalidation -Xcc -I/tmp/solosoul-fe2-ios-object-navigation-ui-20261008/DerivedData/Build/Intermediates.noindex/SoloSoulFE2UIProbe.build/Debug-iphonesimulator/ProbeHost.build/swift-overrides.hmap -emit-const-values -Xfrontend -const-gather-protocols-file -Xfrontend /tmp/solosoul-fe2-ios-object-navigation-ui-20261008/DerivedData/Build/Intermediates.noindex/SoloSoulFE2UIProbe.build/Debug-iphonesimulator/ProbeHost.build/Objects-normal/arm64/ProbeHost_const_extract_protocols.json -Xcc -iquote -Xcc /tmp/solosoul-fe2-ios-object-navigation-ui-20261008/DerivedData/Build/Intermediates.noindex/SoloSoulFE2UIProbe.build/Debug-iphonesimulator/ProbeHost.build/ProbeHost-generated-files.hmap -Xcc -I/tmp/solosoul-fe2-ios-object-navigation-ui-20261008/DerivedData/Build/Intermediates.noindex/SoloSoulFE2UIProbe.build/Debug-iphonesimulator/ProbeHost.build/ProbeHost-own-target-headers.hmap -Xcc -I/tmp/solosoul-fe2-ios-object-navigation-ui-20261008/DerivedData/Build/Intermediates.noindex/SoloSoulFE2UIProbe.build/Debug-iphonesimulator/ProbeHost.build/ProbeHost-all-target-headers.hmap -Xcc -iquote -Xcc /tmp/solosoul-fe2-ios-object-navigation-ui-20261008/DerivedData/Build/Intermediates.noindex/SoloSoulFE2UIProbe.build/Debug-iphonesimulator/ProbeHost.build/ProbeHost-project-headers.hmap -Xcc -I/tmp/solosoul-fe2-ios-object-navigation-ui-20261008/DerivedData/Build/Products/Debug-iphonesimulator/include -Xcc -I/tmp/solosoul-fe2-ios-object-navigation-ui-20261008/DerivedData/Build/Intermediates.noindex/SoloSoulFE2UIProbe.build/Debug-iphonesimulator/ProbeHost.build/DerivedSources-normal/arm64 -Xcc -I/tmp/solosoul-fe2-ios-object-navigation-ui-20261008/DerivedData/Build/Intermediates.noindex/SoloSoulFE2UIProbe.build/Debug-iphonesimulator/ProbeHost.build/DerivedSources/arm64 -Xcc -I/tmp/solosoul-fe2-ios-object-navigation-ui-20261008/DerivedData/Build/Intermediates.noindex/SoloSoulFE2UIProbe.build/Debug-iphonesimulator/ProbeHost.build/DerivedSources -Xcc -DDEBUG\=1 -emit-objc-header -emit-objc-header-path /tmp/solosoul-fe2-ios-object-navigation-ui-20261008/DerivedData/Build/Intermediates.noindex/SoloSoulFE2UIProbe.build/Debug-iphonesimulator/ProbeHost.build/Objects-normal/arm64/ProbeHost-Swift.h -working-directory /tmp/solosoul-fe2-ios-object-navigation-ui-20261008 -experimental-emit-module-separately -disable-cmo

SwiftExplicitDependencyGeneratePcm arm64 /tmp/solosoul-fe2-ios-object-navigation-ui-20261008/DerivedData/ModuleCache.noindex/_Builtin_stdbool-4XUVBK5LW83XJQL2NRA8KTDOO.pcm

SwiftExplicitDependencyGeneratePcm arm64 /tmp/solosoul-fe2-ios-object-navigation-ui-20261008/DerivedData/ModuleCache.noindex/_Builtin_stddef-9TMZBY8YEFQLZCM4ZR8OKE2TJ.pcm

SwiftExplicitDependencyGeneratePcm arm64 /tmp/solosoul-fe2-ios-object-navigation-ui-20261008/DerivedData/ModuleCache.noindex/_AvailabilityInternal-2JYGTNPZPA9EAY7WIANPWZ452.pcm

SwiftExplicitDependencyGeneratePcm arm64 /tmp/solosoul-fe2-ios-object-navigation-ui-20261008/DerivedData/ModuleCache.noindex/_Builtin_stdarg-CJCH1F5RKEK42S1S95HOI75Q.pcm

SwiftExplicitDependencyGeneratePcm arm64 /tmp/solosoul-fe2-ios-object-navigation-ui-20261008/DerivedData/ModuleCache.noindex/_SwiftConcurrencyShims-2U1NYXW19GJQJLOVOFLKKTWOH.pcm

SwiftExplicitDependencyGeneratePcm arm64 /tmp/solosoul-fe2-ios-object-navigation-ui-20261008/DerivedData/ModuleCache.noindex/ptrauth-6HDV0IFN4A2GO55ZOGQY4SD2P.pcm

SwiftExplicitDependencyGeneratePcm arm64 /tmp/solosoul-fe2-ios-object-navigation-ui-20261008/DerivedData/ModuleCache.noindex/DeveloperToolsSupport-D0TD11Y9R6RK90M3YYROGU7E8.pcm

SwiftExplicitDependencyGeneratePcm arm64 /tmp/solosoul-fe2-ios-object-navigation-ui-20261008/DerivedData/ModuleCache.noindex/SwiftShims-8KA4ILZ5L3LT6KRS957UIYKOI.pcm

SwiftExplicitDependencyGeneratePcm arm64 /tmp/solosoul-fe2-ios-object-navigation-ui-20261008/DerivedData/ModuleCache.noindex/_Builtin_float-BRL7AR37X2RGGXWOBFV4F2CD1.pcm

SwiftExplicitDependencyGeneratePcm arm64 /tmp/solosoul-fe2-ios-object-navigation-ui-20261008/DerivedData/ModuleCache.noindex/ptrcheck-CLED3FZSIYU4475DR8GNQJAHD.pcm

SwiftExplicitDependencyGeneratePcm arm64 /tmp/solosoul-fe2-ios-object-navigation-ui-20261008/DerivedData/ModuleCache.noindex/_DarwinFoundation1-7O1RE7F8VUNTWZZK5MKHA6N0Q.pcm

SwiftExplicitDependencyGeneratePcm arm64 /tmp/solosoul-fe2-ios-object-navigation-ui-20261008/DerivedData/ModuleCache.noindex/_DarwinFoundation2-7RVLUD103YGUBL3I2136JX7K4.pcm

SwiftExplicitDependencyGeneratePcm arm64 /tmp/solosoul-fe2-ios-object-navigation-ui-20261008/DerivedData/ModuleCache.noindex/_Builtin_limits-340HWVSF0NME9NAFEEGFQ89DV.pcm

SwiftExplicitDependencyGeneratePcm arm64 /tmp/solosoul-fe2-ios-object-navigation-ui-20261008/DerivedData/ModuleCache.noindex/_Builtin_stdint-E6PLGQM67AXE93LG874EJHGGY.pcm

SwiftExplicitDependencyGeneratePcm arm64 /tmp/solosoul-fe2-ios-object-navigation-ui-20261008/DerivedData/ModuleCache.noindex/sys_types-38VVOWCGUR55WHGA2RGD2PDXY.pcm

SwiftExplicitDependencyGeneratePcm arm64 /tmp/solosoul-fe2-ios-object-navigation-ui-20261008/DerivedData/ModuleCache.noindex/_Builtin_stdatomic-4ASS6X99ZEXS7FONF5V8MPBGP.pcm

SwiftExplicitDependencyGeneratePcm arm64 /tmp/solosoul-fe2-ios-object-navigation-ui-20261008/DerivedData/ModuleCache.noindex/_DarwinFoundation3-24PWYFC3NBLD1G6GLNWC30P5X.pcm

SwiftExplicitDependencyGeneratePcm arm64 /tmp/solosoul-fe2-ios-object-navigation-ui-20261008/DerivedData/ModuleCache.noindex/_Builtin_inttypes-8PJ3CII36NPUQVSJ573NZCR8A.pcm

SwiftExplicitDependencyGeneratePcm arm64 /tmp/solosoul-fe2-ios-object-navigation-ui-20261008/DerivedData/ModuleCache.noindex/Darwin-DSYB679WJDFBQ1QZ9Z79FF3RR.pcm

SwiftExplicitDependencyGeneratePcm arm64 /tmp/solosoul-fe2-ios-object-navigation-ui-20261008/DerivedData/ModuleCache.noindex/ObjectiveC-8K4HDV0SSO6Z7EAL5SZQDKF67.pcm

SwiftExplicitDependencyGeneratePcm arm64 /tmp/solosoul-fe2-ios-object-navigation-ui-20261008/DerivedData/ModuleCache.noindex/MachO-HEM9W3ZDVXBRP61NDHOFC7SR.pcm

SwiftExplicitDependencyGeneratePcm arm64 /tmp/solosoul-fe2-ios-object-navigation-ui-20261008/DerivedData/ModuleCache.noindex/os_object-CT9DXRZJGHCQPY5BG9F963A1S.pcm

SwiftExplicitDependencyGeneratePcm arm64 /tmp/solosoul-fe2-ios-object-navigation-ui-20261008/DerivedData/ModuleCache.noindex/os_workgroup-9IGIASB3WPO6KTHPJWU87FBA8.pcm

SwiftExplicitDependencyGeneratePcm arm64 /tmp/solosoul-fe2-ios-object-navigation-ui-20261008/DerivedData/ModuleCache.noindex/Dispatch-ANYNWMBWP55HBKP4N5B1QXSVO.pcm

SwiftExplicitDependencyGeneratePcm arm64 /tmp/solosoul-fe2-ios-object-navigation-ui-20261008/DerivedData/ModuleCache.noindex/CoreFoundation-A9TX6ZXUZ1WTQIYN5ZVHH5R29.pcm

SwiftExplicitDependencyGeneratePcm arm64 /tmp/solosoul-fe2-ios-object-navigation-ui-20261008/DerivedData/ModuleCache.noindex/XPC-2HUICZI9WRN4VS89P7639OSOI.pcm

SwiftExplicitDependencyGeneratePcm arm64 /tmp/solosoul-fe2-ios-object-navigation-ui-20261008/DerivedData/ModuleCache.noindex/os-627HS2K6HX86KS0YDB4W6AD7F.pcm

SwiftExplicitDependencyGeneratePcm arm64 /tmp/solosoul-fe2-ios-object-navigation-ui-20261008/DerivedData/ModuleCache.noindex/Security-9RI01FINK2YZ3H80C22V6BOAW.pcm

SwiftExplicitDependencyGeneratePcm arm64 /tmp/solosoul-fe2-ios-object-navigation-ui-20261008/DerivedData/ModuleCache.noindex/CoreGraphics-7O0TEYF6S6YJJCF0803XQX641.pcm

SwiftExplicitDependencyGeneratePcm arm64 /tmp/solosoul-fe2-ios-object-navigation-ui-20261008/DerivedData/ModuleCache.noindex/CFNetwork-5ZJP61Q2AVVFGIK98BUXZI8OY.pcm

SwiftExplicitDependencyGeneratePcm arm64 /tmp/solosoul-fe2-ios-object-navigation-ui-20261008/DerivedData/ModuleCache.noindex/Foundation-DNSN9A264K21R7D5JZPCHC1KA.pcm

SwiftExplicitDependencyGeneratePcm arm64 /tmp/solosoul-fe2-ios-object-navigation-ui-20261008/DerivedData/ModuleCache.noindex/CoreText-3DBJFOYHFYP3SQIW38KLPJ7K5.pcm

SwiftExplicitDependencyGeneratePcm arm64 /tmp/solosoul-fe2-ios-object-navigation-ui-20261008/DerivedData/ModuleCache.noindex/ImageIO-4H2RS16VV1YG4G4SQ6AVTWH3U.pcm

SwiftExplicitDependencyGeneratePcm arm64 /tmp/solosoul-fe2-ios-object-navigation-ui-20261008/DerivedData/ModuleCache.noindex/OpenGLES-6UU294XMMBO3RC7BUKH4IMDSE.pcm

SwiftExplicitDependencyGeneratePcm arm64 /tmp/solosoul-fe2-ios-object-navigation-ui-20261008/DerivedData/ModuleCache.noindex/Symbols-B9XXVDJFQ7X9DW0G0J9N6KQWX.pcm

SwiftExplicitDependencyGeneratePcm arm64 /tmp/solosoul-fe2-ios-object-navigation-ui-20261008/DerivedData/ModuleCache.noindex/CoreTransferable-B2CZHIKOAX0658ZBCDPBNBMYK.pcm

SwiftExplicitDependencyGeneratePcm arm64 /tmp/solosoul-fe2-ios-object-navigation-ui-20261008/DerivedData/ModuleCache.noindex/FileProvider-BZ0B6C2U6RKLITDDYVKBO8CD4.pcm

SwiftExplicitDependencyGeneratePcm arm64 /tmp/solosoul-fe2-ios-object-navigation-ui-20261008/DerivedData/ModuleCache.noindex/UniformTypeIdentifiers-8QIDDN39QPBM68X3NSDWFVK0K.pcm

SwiftExplicitDependencyGeneratePcm arm64 /tmp/solosoul-fe2-ios-object-navigation-ui-20261008/DerivedData/ModuleCache.noindex/DataDetection-RPMOMHB74PX4HAJMNBRB6FM8.pcm

SwiftExplicitDependencyGeneratePcm arm64 /tmp/solosoul-fe2-ios-object-navigation-ui-20261008/DerivedData/ModuleCache.noindex/OSLog-A7AG81L1AGY65J8VTVE97YIEQ.pcm

SwiftExplicitDependencyGeneratePcm arm64 /tmp/solosoul-fe2-ios-object-navigation-ui-20261008/DerivedData/ModuleCache.noindex/UserNotifications-91KGMFCDQYB8CQXSJGXGDQZ8.pcm

SwiftExplicitDependencyGeneratePcm arm64 /tmp/solosoul-fe2-ios-object-navigation-ui-20261008/DerivedData/ModuleCache.noindex/IOSurface-F04PB93E40JS2Q3T0V1I5NIV0.pcm

SwiftExplicitDependencyGeneratePcm arm64 /tmp/solosoul-fe2-ios-object-navigation-ui-20261008/DerivedData/ModuleCache.noindex/Accessibility-BFPJFMRZ8J31M9MPYGKBZ38GW.pcm

SwiftExplicitDependencyGeneratePcm arm64 /tmp/solosoul-fe2-ios-object-navigation-ui-20261008/DerivedData/ModuleCache.noindex/UIUtilities-83D0V7ART9NITCL2SKC340JJ1.pcm

SwiftExplicitDependencyGeneratePcm arm64 /tmp/solosoul-fe2-ios-object-navigation-ui-20261008/DerivedData/ModuleCache.noindex/Metal-8VSC99B2LLGI5PYLCEWA2L0AD.pcm

SwiftExplicitDependencyGeneratePcm arm64 /tmp/solosoul-fe2-ios-object-navigation-ui-20261008/DerivedData/ModuleCache.noindex/CoreVideo-4HPTGSY0HL781BFGDY9JH46MW.pcm

SwiftExplicitDependencyGeneratePcm arm64 /tmp/solosoul-fe2-ios-object-navigation-ui-20261008/DerivedData/ModuleCache.noindex/QuartzCore-BRGWNAS1YG1HF0JJ0BWFB44W6.pcm

SwiftExplicitDependencyGeneratePcm arm64 /tmp/solosoul-fe2-ios-object-navigation-ui-20261008/DerivedData/ModuleCache.noindex/CoreImage-9H3SDKBXJGGOZDLIYX40O9QCI.pcm

SwiftExplicitDependencyGeneratePcm arm64 /tmp/solosoul-fe2-ios-object-navigation-ui-20261008/DerivedData/ModuleCache.noindex/SwiftUICore-63TKY5TY8KZM0W30L4GU6PSSR.pcm

SwiftExplicitDependencyGeneratePcm arm64 /tmp/solosoul-fe2-ios-object-navigation-ui-20261008/DerivedData/ModuleCache.noindex/UIKit-B5GZXZO6SPROPLB3ZJ5D6NVP0.pcm

SwiftEmitModule normal arm64 Emitting\ module\ for\ ProbeHost (in target 'ProbeHost' from project 'SoloSoulFE2UIProbe')

SwiftCompile normal arm64 /tmp/solosoul-fe2-ios-object-navigation-ui-20261008/Host/App.swift (in target 'ProbeHost' from project 'SoloSoulFE2UIProbe')
    cd /tmp/solosoul-fe2-ios-object-navigation-ui-20261008
    

SwiftCompile normal arm64 Compiling\ App.swift /tmp/solosoul-fe2-ios-object-navigation-ui-20261008/Host/App.swift (in target 'ProbeHost' from project 'SoloSoulFE2UIProbe')
SwiftCompile normal arm64 /tmp/solosoul-fe2-ios-object-navigation-ui-20261008/Host/App.swift (in target 'ProbeHost' from project 'SoloSoulFE2UIProbe')
    cd /tmp/solosoul-fe2-ios-object-navigation-ui-20261008
    

SwiftDriverJobDiscovery normal arm64 Emitting module for ProbeHost (in target 'ProbeHost' from project 'SoloSoulFE2UIProbe')

SwiftDriver\ Compilation\ Requirements ProbeHost normal arm64 com.apple.xcode.tools.swift.compiler (in target 'ProbeHost' from project 'SoloSoulFE2UIProbe')
    cd /tmp/solosoul-fe2-ios-object-navigation-ui-20261008
    builtin-Swift-Compilation-Requirements -- /Applications/Xcode.app/Contents/Developer/Toolchains/XcodeDefault.xctoolchain/usr/bin/swiftc -module-name ProbeHost -Onone -enforce-exclusivity\=checked @/tmp/solosoul-fe2-ios-object-navigation-ui-20261008/DerivedData/Build/Intermediates.noindex/SoloSoulFE2UIProbe.build/Debug-iphonesimulator/ProbeHost.build/Objects-normal/arm64/ProbeHost.SwiftFileList -DDEBUG -enable-bare-slash-regex -enable-experimental-feature DebugDescriptionMacro -sdk /Applications/Xcode.app/Contents/Developer/Platforms/iPhoneSimulator.platform/Developer/SDKs/iPhoneSimulator26.2.sdk -target arm64-apple-ios14.0-simulator -g -module-cache-path /tmp/solosoul-fe2-ios-object-navigation-ui-20261008/DerivedData/ModuleCache.noindex -Xfrontend -serialize-debugging-options -enable-testing -index-store-path /tmp/solosoul-fe2-ios-object-navigation-ui-20261008/DerivedData/Index.noindex/DataStore -Xcc -D_LIBCPP_HARDENING_MODE\=_LIBCPP_HARDENING_MODE_DEBUG -swift-version 5 -I /tmp/solosoul-fe2-ios-object-navigation-ui-20261008/DerivedData/Build/Products/Debug-iphonesimulator -F /tmp/solosoul-fe2-ios-object-navigation-ui-20261008/DerivedData/Build/Products/Debug-iphonesimulator -parse-as-library -c -j8 -enable-batch-mode -incremental -Xcc -ivfsstatcache -Xcc /tmp/solosoul-fe2-ios-object-navigation-ui-20261008/DerivedData/SDKStatCaches.noindex/iphonesimulator26.2-23C57-7d00a8b37fbd7999ea79df8ebc024bf0.sdkstatcache -output-file-map /tmp/solosoul-fe2-ios-object-navigation-ui-20261008/DerivedData/Build/Intermediates.noindex/SoloSoulFE2UIProbe.build/Debug-iphonesimulator/ProbeHost.build/Objects-normal/arm64/ProbeHost-OutputFileMap.json -use-frontend-parseable-output -save-temps -no-color-diagnostics -explicit-module-build -module-cache-path /tmp/solosoul-fe2-ios-object-navigation-ui-20261008/DerivedData/Build/Intermediates.noindex/SwiftExplicitPrecompiledModules -clang-scanner-module-cache-path /tmp/solosoul-fe2-ios-object-navigation-ui-20261008/DerivedData/ModuleCache.noindex -sdk-module-cache-path /tmp/solosoul-fe2-ios-object-navigation-ui-20261008/DerivedData/ModuleCache.noindex -serialize-diagnostics -emit-dependencies -emit-module -emit-module-path /tmp/solosoul-fe2-ios-object-navigation-ui-20261008/DerivedData/Build/Intermediates.noindex/SoloSoulFE2UIProbe.build/Debug-iphonesimulator/ProbeHost.build/Objects-normal/arm64/ProbeHost.swiftmodule -validate-clang-modules-once -clang-build-session-file /tmp/solosoul-fe2-ios-object-navigation-ui-20261008/DerivedData/ModuleCache.noindex/Session.modulevalidation -Xcc -I/tmp/solosoul-fe2-ios-object-navigation-ui-20261008/DerivedData/Build/Intermediates.noindex/SoloSoulFE2UIProbe.build/Debug-iphonesimulator/ProbeHost.build/swift-overrides.hmap -emit-const-values -Xfrontend -const-gather-protocols-file -Xfrontend /tmp/solosoul-fe2-ios-object-navigation-ui-20261008/DerivedData/Build/Intermediates.noindex/SoloSoulFE2UIProbe.build/Debug-iphonesimulator/ProbeHost.build/Objects-normal/arm64/ProbeHost_const_extract_protocols.json -Xcc -iquote -Xcc /tmp/solosoul-fe2-ios-object-navigation-ui-20261008/DerivedData/Build/Intermediates.noindex/SoloSoulFE2UIProbe.build/Debug-iphonesimulator/ProbeHost.build/ProbeHost-generated-files.hmap -Xcc -I/tmp/solosoul-fe2-ios-object-navigation-ui-20261008/DerivedData/Build/Intermediates.noindex/SoloSoulFE2UIProbe.build/Debug-iphonesimulator/ProbeHost.build/ProbeHost-own-target-headers.hmap -Xcc -I/tmp/solosoul-fe2-ios-object-navigation-ui-20261008/DerivedData/Build/Intermediates.noindex/SoloSoulFE2UIProbe.build/Debug-iphonesimulator/ProbeHost.build/ProbeHost-all-target-headers.hmap -Xcc -iquote -Xcc /tmp/solosoul-fe2-ios-object-navigation-ui-20261008/DerivedData/Build/Intermediates.noindex/SoloSoulFE2UIProbe.build/Debug-iphonesimulator/ProbeHost.build/ProbeHost-project-headers.hmap -Xcc -I/tmp/solosoul-fe2-ios-object-navigation-ui-20261008/DerivedData/Build/Products/Debug-iphonesimulator/include -Xcc -I/tmp/solosoul-fe2-ios-object-navigation-ui-20261008/DerivedData/Build/Intermediates.noindex/SoloSoulFE2UIProbe.build/Debug-iphonesimulator/ProbeHost.build/DerivedSources-normal/arm64 -Xcc -I/tmp/solosoul-fe2-ios-object-navigation-ui-20261008/DerivedData/Build/Intermediates.noindex/SoloSoulFE2UIProbe.build/Debug-iphonesimulator/ProbeHost.build/DerivedSources/arm64 -Xcc -I/tmp/solosoul-fe2-ios-object-navigation-ui-20261008/DerivedData/Build/Intermediates.noindex/SoloSoulFE2UIProbe.build/Debug-iphonesimulator/ProbeHost.build/DerivedSources -Xcc -DDEBUG\=1 -emit-objc-header -emit-objc-header-path /tmp/solosoul-fe2-ios-object-navigation-ui-20261008/DerivedData/Build/Intermediates.noindex/SoloSoulFE2UIProbe.build/Debug-iphonesimulator/ProbeHost.build/Objects-normal/arm64/ProbeHost-Swift.h -working-directory /tmp/solosoul-fe2-ios-object-navigation-ui-20261008 -experimental-emit-module-separately -disable-cmo

SwiftMergeGeneratedHeaders /tmp/solosoul-fe2-ios-object-navigation-ui-20261008/DerivedData/Build/Intermediates.noindex/SoloSoulFE2UIProbe.build/Debug-iphonesimulator/ProbeHost.build/DerivedSources/ProbeHost-Swift.h /tmp/solosoul-fe2-ios-object-navigation-ui-20261008/DerivedData/Build/Intermediates.noindex/SoloSoulFE2UIProbe.build/Debug-iphonesimulator/ProbeHost.build/Objects-normal/arm64/ProbeHost-Swift.h (in target 'ProbeHost' from project 'SoloSoulFE2UIProbe')
    cd /tmp/solosoul-fe2-ios-object-navigation-ui-20261008
    builtin-swiftHeaderTool -arch arm64 /tmp/solosoul-fe2-ios-object-navigation-ui-20261008/DerivedData/Build/Intermediates.noindex/SoloSoulFE2UIProbe.build/Debug-iphonesimulator/ProbeHost.build/Objects-normal/arm64/ProbeHost-Swift.h -o /tmp/solosoul-fe2-ios-object-navigation-ui-20261008/DerivedData/Build/Intermediates.noindex/SoloSoulFE2UIProbe.build/Debug-iphonesimulator/ProbeHost.build/DerivedSources/ProbeHost-Swift.h

Copy /tmp/solosoul-fe2-ios-object-navigation-ui-20261008/DerivedData/Build/Products/Debug-iphonesimulator/ProbeHost.swiftmodule/arm64-apple-ios-simulator.abi.json /tmp/solosoul-fe2-ios-object-navigation-ui-20261008/DerivedData/Build/Intermediates.noindex/SoloSoulFE2UIProbe.build/Debug-iphonesimulator/ProbeHost.build/Objects-normal/arm64/ProbeHost.abi.json (in target 'ProbeHost' from project 'SoloSoulFE2UIProbe')
    cd /tmp/solosoul-fe2-ios-object-navigation-ui-20261008
    builtin-copy -exclude .DS_Store -exclude CVS -exclude .svn -exclude .git -exclude .hg -resolve-src-symlinks -rename /tmp/solosoul-fe2-ios-object-navigation-ui-20261008/DerivedData/Build/Intermediates.noindex/SoloSoulFE2UIProbe.build/Debug-iphonesimulator/ProbeHost.build/Objects-normal/arm64/ProbeHost.abi.json /tmp/solosoul-fe2-ios-object-navigation-ui-20261008/DerivedData/Build/Products/Debug-iphonesimulator/ProbeHost.swiftmodule/arm64-apple-ios-simulator.abi.json

Copy /tmp/solosoul-fe2-ios-object-navigation-ui-20261008/DerivedData/Build/Products/Debug-iphonesimulator/ProbeHost.swiftmodule/arm64-apple-ios-simulator.swiftmodule /tmp/solosoul-fe2-ios-object-navigation-ui-20261008/DerivedData/Build/Intermediates.noindex/SoloSoulFE2UIProbe.build/Debug-iphonesimulator/ProbeHost.build/Objects-normal/arm64/ProbeHost.swiftmodule (in target 'ProbeHost' from project 'SoloSoulFE2UIProbe')
    cd /tmp/solosoul-fe2-ios-object-navigation-ui-20261008
    builtin-copy -exclude .DS_Store -exclude CVS -exclude .svn -exclude .git -exclude .hg -resolve-src-symlinks -rename /tmp/solosoul-fe2-ios-object-navigation-ui-20261008/DerivedData/Build/Intermediates.noindex/SoloSoulFE2UIProbe.build/Debug-iphonesimulator/ProbeHost.build/Objects-normal/arm64/ProbeHost.swiftmodule /tmp/solosoul-fe2-ios-object-navigation-ui-20261008/DerivedData/Build/Products/Debug-iphonesimulator/ProbeHost.swiftmodule/arm64-apple-ios-simulator.swiftmodule

Copy /tmp/solosoul-fe2-ios-object-navigation-ui-20261008/DerivedData/Build/Products/Debug-iphonesimulator/ProbeHost.swiftmodule/arm64-apple-ios-simulator.swiftdoc /tmp/solosoul-fe2-ios-object-navigation-ui-20261008/DerivedData/Build/Intermediates.noindex/SoloSoulFE2UIProbe.build/Debug-iphonesimulator/ProbeHost.build/Objects-normal/arm64/ProbeHost.swiftdoc (in target 'ProbeHost' from project 'SoloSoulFE2UIProbe')
    cd /tmp/solosoul-fe2-ios-object-navigation-ui-20261008
    builtin-copy -exclude .DS_Store -exclude CVS -exclude .svn -exclude .git -exclude .hg -resolve-src-symlinks -rename /tmp/solosoul-fe2-ios-object-navigation-ui-20261008/DerivedData/Build/Intermediates.noindex/SoloSoulFE2UIProbe.build/Debug-iphonesimulator/ProbeHost.build/Objects-normal/arm64/ProbeHost.swiftdoc /tmp/solosoul-fe2-ios-object-navigation-ui-20261008/DerivedData/Build/Products/Debug-iphonesimulator/ProbeHost.swiftmodule/arm64-apple-ios-simulator.swiftdoc

Copy /tmp/solosoul-fe2-ios-object-navigation-ui-20261008/DerivedData/Build/Products/Debug-iphonesimulator/ProbeHost.swiftmodule/Project/arm64-apple-ios-simulator.swiftsourceinfo /tmp/solosoul-fe2-ios-object-navigation-ui-20261008/DerivedData/Build/Intermediates.noindex/SoloSoulFE2UIProbe.build/Debug-iphonesimulator/ProbeHost.build/Objects-normal/arm64/ProbeHost.swiftsourceinfo (in target 'ProbeHost' from project 'SoloSoulFE2UIProbe')
    cd /tmp/solosoul-fe2-ios-object-navigation-ui-20261008
    builtin-copy -exclude .DS_Store -exclude CVS -exclude .svn -exclude .git -exclude .hg -resolve-src-symlinks -rename /tmp/solosoul-fe2-ios-object-navigation-ui-20261008/DerivedData/Build/Intermediates.noindex/SoloSoulFE2UIProbe.build/Debug-iphonesimulator/ProbeHost.build/Objects-normal/arm64/ProbeHost.swiftsourceinfo /tmp/solosoul-fe2-ios-object-navigation-ui-20261008/DerivedData/Build/Products/Debug-iphonesimulator/ProbeHost.swiftmodule/Project/arm64-apple-ios-simulator.swiftsourceinfo

SwiftDriver ProbeTests normal arm64 com.apple.xcode.tools.swift.compiler (in target 'ProbeTests' from project 'SoloSoulFE2UIProbe')
    cd /tmp/solosoul-fe2-ios-object-navigation-ui-20261008
    builtin-SwiftDriver -- /Applications/Xcode.app/Contents/Developer/Toolchains/XcodeDefault.xctoolchain/usr/bin/swiftc -module-name ProbeTests -Onone -enforce-exclusivity\=checked @/tmp/solosoul-fe2-ios-object-navigation-ui-20261008/DerivedData/Build/Intermediates.noindex/SoloSoulFE2UIProbe.build/Debug-iphonesimulator/ProbeTests.build/Objects-normal/arm64/ProbeTests.SwiftFileList -DDEBUG -module-alias Testing\=_Testing_Unavailable -plugin-path /Applications/Xcode.app/Contents/Developer/Toolchains/XcodeDefault.xctoolchain/usr/lib/swift/host/plugins/testing -enable-bare-slash-regex -enable-experimental-feature DebugDescriptionMacro -sdk /Applications/Xcode.app/Contents/Developer/Platforms/iPhoneSimulator.platform/Developer/SDKs/iPhoneSimulator26.2.sdk -target arm64-apple-ios14.0-simulator -g -module-cache-path /tmp/solosoul-fe2-ios-object-navigation-ui-20261008/DerivedData/ModuleCache.noindex -Xfrontend -serialize-debugging-options -enable-testing -index-store-path /tmp/solosoul-fe2-ios-object-navigation-ui-20261008/DerivedData/Index.noindex/DataStore -Xcc -D_LIBCPP_HARDENING_MODE\=_LIBCPP_HARDENING_MODE_DEBUG -swift-version 5 -I /tmp/solosoul-fe2-ios-object-navigation-ui-20261008/DerivedData/Build/Products/Debug-iphonesimulator -Isystem /Applications/Xcode.app/Contents/Developer/Platforms/iPhoneSimulator.platform/Developer/usr/lib -F /tmp/solosoul-fe2-ios-object-navigation-ui-20261008/DerivedData/Build/Products/Debug-iphonesimulator -F /Applications/Xcode.app/Contents/Developer/Platforms/iPhoneSimulator.platform/Developer/Library/Frameworks -F /Applications/Xcode.app/Contents/Developer/Platforms/iPhoneSimulator.platform/Developer/SDKs/iPhoneSimulator26.2.sdk/Developer/Library/Frameworks -parse-as-library -c -j8 -enable-batch-mode -incremental -Xcc -ivfsstatcache -Xcc /tmp/solosoul-fe2-ios-object-navigation-ui-20261008/DerivedData/SDKStatCaches.noindex/iphonesimulator26.2-23C57-7d00a8b37fbd7999ea79df8ebc024bf0.sdkstatcache -output-file-map /tmp/solosoul-fe2-ios-object-navigation-ui-20261008/DerivedData/Build/Intermediates.noindex/SoloSoulFE2UIProbe.build/Debug-iphonesimulator/ProbeTests.build/Objects-normal/arm64/ProbeTests-OutputFileMap.json -use-frontend-parseable-output -save-temps -no-color-diagnostics -explicit-module-build -module-cache-path /tmp/solosoul-fe2-ios-object-navigation-ui-20261008/DerivedData/Build/Intermediates.noindex/SwiftExplicitPrecompiledModules -clang-scanner-module-cache-path /tmp/solosoul-fe2-ios-object-navigation-ui-20261008/DerivedData/ModuleCache.noindex -sdk-module-cache-path /tmp/solosoul-fe2-ios-object-navigation-ui-20261008/DerivedData/ModuleCache.noindex -serialize-diagnostics -emit-dependencies -emit-module -emit-module-path /tmp/solosoul-fe2-ios-object-navigation-ui-20261008/DerivedData/Build/Intermediates.noindex/SoloSoulFE2UIProbe.build/Debug-iphonesimulator/ProbeTests.build/Objects-normal/arm64/ProbeTests.swiftmodule -validate-clang-modules-once -clang-build-session-file /tmp/solosoul-fe2-ios-object-navigation-ui-20261008/DerivedData/ModuleCache.noindex/Session.modulevalidation -Xcc -I/tmp/solosoul-fe2-ios-object-navigation-ui-20261008/DerivedData/Build/Intermediates.noindex/SoloSoulFE2UIProbe.build/Debug-iphonesimulator/ProbeTests.build/swift-overrides.hmap -emit-const-values -Xfrontend -const-gather-protocols-file -Xfrontend /tmp/solosoul-fe2-ios-object-navigation-ui-20261008/DerivedData/Build/Intermediates.noindex/SoloSoulFE2UIProbe.build/Debug-iphonesimulator/ProbeTests.build/Objects-normal/arm64/ProbeTests_const_extract_protocols.json -Xcc -iquote -Xcc /tmp/solosoul-fe2-ios-object-navigation-ui-20261008/DerivedData/Build/Intermediates.noindex/SoloSoulFE2UIProbe.build/Debug-iphonesimulator/ProbeTests.build/ProbeTests-generated-files.hmap -Xcc -I/tmp/solosoul-fe2-ios-object-navigation-ui-20261008/DerivedData/Build/Intermediates.noindex/SoloSoulFE2UIProbe.build/Debug-iphonesimulator/ProbeTests.build/ProbeTests-own-target-headers.hmap -Xcc -I/tmp/solosoul-fe2-ios-object-navigation-ui-20261008/DerivedData/Build/Intermediates.noindex/SoloSoulFE2UIProbe.build/Debug-iphonesimulator/ProbeTests.build/ProbeTests-all-target-headers.hmap -Xcc -iquote -Xcc /tmp/solosoul-fe2-ios-object-navigation-ui-20261008/DerivedData/Build/Intermediates.noindex/SoloSoulFE2UIProbe.build/Debug-iphonesimulator/ProbeTests.build/ProbeTests-project-headers.hmap -Xcc -I/tmp/solosoul-fe2-ios-object-navigation-ui-20261008/DerivedData/Build/Products/Debug-iphonesimulator/include -Xcc -I/tmp/solosoul-fe2-ios-object-navigation-ui-20261008/DerivedData/Build/Intermediates.noindex/SoloSoulFE2UIProbe.build/Debug-iphonesimulator/ProbeTests.build/DerivedSources-normal/arm64 -Xcc -I/tmp/solosoul-fe2-ios-object-navigation-ui-20261008/DerivedData/Build/Intermediates.noindex/SoloSoulFE2UIProbe.build/Debug-iphonesimulator/ProbeTests.build/DerivedSources/arm64 -Xcc -I/tmp/solosoul-fe2-ios-object-navigation-ui-20261008/DerivedData/Build/Intermediates.noindex/SoloSoulFE2UIProbe.build/Debug-iphonesimulator/ProbeTests.build/DerivedSources -Xcc -DDEBUG\=1 -emit-objc-header -emit-objc-header-path /tmp/solosoul-fe2-ios-object-navigation-ui-20261008/DerivedData/Build/Intermediates.noindex/SoloSoulFE2UIProbe.build/Debug-iphonesimulator/ProbeTests.build/Objects-normal/arm64/ProbeTests-Swift.h -working-directory /tmp/solosoul-fe2-ios-object-navigation-ui-20261008 -experimental-emit-module-separately -disable-cmo

SwiftExplicitDependencyGeneratePcm arm64 /tmp/solosoul-fe2-ios-object-navigation-ui-20261008/DerivedData/Build/Intermediates.noindex/SwiftExplicitPrecompiledModules/XCUIAutomation-259PZQNWD7T33F6I6G5O010A3.pcm

SwiftExplicitDependencyGeneratePcm arm64 /tmp/solosoul-fe2-ios-object-navigation-ui-20261008/DerivedData/Build/Intermediates.noindex/SwiftExplicitPrecompiledModules/XCTest-995HDEA6P14KUYR0GL32W81IU.pcm

SwiftExplicitDependencyCompileModuleFromInterface arm64 /tmp/solosoul-fe2-ios-object-navigation-ui-20261008/DerivedData/Build/Intermediates.noindex/SwiftExplicitPrecompiledModules/XCUIAutomation-1NRNRYT18KKL5.swiftmodule

SwiftExplicitDependencyCompileModuleFromInterface arm64 /tmp/solosoul-fe2-ios-object-navigation-ui-20261008/DerivedData/Build/Intermediates.noindex/SwiftExplicitPrecompiledModules/XCTest-1L9YDBCD0YTVR.swiftmodule

SwiftCompile normal arm64 Compiling\ ProbeTests.swift /tmp/solosoul-fe2-ios-object-navigation-ui-20261008/Tests/ProbeTests.swift (in target 'ProbeTests' from project 'SoloSoulFE2UIProbe')
SwiftCompile normal arm64 /tmp/solosoul-fe2-ios-object-navigation-ui-20261008/Tests/ProbeTests.swift (in target 'ProbeTests' from project 'SoloSoulFE2UIProbe')
    cd /tmp/solosoul-fe2-ios-object-navigation-ui-20261008
    

SwiftEmitModule normal arm64 Emitting\ module\ for\ ProbeTests (in target 'ProbeTests' from project 'SoloSoulFE2UIProbe')

SwiftCompile normal arm64 /tmp/solosoul-fe2-ios-object-navigation-ui-20261008/Tests/ProbeTests.swift (in target 'ProbeTests' from project 'SoloSoulFE2UIProbe')
    cd /tmp/solosoul-fe2-ios-object-navigation-ui-20261008
    

SwiftDriverJobDiscovery normal arm64 Emitting module for ProbeTests (in target 'ProbeTests' from project 'SoloSoulFE2UIProbe')

SwiftDriver\ Compilation\ Requirements ProbeTests normal arm64 com.apple.xcode.tools.swift.compiler (in target 'ProbeTests' from project 'SoloSoulFE2UIProbe')
    cd /tmp/solosoul-fe2-ios-object-navigation-ui-20261008
    builtin-Swift-Compilation-Requirements -- /Applications/Xcode.app/Contents/Developer/Toolchains/XcodeDefault.xctoolchain/usr/bin/swiftc -module-name ProbeTests -Onone -enforce-exclusivity\=checked @/tmp/solosoul-fe2-ios-object-navigation-ui-20261008/DerivedData/Build/Intermediates.noindex/SoloSoulFE2UIProbe.build/Debug-iphonesimulator/ProbeTests.build/Objects-normal/arm64/ProbeTests.SwiftFileList -DDEBUG -module-alias Testing\=_Testing_Unavailable -plugin-path /Applications/Xcode.app/Contents/Developer/Toolchains/XcodeDefault.xctoolchain/usr/lib/swift/host/plugins/testing -enable-bare-slash-regex -enable-experimental-feature DebugDescriptionMacro -sdk /Applications/Xcode.app/Contents/Developer/Platforms/iPhoneSimulator.platform/Developer/SDKs/iPhoneSimulator26.2.sdk -target arm64-apple-ios14.0-simulator -g -module-cache-path /tmp/solosoul-fe2-ios-object-navigation-ui-20261008/DerivedData/ModuleCache.noindex -Xfrontend -serialize-debugging-options -enable-testing -index-store-path /tmp/solosoul-fe2-ios-object-navigation-ui-20261008/DerivedData/Index.noindex/DataStore -Xcc -D_LIBCPP_HARDENING_MODE\=_LIBCPP_HARDENING_MODE_DEBUG -swift-version 5 -I /tmp/solosoul-fe2-ios-object-navigation-ui-20261008/DerivedData/Build/Products/Debug-iphonesimulator -Isystem /Applications/Xcode.app/Contents/Developer/Platforms/iPhoneSimulator.platform/Developer/usr/lib -F /tmp/solosoul-fe2-ios-object-navigation-ui-20261008/DerivedData/Build/Products/Debug-iphonesimulator -F /Applications/Xcode.app/Contents/Developer/Platforms/iPhoneSimulator.platform/Developer/Library/Frameworks -F /Applications/Xcode.app/Contents/Developer/Platforms/iPhoneSimulator.platform/Developer/SDKs/iPhoneSimulator26.2.sdk/Developer/Library/Frameworks -parse-as-library -c -j8 -enable-batch-mode -incremental -Xcc -ivfsstatcache -Xcc /tmp/solosoul-fe2-ios-object-navigation-ui-20261008/DerivedData/SDKStatCaches.noindex/iphonesimulator26.2-23C57-7d00a8b37fbd7999ea79df8ebc024bf0.sdkstatcache -output-file-map /tmp/solosoul-fe2-ios-object-navigation-ui-20261008/DerivedData/Build/Intermediates.noindex/SoloSoulFE2UIProbe.build/Debug-iphonesimulator/ProbeTests.build/Objects-normal/arm64/ProbeTests-OutputFileMap.json -use-frontend-parseable-output -save-temps -no-color-diagnostics -explicit-module-build -module-cache-path /tmp/solosoul-fe2-ios-object-navigation-ui-20261008/DerivedData/Build/Intermediates.noindex/SwiftExplicitPrecompiledModules -clang-scanner-module-cache-path /tmp/solosoul-fe2-ios-object-navigation-ui-20261008/DerivedData/ModuleCache.noindex -sdk-module-cache-path /tmp/solosoul-fe2-ios-object-navigation-ui-20261008/DerivedData/ModuleCache.noindex -serialize-diagnostics -emit-dependencies -emit-module -emit-module-path /tmp/solosoul-fe2-ios-object-navigation-ui-20261008/DerivedData/Build/Intermediates.noindex/SoloSoulFE2UIProbe.build/Debug-iphonesimulator/ProbeTests.build/Objects-normal/arm64/ProbeTests.swiftmodule -validate-clang-modules-once -clang-build-session-file /tmp/solosoul-fe2-ios-object-navigation-ui-20261008/DerivedData/ModuleCache.noindex/Session.modulevalidation -Xcc -I/tmp/solosoul-fe2-ios-object-navigation-ui-20261008/DerivedData/Build/Intermediates.noindex/SoloSoulFE2UIProbe.build/Debug-iphonesimulator/ProbeTests.build/swift-overrides.hmap -emit-const-values -Xfrontend -const-gather-protocols-file -Xfrontend /tmp/solosoul-fe2-ios-object-navigation-ui-20261008/DerivedData/Build/Intermediates.noindex/SoloSoulFE2UIProbe.build/Debug-iphonesimulator/ProbeTests.build/Objects-normal/arm64/ProbeTests_const_extract_protocols.json -Xcc -iquote -Xcc /tmp/solosoul-fe2-ios-object-navigation-ui-20261008/DerivedData/Build/Intermediates.noindex/SoloSoulFE2UIProbe.build/Debug-iphonesimulator/ProbeTests.build/ProbeTests-generated-files.hmap -Xcc -I/tmp/solosoul-fe2-ios-object-navigation-ui-20261008/DerivedData/Build/Intermediates.noindex/SoloSoulFE2UIProbe.build/Debug-iphonesimulator/ProbeTests.build/ProbeTests-own-target-headers.hmap -Xcc -I/tmp/solosoul-fe2-ios-object-navigation-ui-20261008/DerivedData/Build/Intermediates.noindex/SoloSoulFE2UIProbe.build/Debug-iphonesimulator/ProbeTests.build/ProbeTests-all-target-headers.hmap -Xcc -iquote -Xcc /tmp/solosoul-fe2-ios-object-navigation-ui-20261008/DerivedData/Build/Intermediates.noindex/SoloSoulFE2UIProbe.build/Debug-iphonesimulator/ProbeTests.build/ProbeTests-project-headers.hmap -Xcc -I/tmp/solosoul-fe2-ios-object-navigation-ui-20261008/DerivedData/Build/Products/Debug-iphonesimulator/include -Xcc -I/tmp/solosoul-fe2-ios-object-navigation-ui-20261008/DerivedData/Build/Intermediates.noindex/SoloSoulFE2UIProbe.build/Debug-iphonesimulator/ProbeTests.build/DerivedSources-normal/arm64 -Xcc -I/tmp/solosoul-fe2-ios-object-navigation-ui-20261008/DerivedData/Build/Intermediates.noindex/SoloSoulFE2UIProbe.build/Debug-iphonesimulator/ProbeTests.build/DerivedSources/arm64 -Xcc -I/tmp/solosoul-fe2-ios-object-navigation-ui-20261008/DerivedData/Build/Intermediates.noindex/SoloSoulFE2UIProbe.build/Debug-iphonesimulator/ProbeTests.build/DerivedSources -Xcc -DDEBUG\=1 -emit-objc-header -emit-objc-header-path /tmp/solosoul-fe2-ios-object-navigation-ui-20261008/DerivedData/Build/Intermediates.noindex/SoloSoulFE2UIProbe.build/Debug-iphonesimulator/ProbeTests.build/Objects-normal/arm64/ProbeTests-Swift.h -working-directory /tmp/solosoul-fe2-ios-object-navigation-ui-20261008 -experimental-emit-module-separately -disable-cmo

Copy /tmp/solosoul-fe2-ios-object-navigation-ui-20261008/DerivedData/Build/Products/Debug-iphonesimulator/ProbeTests.swiftmodule/arm64-apple-ios-simulator.swiftmodule /tmp/solosoul-fe2-ios-object-navigation-ui-20261008/DerivedData/Build/Intermediates.noindex/SoloSoulFE2UIProbe.build/Debug-iphonesimulator/ProbeTests.build/Objects-normal/arm64/ProbeTests.swiftmodule (in target 'ProbeTests' from project 'SoloSoulFE2UIProbe')
    cd /tmp/solosoul-fe2-ios-object-navigation-ui-20261008
    builtin-copy -exclude .DS_Store -exclude CVS -exclude .svn -exclude .git -exclude .hg -resolve-src-symlinks -rename /tmp/solosoul-fe2-ios-object-navigation-ui-20261008/DerivedData/Build/Intermediates.noindex/SoloSoulFE2UIProbe.build/Debug-iphonesimulator/ProbeTests.build/Objects-normal/arm64/ProbeTests.swiftmodule /tmp/solosoul-fe2-ios-object-navigation-ui-20261008/DerivedData/Build/Products/Debug-iphonesimulator/ProbeTests.swiftmodule/arm64-apple-ios-simulator.swiftmodule

Copy /tmp/solosoul-fe2-ios-object-navigation-ui-20261008/DerivedData/Build/Products/Debug-iphonesimulator/ProbeTests.swiftmodule/arm64-apple-ios-simulator.abi.json /tmp/solosoul-fe2-ios-object-navigation-ui-20261008/DerivedData/Build/Intermediates.noindex/SoloSoulFE2UIProbe.build/Debug-iphonesimulator/ProbeTests.build/Objects-normal/arm64/ProbeTests.abi.json (in target 'ProbeTests' from project 'SoloSoulFE2UIProbe')
    cd /tmp/solosoul-fe2-ios-object-navigation-ui-20261008
    builtin-copy -exclude .DS_Store -exclude CVS -exclude .svn -exclude .git -exclude .hg -resolve-src-symlinks -rename /tmp/solosoul-fe2-ios-object-navigation-ui-20261008/DerivedData/Build/Intermediates.noindex/SoloSoulFE2UIProbe.build/Debug-iphonesimulator/ProbeTests.build/Objects-normal/arm64/ProbeTests.abi.json /tmp/solosoul-fe2-ios-object-navigation-ui-20261008/DerivedData/Build/Products/Debug-iphonesimulator/ProbeTests.swiftmodule/arm64-apple-ios-simulator.abi.json

SwiftMergeGeneratedHeaders /tmp/solosoul-fe2-ios-object-navigation-ui-20261008/DerivedData/Build/Intermediates.noindex/SoloSoulFE2UIProbe.build/Debug-iphonesimulator/ProbeTests.build/DerivedSources/ProbeTests-Swift.h /tmp/solosoul-fe2-ios-object-navigation-ui-20261008/DerivedData/Build/Intermediates.noindex/SoloSoulFE2UIProbe.build/Debug-iphonesimulator/ProbeTests.build/Objects-normal/arm64/ProbeTests-Swift.h (in target 'ProbeTests' from project 'SoloSoulFE2UIProbe')
    cd /tmp/solosoul-fe2-ios-object-navigation-ui-20261008
    builtin-swiftHeaderTool -arch arm64 /tmp/solosoul-fe2-ios-object-navigation-ui-20261008/DerivedData/Build/Intermediates.noindex/SoloSoulFE2UIProbe.build/Debug-iphonesimulator/ProbeTests.build/Objects-normal/arm64/ProbeTests-Swift.h -o /tmp/solosoul-fe2-ios-object-navigation-ui-20261008/DerivedData/Build/Intermediates.noindex/SoloSoulFE2UIProbe.build/Debug-iphonesimulator/ProbeTests.build/DerivedSources/ProbeTests-Swift.h

Copy /tmp/solosoul-fe2-ios-object-navigation-ui-20261008/DerivedData/Build/Products/Debug-iphonesimulator/ProbeTests.swiftmodule/arm64-apple-ios-simulator.swiftdoc /tmp/solosoul-fe2-ios-object-navigation-ui-20261008/DerivedData/Build/Intermediates.noindex/SoloSoulFE2UIProbe.build/Debug-iphonesimulator/ProbeTests.build/Objects-normal/arm64/ProbeTests.swiftdoc (in target 'ProbeTests' from project 'SoloSoulFE2UIProbe')
    cd /tmp/solosoul-fe2-ios-object-navigation-ui-20261008
    builtin-copy -exclude .DS_Store -exclude CVS -exclude .svn -exclude .git -exclude .hg -resolve-src-symlinks -rename /tmp/solosoul-fe2-ios-object-navigation-ui-20261008/DerivedData/Build/Intermediates.noindex/SoloSoulFE2UIProbe.build/Debug-iphonesimulator/ProbeTests.build/Objects-normal/arm64/ProbeTests.swiftdoc /tmp/solosoul-fe2-ios-object-navigation-ui-20261008/DerivedData/Build/Products/Debug-iphonesimulator/ProbeTests.swiftmodule/arm64-apple-ios-simulator.swiftdoc

Copy /tmp/solosoul-fe2-ios-object-navigation-ui-20261008/DerivedData/Build/Products/Debug-iphonesimulator/ProbeTests.swiftmodule/Project/arm64-apple-ios-simulator.swiftsourceinfo /tmp/solosoul-fe2-ios-object-navigation-ui-20261008/DerivedData/Build/Intermediates.noindex/SoloSoulFE2UIProbe.build/Debug-iphonesimulator/ProbeTests.build/Objects-normal/arm64/ProbeTests.swiftsourceinfo (in target 'ProbeTests' from project 'SoloSoulFE2UIProbe')
    cd /tmp/solosoul-fe2-ios-object-navigation-ui-20261008
    builtin-copy -exclude .DS_Store -exclude CVS -exclude .svn -exclude .git -exclude .hg -resolve-src-symlinks -rename /tmp/solosoul-fe2-ios-object-navigation-ui-20261008/DerivedData/Build/Intermediates.noindex/SoloSoulFE2UIProbe.build/Debug-iphonesimulator/ProbeTests.build/Objects-normal/arm64/ProbeTests.swiftsourceinfo /tmp/solosoul-fe2-ios-object-navigation-ui-20261008/DerivedData/Build/Products/Debug-iphonesimulator/ProbeTests.swiftmodule/Project/arm64-apple-ios-simulator.swiftsourceinfo

SwiftDriverJobDiscovery normal arm64 Compiling App.swift (in target 'ProbeHost' from project 'SoloSoulFE2UIProbe')

SwiftDriver\ Compilation ProbeHost normal arm64 com.apple.xcode.tools.swift.compiler (in target 'ProbeHost' from project 'SoloSoulFE2UIProbe')
    cd /tmp/solosoul-fe2-ios-object-navigation-ui-20261008
    builtin-Swift-Compilation -- /Applications/Xcode.app/Contents/Developer/Toolchains/XcodeDefault.xctoolchain/usr/bin/swiftc -module-name ProbeHost -Onone -enforce-exclusivity\=checked @/tmp/solosoul-fe2-ios-object-navigation-ui-20261008/DerivedData/Build/Intermediates.noindex/SoloSoulFE2UIProbe.build/Debug-iphonesimulator/ProbeHost.build/Objects-normal/arm64/ProbeHost.SwiftFileList -DDEBUG -enable-bare-slash-regex -enable-experimental-feature DebugDescriptionMacro -sdk /Applications/Xcode.app/Contents/Developer/Platforms/iPhoneSimulator.platform/Developer/SDKs/iPhoneSimulator26.2.sdk -target arm64-apple-ios14.0-simulator -g -module-cache-path /tmp/solosoul-fe2-ios-object-navigation-ui-20261008/DerivedData/ModuleCache.noindex -Xfrontend -serialize-debugging-options -enable-testing -index-store-path /tmp/solosoul-fe2-ios-object-navigation-ui-20261008/DerivedData/Index.noindex/DataStore -Xcc -D_LIBCPP_HARDENING_MODE\=_LIBCPP_HARDENING_MODE_DEBUG -swift-version 5 -I /tmp/solosoul-fe2-ios-object-navigation-ui-20261008/DerivedData/Build/Products/Debug-iphonesimulator -F /tmp/solosoul-fe2-ios-object-navigation-ui-20261008/DerivedData/Build/Products/Debug-iphonesimulator -parse-as-library -c -j8 -enable-batch-mode -incremental -Xcc -ivfsstatcache -Xcc /tmp/solosoul-fe2-ios-object-navigation-ui-20261008/DerivedData/SDKStatCaches.noindex/iphonesimulator26.2-23C57-7d00a8b37fbd7999ea79df8ebc024bf0.sdkstatcache -output-file-map /tmp/solosoul-fe2-ios-object-navigation-ui-20261008/DerivedData/Build/Intermediates.noindex/SoloSoulFE2UIProbe.build/Debug-iphonesimulator/ProbeHost.build/Objects-normal/arm64/ProbeHost-OutputFileMap.json -use-frontend-parseable-output -save-temps -no-color-diagnostics -explicit-module-build -module-cache-path /tmp/solosoul-fe2-ios-object-navigation-ui-20261008/DerivedData/Build/Intermediates.noindex/SwiftExplicitPrecompiledModules -clang-scanner-module-cache-path /tmp/solosoul-fe2-ios-object-navigation-ui-20261008/DerivedData/ModuleCache.noindex -sdk-module-cache-path /tmp/solosoul-fe2-ios-object-navigation-ui-20261008/DerivedData/ModuleCache.noindex -serialize-diagnostics -emit-dependencies -emit-module -emit-module-path /tmp/solosoul-fe2-ios-object-navigation-ui-20261008/DerivedData/Build/Intermediates.noindex/SoloSoulFE2UIProbe.build/Debug-iphonesimulator/ProbeHost.build/Objects-normal/arm64/ProbeHost.swiftmodule -validate-clang-modules-once -clang-build-session-file /tmp/solosoul-fe2-ios-object-navigation-ui-20261008/DerivedData/ModuleCache.noindex/Session.modulevalidation -Xcc -I/tmp/solosoul-fe2-ios-object-navigation-ui-20261008/DerivedData/Build/Intermediates.noindex/SoloSoulFE2UIProbe.build/Debug-iphonesimulator/ProbeHost.build/swift-overrides.hmap -emit-const-values -Xfrontend -const-gather-protocols-file -Xfrontend /tmp/solosoul-fe2-ios-object-navigation-ui-20261008/DerivedData/Build/Intermediates.noindex/SoloSoulFE2UIProbe.build/Debug-iphonesimulator/ProbeHost.build/Objects-normal/arm64/ProbeHost_const_extract_protocols.json -Xcc -iquote -Xcc /tmp/solosoul-fe2-ios-object-navigation-ui-20261008/DerivedData/Build/Intermediates.noindex/SoloSoulFE2UIProbe.build/Debug-iphonesimulator/ProbeHost.build/ProbeHost-generated-files.hmap -Xcc -I/tmp/solosoul-fe2-ios-object-navigation-ui-20261008/DerivedData/Build/Intermediates.noindex/SoloSoulFE2UIProbe.build/Debug-iphonesimulator/ProbeHost.build/ProbeHost-own-target-headers.hmap -Xcc -I/tmp/solosoul-fe2-ios-object-navigation-ui-20261008/DerivedData/Build/Intermediates.noindex/SoloSoulFE2UIProbe.build/Debug-iphonesimulator/ProbeHost.build/ProbeHost-all-target-headers.hmap -Xcc -iquote -Xcc /tmp/solosoul-fe2-ios-object-navigation-ui-20261008/DerivedData/Build/Intermediates.noindex/SoloSoulFE2UIProbe.build/Debug-iphonesimulator/ProbeHost.build/ProbeHost-project-headers.hmap -Xcc -I/tmp/solosoul-fe2-ios-object-navigation-ui-20261008/DerivedData/Build/Products/Debug-iphonesimulator/include -Xcc -I/tmp/solosoul-fe2-ios-object-navigation-ui-20261008/DerivedData/Build/Intermediates.noindex/SoloSoulFE2UIProbe.build/Debug-iphonesimulator/ProbeHost.build/DerivedSources-normal/arm64 -Xcc -I/tmp/solosoul-fe2-ios-object-navigation-ui-20261008/DerivedData/Build/Intermediates.noindex/SoloSoulFE2UIProbe.build/Debug-iphonesimulator/ProbeHost.build/DerivedSources/arm64 -Xcc -I/tmp/solosoul-fe2-ios-object-navigation-ui-20261008/DerivedData/Build/Intermediates.noindex/SoloSoulFE2UIProbe.build/Debug-iphonesimulator/ProbeHost.build/DerivedSources -Xcc -DDEBUG\=1 -emit-objc-header -emit-objc-header-path /tmp/solosoul-fe2-ios-object-navigation-ui-20261008/DerivedData/Build/Intermediates.noindex/SoloSoulFE2UIProbe.build/Debug-iphonesimulator/ProbeHost.build/Objects-normal/arm64/ProbeHost-Swift.h -working-directory /tmp/solosoul-fe2-ios-object-navigation-ui-20261008 -experimental-emit-module-separately -disable-cmo

Ld /tmp/solosoul-fe2-ios-object-navigation-ui-20261008/DerivedData/Build/Products/Debug-iphonesimulator/ProbeHost.app/ProbeHost.debug.dylib normal (in target 'ProbeHost' from project 'SoloSoulFE2UIProbe')
    cd /tmp/solosoul-fe2-ios-object-navigation-ui-20261008
    /Applications/Xcode.app/Contents/Developer/Toolchains/XcodeDefault.xctoolchain/usr/bin/clang -Xlinker -reproducible -target arm64-apple-ios14.0-simulator -dynamiclib -isysroot /Applications/Xcode.app/Contents/Developer/Platforms/iPhoneSimulator.platform/Developer/SDKs/iPhoneSimulator26.2.sdk -O0 -L/tmp/solosoul-fe2-ios-object-navigation-ui-20261008/DerivedData/Build/Intermediates.noindex/EagerLinkingTBDs/Debug-iphonesimulator -L/tmp/solosoul-fe2-ios-object-navigation-ui-20261008/DerivedData/Build/Products/Debug-iphonesimulator -F/tmp/solosoul-fe2-ios-object-navigation-ui-20261008/DerivedData/Build/Intermediates.noindex/EagerLinkingTBDs/Debug-iphonesimulator -F/tmp/solosoul-fe2-ios-object-navigation-ui-20261008/DerivedData/Build/Products/Debug-iphonesimulator -filelist /tmp/solosoul-fe2-ios-object-navigation-ui-20261008/DerivedData/Build/Intermediates.noindex/SoloSoulFE2UIProbe.build/Debug-iphonesimulator/ProbeHost.build/Objects-normal/arm64/ProbeHost.LinkFileList -install_name @rpath/ProbeHost.debug.dylib -Xlinker -rpath -Xlinker /usr/lib/swift -Xlinker -rpath -Xlinker @executable_path/Frameworks -dead_strip -Xlinker -object_path_lto -Xlinker /tmp/solosoul-fe2-ios-object-navigation-ui-20261008/DerivedData/Build/Intermediates.noindex/SoloSoulFE2UIProbe.build/Debug-iphonesimulator/ProbeHost.build/Objects-normal/arm64/ProbeHost_lto.o -rdynamic -Xlinker -no_deduplicate -Xlinker -objc_abi_version -Xlinker 2 -Xlinker -dependency_info -Xlinker /tmp/solosoul-fe2-ios-object-navigation-ui-20261008/DerivedData/Build/Intermediates.noindex/SoloSoulFE2UIProbe.build/Debug-iphonesimulator/ProbeHost.build/Objects-normal/arm64/ProbeHost_dependency_info.dat -fobjc-link-runtime -L/Applications/Xcode.app/Contents/Developer/Toolchains/XcodeDefault.xctoolchain/usr/lib/swift/iphonesimulator -L/usr/lib/swift -Xlinker -add_ast_path -Xlinker /tmp/solosoul-fe2-ios-object-navigation-ui-20261008/DerivedData/Build/Intermediates.noindex/SoloSoulFE2UIProbe.build/Debug-iphonesimulator/ProbeHost.build/Objects-normal/arm64/ProbeHost.swiftmodule @/tmp/solosoul-fe2-ios-object-navigation-ui-20261008/DerivedData/Build/Intermediates.noindex/SoloSoulFE2UIProbe.build/Debug-iphonesimulator/ProbeHost.build/Objects-normal/arm64/ProbeHost-linker-args.resp -Xlinker -alias -Xlinker _main -Xlinker ___debug_main_executable_dylib_entry_point -o /tmp/solosoul-fe2-ios-object-navigation-ui-20261008/DerivedData/Build/Products/Debug-iphonesimulator/ProbeHost.app/ProbeHost.debug.dylib

SwiftDriverJobDiscovery normal arm64 Compiling ProbeTests.swift (in target 'ProbeTests' from project 'SoloSoulFE2UIProbe')

SwiftDriver\ Compilation ProbeTests normal arm64 com.apple.xcode.tools.swift.compiler (in target 'ProbeTests' from project 'SoloSoulFE2UIProbe')
    cd /tmp/solosoul-fe2-ios-object-navigation-ui-20261008
    builtin-Swift-Compilation -- /Applications/Xcode.app/Contents/Developer/Toolchains/XcodeDefault.xctoolchain/usr/bin/swiftc -module-name ProbeTests -Onone -enforce-exclusivity\=checked @/tmp/solosoul-fe2-ios-object-navigation-ui-20261008/DerivedData/Build/Intermediates.noindex/SoloSoulFE2UIProbe.build/Debug-iphonesimulator/ProbeTests.build/Objects-normal/arm64/ProbeTests.SwiftFileList -DDEBUG -module-alias Testing\=_Testing_Unavailable -plugin-path /Applications/Xcode.app/Contents/Developer/Toolchains/XcodeDefault.xctoolchain/usr/lib/swift/host/plugins/testing -enable-bare-slash-regex -enable-experimental-feature DebugDescriptionMacro -sdk /Applications/Xcode.app/Contents/Developer/Platforms/iPhoneSimulator.platform/Developer/SDKs/iPhoneSimulator26.2.sdk -target arm64-apple-ios14.0-simulator -g -module-cache-path /tmp/solosoul-fe2-ios-object-navigation-ui-20261008/DerivedData/ModuleCache.noindex -Xfrontend -serialize-debugging-options -enable-testing -index-store-path /tmp/solosoul-fe2-ios-object-navigation-ui-20261008/DerivedData/Index.noindex/DataStore -Xcc -D_LIBCPP_HARDENING_MODE\=_LIBCPP_HARDENING_MODE_DEBUG -swift-version 5 -I /tmp/solosoul-fe2-ios-object-navigation-ui-20261008/DerivedData/Build/Products/Debug-iphonesimulator -Isystem /Applications/Xcode.app/Contents/Developer/Platforms/iPhoneSimulator.platform/Developer/usr/lib -F /tmp/solosoul-fe2-ios-object-navigation-ui-20261008/DerivedData/Build/Products/Debug-iphonesimulator -F /Applications/Xcode.app/Contents/Developer/Platforms/iPhoneSimulator.platform/Developer/Library/Frameworks -F /Applications/Xcode.app/Contents/Developer/Platforms/iPhoneSimulator.platform/Developer/SDKs/iPhoneSimulator26.2.sdk/Developer/Library/Frameworks -parse-as-library -c -j8 -enable-batch-mode -incremental -Xcc -ivfsstatcache -Xcc /tmp/solosoul-fe2-ios-object-navigation-ui-20261008/DerivedData/SDKStatCaches.noindex/iphonesimulator26.2-23C57-7d00a8b37fbd7999ea79df8ebc024bf0.sdkstatcache -output-file-map /tmp/solosoul-fe2-ios-object-navigation-ui-20261008/DerivedData/Build/Intermediates.noindex/SoloSoulFE2UIProbe.build/Debug-iphonesimulator/ProbeTests.build/Objects-normal/arm64/ProbeTests-OutputFileMap.json -use-frontend-parseable-output -save-temps -no-color-diagnostics -explicit-module-build -module-cache-path /tmp/solosoul-fe2-ios-object-navigation-ui-20261008/DerivedData/Build/Intermediates.noindex/SwiftExplicitPrecompiledModules -clang-scanner-module-cache-path /tmp/solosoul-fe2-ios-object-navigation-ui-20261008/DerivedData/ModuleCache.noindex -sdk-module-cache-path /tmp/solosoul-fe2-ios-object-navigation-ui-20261008/DerivedData/ModuleCache.noindex -serialize-diagnostics -emit-dependencies -emit-module -emit-module-path /tmp/solosoul-fe2-ios-object-navigation-ui-20261008/DerivedData/Build/Intermediates.noindex/SoloSoulFE2UIProbe.build/Debug-iphonesimulator/ProbeTests.build/Objects-normal/arm64/ProbeTests.swiftmodule -validate-clang-modules-once -clang-build-session-file /tmp/solosoul-fe2-ios-object-navigation-ui-20261008/DerivedData/ModuleCache.noindex/Session.modulevalidation -Xcc -I/tmp/solosoul-fe2-ios-object-navigation-ui-20261008/DerivedData/Build/Intermediates.noindex/SoloSoulFE2UIProbe.build/Debug-iphonesimulator/ProbeTests.build/swift-overrides.hmap -emit-const-values -Xfrontend -const-gather-protocols-file -Xfrontend /tmp/solosoul-fe2-ios-object-navigation-ui-20261008/DerivedData/Build/Intermediates.noindex/SoloSoulFE2UIProbe.build/Debug-iphonesimulator/ProbeTests.build/Objects-normal/arm64/ProbeTests_const_extract_protocols.json -Xcc -iquote -Xcc /tmp/solosoul-fe2-ios-object-navigation-ui-20261008/DerivedData/Build/Intermediates.noindex/SoloSoulFE2UIProbe.build/Debug-iphonesimulator/ProbeTests.build/ProbeTests-generated-files.hmap -Xcc -I/tmp/solosoul-fe2-ios-object-navigation-ui-20261008/DerivedData/Build/Intermediates.noindex/SoloSoulFE2UIProbe.build/Debug-iphonesimulator/ProbeTests.build/ProbeTests-own-target-headers.hmap -Xcc -I/tmp/solosoul-fe2-ios-object-navigation-ui-20261008/DerivedData/Build/Intermediates.noindex/SoloSoulFE2UIProbe.build/Debug-iphonesimulator/ProbeTests.build/ProbeTests-all-target-headers.hmap -Xcc -iquote -Xcc /tmp/solosoul-fe2-ios-object-navigation-ui-20261008/DerivedData/Build/Intermediates.noindex/SoloSoulFE2UIProbe.build/Debug-iphonesimulator/ProbeTests.build/ProbeTests-project-headers.hmap -Xcc -I/tmp/solosoul-fe2-ios-object-navigation-ui-20261008/DerivedData/Build/Products/Debug-iphonesimulator/include -Xcc -I/tmp/solosoul-fe2-ios-object-navigation-ui-20261008/DerivedData/Build/Intermediates.noindex/SoloSoulFE2UIProbe.build/Debug-iphonesimulator/ProbeTests.build/DerivedSources-normal/arm64 -Xcc -I/tmp/solosoul-fe2-ios-object-navigation-ui-20261008/DerivedData/Build/Intermediates.noindex/SoloSoulFE2UIProbe.build/Debug-iphonesimulator/ProbeTests.build/DerivedSources/arm64 -Xcc -I/tmp/solosoul-fe2-ios-object-navigation-ui-20261008/DerivedData/Build/Intermediates.noindex/SoloSoulFE2UIProbe.build/Debug-iphonesimulator/ProbeTests.build/DerivedSources -Xcc -DDEBUG\=1 -emit-objc-header -emit-objc-header-path /tmp/solosoul-fe2-ios-object-navigation-ui-20261008/DerivedData/Build/Intermediates.noindex/SoloSoulFE2UIProbe.build/Debug-iphonesimulator/ProbeTests.build/Objects-normal/arm64/ProbeTests-Swift.h -working-directory /tmp/solosoul-fe2-ios-object-navigation-ui-20261008 -experimental-emit-module-separately -disable-cmo

ConstructStubExecutorLinkFileList /tmp/solosoul-fe2-ios-object-navigation-ui-20261008/DerivedData/Build/Intermediates.noindex/SoloSoulFE2UIProbe.build/Debug-iphonesimulator/ProbeHost.build/ProbeHost-ExecutorLinkFileList-normal-arm64.txt (in target 'ProbeHost' from project 'SoloSoulFE2UIProbe')
    cd /tmp/solosoul-fe2-ios-object-navigation-ui-20261008
    construct-stub-executor-link-file-list /tmp/solosoul-fe2-ios-object-navigation-ui-20261008/DerivedData/Build/Products/Debug-iphonesimulator/ProbeHost.app/ProbeHost.debug.dylib /Applications/Xcode.app/Contents/Developer/Platforms/iPhoneSimulator.platform/Developer/usr/lib/libPreviewsJITStubExecutor_no_swift_entry_point.a /Applications/Xcode.app/Contents/Developer/Platforms/iPhoneSimulator.platform/Developer/usr/lib/libPreviewsJITStubExecutor.a --output /tmp/solosoul-fe2-ios-object-navigation-ui-20261008/DerivedData/Build/Intermediates.noindex/SoloSoulFE2UIProbe.build/Debug-iphonesimulator/ProbeHost.build/ProbeHost-ExecutorLinkFileList-normal-arm64.txt
note: Using stub executor library with Swift entry point. (in target 'ProbeHost' from project 'SoloSoulFE2UIProbe')

Ld /tmp/solosoul-fe2-ios-object-navigation-ui-20261008/DerivedData/Build/Products/Debug-iphonesimulator/ProbeHost.app/ProbeHost normal (in target 'ProbeHost' from project 'SoloSoulFE2UIProbe')
    cd /tmp/solosoul-fe2-ios-object-navigation-ui-20261008
    /Applications/Xcode.app/Contents/Developer/Toolchains/XcodeDefault.xctoolchain/usr/bin/clang -Xlinker -reproducible -target arm64-apple-ios14.0-simulator -isysroot /Applications/Xcode.app/Contents/Developer/Platforms/iPhoneSimulator.platform/Developer/SDKs/iPhoneSimulator26.2.sdk -O0 -L/tmp/solosoul-fe2-ios-object-navigation-ui-20261008/DerivedData/Build/Products/Debug-iphonesimulator -F/tmp/solosoul-fe2-ios-object-navigation-ui-20261008/DerivedData/Build/Products/Debug-iphonesimulator -Xlinker -rpath -Xlinker @executable_path -Xlinker -rpath -Xlinker @executable_path/Frameworks -rdynamic -Xlinker -no_deduplicate -Xlinker -objc_abi_version -Xlinker 2 -e ___debug_blank_executor_main -Xlinker -sectcreate -Xlinker __TEXT -Xlinker __debug_dylib -Xlinker /tmp/solosoul-fe2-ios-object-navigation-ui-20261008/DerivedData/Build/Intermediates.noindex/SoloSoulFE2UIProbe.build/Debug-iphonesimulator/ProbeHost.build/ProbeHost-DebugDylibPath-normal-arm64.txt -Xlinker -sectcreate -Xlinker __TEXT -Xlinker __debug_instlnm -Xlinker /tmp/solosoul-fe2-ios-object-navigation-ui-20261008/DerivedData/Build/Intermediates.noindex/SoloSoulFE2UIProbe.build/Debug-iphonesimulator/ProbeHost.build/ProbeHost-DebugDylibInstallName-normal-arm64.txt -Xlinker -filelist -Xlinker /tmp/solosoul-fe2-ios-object-navigation-ui-20261008/DerivedData/Build/Intermediates.noindex/SoloSoulFE2UIProbe.build/Debug-iphonesimulator/ProbeHost.build/ProbeHost-ExecutorLinkFileList-normal-arm64.txt /tmp/solosoul-fe2-ios-object-navigation-ui-20261008/DerivedData/Build/Products/Debug-iphonesimulator/ProbeHost.app/ProbeHost.debug.dylib -o /tmp/solosoul-fe2-ios-object-navigation-ui-20261008/DerivedData/Build/Products/Debug-iphonesimulator/ProbeHost.app/ProbeHost

CopySwiftLibs /tmp/solosoul-fe2-ios-object-navigation-ui-20261008/DerivedData/Build/Products/Debug-iphonesimulator/ProbeHost.app (in target 'ProbeHost' from project 'SoloSoulFE2UIProbe')
    cd /tmp/solosoul-fe2-ios-object-navigation-ui-20261008
    builtin-swiftStdLibTool --copy --verbose --scan-executable /tmp/solosoul-fe2-ios-object-navigation-ui-20261008/DerivedData/Build/Products/Debug-iphonesimulator/ProbeHost.app/ProbeHost.debug.dylib --scan-folder /tmp/solosoul-fe2-ios-object-navigation-ui-20261008/DerivedData/Build/Products/Debug-iphonesimulator/ProbeHost.app/Frameworks --scan-folder /tmp/solosoul-fe2-ios-object-navigation-ui-20261008/DerivedData/Build/Products/Debug-iphonesimulator/ProbeHost.app/PlugIns --scan-folder /tmp/solosoul-fe2-ios-object-navigation-ui-20261008/DerivedData/Build/Products/Debug-iphonesimulator/ProbeHost.app/SystemExtensions --scan-folder /tmp/solosoul-fe2-ios-object-navigation-ui-20261008/DerivedData/Build/Products/Debug-iphonesimulator/ProbeHost.app/Extensions --platform iphonesimulator --toolchain /Applications/Xcode.app/Contents/Developer/Toolchains/XcodeDefault.xctoolchain --destination /tmp/solosoul-fe2-ios-object-navigation-ui-20261008/DerivedData/Build/Products/Debug-iphonesimulator/ProbeHost.app/Frameworks --strip-bitcode --strip-bitcode-tool /Applications/Xcode.app/Contents/Developer/Toolchains/XcodeDefault.xctoolchain/usr/bin/bitcode_strip --emit-dependency-info /tmp/solosoul-fe2-ios-object-navigation-ui-20261008/DerivedData/Build/Intermediates.noindex/SoloSoulFE2UIProbe.build/Debug-iphonesimulator/ProbeHost.build/SwiftStdLibToolInputDependencies.dep --filter-for-swift-os
Ignoring --strip-bitcode because --sign was not passed

ExtractAppIntentsMetadata (in target 'ProbeHost' from project 'SoloSoulFE2UIProbe')
    cd /tmp/solosoul-fe2-ios-object-navigation-ui-20261008
    /Applications/Xcode.app/Contents/Developer/Toolchains/XcodeDefault.xctoolchain/usr/bin/appintentsmetadataprocessor --toolchain-dir /Applications/Xcode.app/Contents/Developer/Toolchains/XcodeDefault.xctoolchain --module-name ProbeHost --sdk-root /Applications/Xcode.app/Contents/Developer/Platforms/iPhoneSimulator.platform/Developer/SDKs/iPhoneSimulator26.2.sdk --xcode-version 17C529 --platform-family iOS --deployment-target 14.0 --bundle-identifier com.solosoul.fe2.ios.probehost --output /tmp/solosoul-fe2-ios-object-navigation-ui-20261008/DerivedData/Build/Products/Debug-iphonesimulator/ProbeHost.app --target-triple arm64-apple-ios14.0-simulator --binary-file /tmp/solosoul-fe2-ios-object-navigation-ui-20261008/DerivedData/Build/Products/Debug-iphonesimulator/ProbeHost.app/ProbeHost --dependency-file /tmp/solosoul-fe2-ios-object-navigation-ui-20261008/DerivedData/Build/Intermediates.noindex/SoloSoulFE2UIProbe.build/Debug-iphonesimulator/ProbeHost.build/Objects-normal/arm64/ProbeHost_dependency_info.dat --stringsdata-file /tmp/solosoul-fe2-ios-object-navigation-ui-20261008/DerivedData/Build/Intermediates.noindex/SoloSoulFE2UIProbe.build/Debug-iphonesimulator/ProbeHost.build/Objects-normal/arm64/ExtractedAppShortcutsMetadata.stringsdata --source-file-list /tmp/solosoul-fe2-ios-object-navigation-ui-20261008/DerivedData/Build/Intermediates.noindex/SoloSoulFE2UIProbe.build/Debug-iphonesimulator/ProbeHost.build/Objects-normal/arm64/ProbeHost.SwiftFileList --metadata-file-list /tmp/solosoul-fe2-ios-object-navigation-ui-20261008/DerivedData/Build/Intermediates.noindex/SoloSoulFE2UIProbe.build/Debug-iphonesimulator/ProbeHost.build/ProbeHost.DependencyMetadataFileList --static-metadata-file-list /tmp/solosoul-fe2-ios-object-navigation-ui-20261008/DerivedData/Build/Intermediates.noindex/SoloSoulFE2UIProbe.build/Debug-iphonesimulator/ProbeHost.build/ProbeHost.DependencyStaticMetadataFileList --swift-const-vals-list /tmp/solosoul-fe2-ios-object-navigation-ui-20261008/DerivedData/Build/Intermediates.noindex/SoloSoulFE2UIProbe.build/Debug-iphonesimulator/ProbeHost.build/Objects-normal/arm64/ProbeHost.SwiftConstValuesFileList --compile-time-extraction --deployment-aware-processing --validate-assistant-intents --no-app-shortcuts-localization
2026-10-08 06:47:56.550 appintentsmetadataprocessor[74696:246499529] Starting appintentsmetadataprocessor export
2026-10-08 06:47:56.551 appintentsmetadataprocessor[74696:246499529] warning: Metadata extraction skipped. No AppIntents.framework dependency found.

AppIntentsSSUTraining (in target 'ProbeHost' from project 'SoloSoulFE2UIProbe')
    cd /tmp/solosoul-fe2-ios-object-navigation-ui-20261008
    /Applications/Xcode.app/Contents/Developer/Toolchains/XcodeDefault.xctoolchain/usr/bin/appintentsnltrainingprocessor --infoplist-path /tmp/solosoul-fe2-ios-object-navigation-ui-20261008/DerivedData/Build/Products/Debug-iphonesimulator/ProbeHost.app/Info.plist --temp-dir-path /tmp/solosoul-fe2-ios-object-navigation-ui-20261008/DerivedData/Build/Intermediates.noindex/SoloSoulFE2UIProbe.build/Debug-iphonesimulator/ProbeHost.build/ssu --bundle-id com.solosoul.fe2.ios.probehost --product-path /tmp/solosoul-fe2-ios-object-navigation-ui-20261008/DerivedData/Build/Products/Debug-iphonesimulator/ProbeHost.app --extracted-metadata-path /tmp/solosoul-fe2-ios-object-navigation-ui-20261008/DerivedData/Build/Products/Debug-iphonesimulator/ProbeHost.app/Metadata.appintents --metadata-file-list /tmp/solosoul-fe2-ios-object-navigation-ui-20261008/DerivedData/Build/Intermediates.noindex/SoloSoulFE2UIProbe.build/Debug-iphonesimulator/ProbeHost.build/ProbeHost.DependencyMetadataFileList --archive-ssu-assets
2026-10-08 06:47:56.569 appintentsnltrainingprocessor[74697:246499530] Parsing options for appintentsnltrainingprocessor
2026-10-08 06:47:56.569 appintentsnltrainingprocessor[74697:246499530] No AppShortcuts found - Skipping.

RegisterExecutionPolicyException /tmp/solosoul-fe2-ios-object-navigation-ui-20261008/DerivedData/Build/Products/Debug-iphonesimulator/ProbeHost.app (in target 'ProbeHost' from project 'SoloSoulFE2UIProbe')
    cd /tmp/solosoul-fe2-ios-object-navigation-ui-20261008
    builtin-RegisterExecutionPolicyException /tmp/solosoul-fe2-ios-object-navigation-ui-20261008/DerivedData/Build/Products/Debug-iphonesimulator/ProbeHost.app

Validate /tmp/solosoul-fe2-ios-object-navigation-ui-20261008/DerivedData/Build/Products/Debug-iphonesimulator/ProbeHost.app (in target 'ProbeHost' from project 'SoloSoulFE2UIProbe')
    cd /tmp/solosoul-fe2-ios-object-navigation-ui-20261008
    builtin-validationUtility /tmp/solosoul-fe2-ios-object-navigation-ui-20261008/DerivedData/Build/Products/Debug-iphonesimulator/ProbeHost.app -shallow-bundle -infoplist-subpath Info.plist

Touch /tmp/solosoul-fe2-ios-object-navigation-ui-20261008/DerivedData/Build/Products/Debug-iphonesimulator/ProbeHost.app (in target 'ProbeHost' from project 'SoloSoulFE2UIProbe')
    cd /tmp/solosoul-fe2-ios-object-navigation-ui-20261008
    /usr/bin/touch -c /tmp/solosoul-fe2-ios-object-navigation-ui-20261008/DerivedData/Build/Products/Debug-iphonesimulator/ProbeHost.app

ProcessInfoPlistFile /tmp/solosoul-fe2-ios-object-navigation-ui-20261008/DerivedData/Build/Products/Debug-iphonesimulator/ProbeTests-Runner.app/PlugIns/ProbeTests.xctest/Info.plist /tmp/solosoul-fe2-ios-object-navigation-ui-20261008/DerivedData/Build/Intermediates.noindex/SoloSoulFE2UIProbe.build/Debug-iphonesimulator/ProbeTests.build/empty-ProbeTests.plist (in target 'ProbeTests' from project 'SoloSoulFE2UIProbe')
    cd /tmp/solosoul-fe2-ios-object-navigation-ui-20261008
    builtin-infoPlistUtility /tmp/solosoul-fe2-ios-object-navigation-ui-20261008/DerivedData/Build/Intermediates.noindex/SoloSoulFE2UIProbe.build/Debug-iphonesimulator/ProbeTests.build/empty-ProbeTests.plist -producttype com.apple.product-type.bundle.ui-testing -expandbuildsettings -format binary -platform iphonesimulator -additionalcontentfile /tmp/solosoul-fe2-ios-object-navigation-ui-20261008/DerivedData/Build/Intermediates.noindex/SoloSoulFE2UIProbe.build/Debug-iphonesimulator/ProbeTests.build/ProductTypeInfoPlistAdditions.plist -o /tmp/solosoul-fe2-ios-object-navigation-ui-20261008/DerivedData/Build/Products/Debug-iphonesimulator/ProbeTests-Runner.app/PlugIns/ProbeTests.xctest/Info.plist

Ld /tmp/solosoul-fe2-ios-object-navigation-ui-20261008/DerivedData/Build/Products/Debug-iphonesimulator/ProbeTests-Runner.app/PlugIns/ProbeTests.xctest/ProbeTests normal (in target 'ProbeTests' from project 'SoloSoulFE2UIProbe')
    cd /tmp/solosoul-fe2-ios-object-navigation-ui-20261008
    /Applications/Xcode.app/Contents/Developer/Toolchains/XcodeDefault.xctoolchain/usr/bin/clang -Xlinker -reproducible -target arm64-apple-ios14.0-simulator -bundle -isysroot /Applications/Xcode.app/Contents/Developer/Platforms/iPhoneSimulator.platform/Developer/SDKs/iPhoneSimulator26.2.sdk -O0 -L/tmp/solosoul-fe2-ios-object-navigation-ui-20261008/DerivedData/Build/Intermediates.noindex/EagerLinkingTBDs/Debug-iphonesimulator -L/tmp/solosoul-fe2-ios-object-navigation-ui-20261008/DerivedData/Build/Products/Debug-iphonesimulator -L/Applications/Xcode.app/Contents/Developer/Platforms/iPhoneSimulator.platform/Developer/usr/lib -F/tmp/solosoul-fe2-ios-object-navigation-ui-20261008/DerivedData/Build/Intermediates.noindex/EagerLinkingTBDs/Debug-iphonesimulator -F/tmp/solosoul-fe2-ios-object-navigation-ui-20261008/DerivedData/Build/Products/Debug-iphonesimulator -iframework /Applications/Xcode.app/Contents/Developer/Platforms/iPhoneSimulator.platform/Developer/Library/Frameworks -iframework /Applications/Xcode.app/Contents/Developer/Platforms/iPhoneSimulator.platform/Developer/SDKs/iPhoneSimulator26.2.sdk/Developer/Library/Frameworks -filelist /tmp/solosoul-fe2-ios-object-navigation-ui-20261008/DerivedData/Build/Intermediates.noindex/SoloSoulFE2UIProbe.build/Debug-iphonesimulator/ProbeTests.build/Objects-normal/arm64/ProbeTests.LinkFileList -Xlinker -rpath -Xlinker /usr/lib/swift -Xlinker -rpath -Xlinker @loader_path/Frameworks -Xlinker -rpath -Xlinker @executable_path/Frameworks -dead_strip -Xlinker -object_path_lto -Xlinker /tmp/solosoul-fe2-ios-object-navigation-ui-20261008/DerivedData/Build/Intermediates.noindex/SoloSoulFE2UIProbe.build/Debug-iphonesimulator/ProbeTests.build/Objects-normal/arm64/ProbeTests_lto.o -rdynamic -Xlinker -no_deduplicate -Xlinker -objc_abi_version -Xlinker 2 -Xlinker -dependency_info -Xlinker /tmp/solosoul-fe2-ios-object-navigation-ui-20261008/DerivedData/Build/Intermediates.noindex/SoloSoulFE2UIProbe.build/Debug-iphonesimulator/ProbeTests.build/Objects-normal/arm64/ProbeTests_dependency_info.dat -fobjc-link-runtime -L/Applications/Xcode.app/Contents/Developer/Toolchains/XcodeDefault.xctoolchain/usr/lib/swift/iphonesimulator -L/usr/lib/swift -Xlinker -add_ast_path -Xlinker /tmp/solosoul-fe2-ios-object-navigation-ui-20261008/DerivedData/Build/Intermediates.noindex/SoloSoulFE2UIProbe.build/Debug-iphonesimulator/ProbeTests.build/Objects-normal/arm64/ProbeTests.swiftmodule @/tmp/solosoul-fe2-ios-object-navigation-ui-20261008/DerivedData/Build/Intermediates.noindex/SoloSoulFE2UIProbe.build/Debug-iphonesimulator/ProbeTests.build/Objects-normal/arm64/ProbeTests-linker-args.resp -Xlinker -needed_framework -Xlinker XCTest -framework XCTest -Xlinker -needed-lXCTestSwiftSupport -lXCTestSwiftSupport -o /tmp/solosoul-fe2-ios-object-navigation-ui-20261008/DerivedData/Build/Products/Debug-iphonesimulator/ProbeTests-Runner.app/PlugIns/ProbeTests.xctest/ProbeTests

CopySwiftLibs /tmp/solosoul-fe2-ios-object-navigation-ui-20261008/DerivedData/Build/Products/Debug-iphonesimulator/ProbeTests-Runner.app/PlugIns/ProbeTests.xctest (in target 'ProbeTests' from project 'SoloSoulFE2UIProbe')
    cd /tmp/solosoul-fe2-ios-object-navigation-ui-20261008
    builtin-swiftStdLibTool --copy --verbose --scan-executable /tmp/solosoul-fe2-ios-object-navigation-ui-20261008/DerivedData/Build/Products/Debug-iphonesimulator/ProbeTests-Runner.app/PlugIns/ProbeTests.xctest/ProbeTests --scan-folder /tmp/solosoul-fe2-ios-object-navigation-ui-20261008/DerivedData/Build/Products/Debug-iphonesimulator/ProbeTests-Runner.app/PlugIns/ProbeTests.xctest/Frameworks --scan-folder /tmp/solosoul-fe2-ios-object-navigation-ui-20261008/DerivedData/Build/Products/Debug-iphonesimulator/ProbeTests-Runner.app/PlugIns/ProbeTests.xctest/PlugIns --scan-folder /tmp/solosoul-fe2-ios-object-navigation-ui-20261008/DerivedData/Build/Products/Debug-iphonesimulator/ProbeTests-Runner.app/PlugIns/ProbeTests.xctest/SystemExtensions --scan-folder /tmp/solosoul-fe2-ios-object-navigation-ui-20261008/DerivedData/Build/Products/Debug-iphonesimulator/ProbeTests-Runner.app/PlugIns/ProbeTests.xctest/Extensions --platform iphonesimulator --toolchain /Applications/Xcode.app/Contents/Developer/Toolchains/XcodeDefault.xctoolchain --destination /tmp/solosoul-fe2-ios-object-navigation-ui-20261008/DerivedData/Build/Products/Debug-iphonesimulator/ProbeTests-Runner.app/PlugIns/ProbeTests.xctest/Frameworks --strip-bitcode --scan-executable /Applications/Xcode.app/Contents/Developer/Platforms/iPhoneSimulator.platform/Developer/usr/lib/libXCTestSwiftSupport.dylib --strip-bitcode-tool /Applications/Xcode.app/Contents/Developer/Toolchains/XcodeDefault.xctoolchain/usr/bin/bitcode_strip --emit-dependency-info /tmp/solosoul-fe2-ios-object-navigation-ui-20261008/DerivedData/Build/Intermediates.noindex/SoloSoulFE2UIProbe.build/Debug-iphonesimulator/ProbeTests.build/SwiftStdLibToolInputDependencies.dep --filter-for-swift-os
Ignoring --strip-bitcode because --sign was not passed

ExtractAppIntentsMetadata (in target 'ProbeTests' from project 'SoloSoulFE2UIProbe')
    cd /tmp/solosoul-fe2-ios-object-navigation-ui-20261008
    /Applications/Xcode.app/Contents/Developer/Toolchains/XcodeDefault.xctoolchain/usr/bin/appintentsmetadataprocessor --toolchain-dir /Applications/Xcode.app/Contents/Developer/Toolchains/XcodeDefault.xctoolchain --module-name ProbeTests --sdk-root /Applications/Xcode.app/Contents/Developer/Platforms/iPhoneSimulator.platform/Developer/SDKs/iPhoneSimulator26.2.sdk --xcode-version 17C529 --platform-family iOS --deployment-target 14.0 --bundle-identifier com.solosoul.fe2.ios.probetests --output /tmp/solosoul-fe2-ios-object-navigation-ui-20261008/DerivedData/Build/Products/Debug-iphonesimulator/ProbeTests-Runner.app/PlugIns/ProbeTests.xctest --target-triple arm64-apple-ios14.0-simulator --binary-file /tmp/solosoul-fe2-ios-object-navigation-ui-20261008/DerivedData/Build/Products/Debug-iphonesimulator/ProbeTests-Runner.app/PlugIns/ProbeTests.xctest/ProbeTests --dependency-file /tmp/solosoul-fe2-ios-object-navigation-ui-20261008/DerivedData/Build/Intermediates.noindex/SoloSoulFE2UIProbe.build/Debug-iphonesimulator/ProbeTests.build/Objects-normal/arm64/ProbeTests_dependency_info.dat --stringsdata-file /tmp/solosoul-fe2-ios-object-navigation-ui-20261008/DerivedData/Build/Intermediates.noindex/SoloSoulFE2UIProbe.build/Debug-iphonesimulator/ProbeTests.build/Objects-normal/arm64/ExtractedAppShortcutsMetadata.stringsdata --source-file-list /tmp/solosoul-fe2-ios-object-navigation-ui-20261008/DerivedData/Build/Intermediates.noindex/SoloSoulFE2UIProbe.build/Debug-iphonesimulator/ProbeTests.build/Objects-normal/arm64/ProbeTests.SwiftFileList --metadata-file-list /tmp/solosoul-fe2-ios-object-navigation-ui-20261008/DerivedData/Build/Intermediates.noindex/SoloSoulFE2UIProbe.build/Debug-iphonesimulator/ProbeTests.build/ProbeTests.DependencyMetadataFileList --static-metadata-file-list /tmp/solosoul-fe2-ios-object-navigation-ui-20261008/DerivedData/Build/Intermediates.noindex/SoloSoulFE2UIProbe.build/Debug-iphonesimulator/ProbeTests.build/ProbeTests.DependencyStaticMetadataFileList --swift-const-vals-list /tmp/solosoul-fe2-ios-object-navigation-ui-20261008/DerivedData/Build/Intermediates.noindex/SoloSoulFE2UIProbe.build/Debug-iphonesimulator/ProbeTests.build/Objects-normal/arm64/ProbeTests.SwiftConstValuesFileList --compile-time-extraction --deployment-aware-processing --validate-assistant-intents --no-app-shortcuts-localization
2026-10-08 06:47:56.760 appintentsmetadataprocessor[74701:246499543] Starting appintentsmetadataprocessor export
2026-10-08 06:47:56.761 appintentsmetadataprocessor[74701:246499543] warning: Metadata extraction skipped. No AppIntents.framework dependency found.

AppIntentsSSUTraining (in target 'ProbeTests' from project 'SoloSoulFE2UIProbe')
    cd /tmp/solosoul-fe2-ios-object-navigation-ui-20261008
    /Applications/Xcode.app/Contents/Developer/Toolchains/XcodeDefault.xctoolchain/usr/bin/appintentsnltrainingprocessor --infoplist-path /tmp/solosoul-fe2-ios-object-navigation-ui-20261008/DerivedData/Build/Products/Debug-iphonesimulator/ProbeTests-Runner.app/PlugIns/ProbeTests.xctest/Info.plist --temp-dir-path /tmp/solosoul-fe2-ios-object-navigation-ui-20261008/DerivedData/Build/Intermediates.noindex/SoloSoulFE2UIProbe.build/Debug-iphonesimulator/ProbeTests.build/ssu --bundle-id com.solosoul.fe2.ios.probetests --product-path /tmp/solosoul-fe2-ios-object-navigation-ui-20261008/DerivedData/Build/Products/Debug-iphonesimulator/ProbeTests-Runner.app/PlugIns/ProbeTests.xctest --extracted-metadata-path /tmp/solosoul-fe2-ios-object-navigation-ui-20261008/DerivedData/Build/Products/Debug-iphonesimulator/ProbeTests-Runner.app/PlugIns/ProbeTests.xctest/Metadata.appintents --metadata-file-list /tmp/solosoul-fe2-ios-object-navigation-ui-20261008/DerivedData/Build/Intermediates.noindex/SoloSoulFE2UIProbe.build/Debug-iphonesimulator/ProbeTests.build/ProbeTests.DependencyMetadataFileList --archive-ssu-assets
2026-10-08 06:47:56.774 appintentsnltrainingprocessor[74702:246499544] Parsing options for appintentsnltrainingprocessor
2026-10-08 06:47:56.775 appintentsnltrainingprocessor[74702:246499544] No AppShortcuts found - Skipping.

CopyAndPreserveArchs /tmp/solosoul-fe2-ios-object-navigation-ui-20261008/DerivedData/Build/Products/Debug-iphonesimulator/ProbeTests-Runner.app/ProbeTests-Runner (in target 'ProbeTests' from project 'SoloSoulFE2UIProbe')
    cd /tmp/solosoul-fe2-ios-object-navigation-ui-20261008
    /Applications/Xcode.app/Contents/Developer/Toolchains/XcodeDefault.xctoolchain/usr/bin/lipo /Applications/Xcode.app/Contents/Developer/Platforms/iPhoneSimulator.platform/Developer/Library/Xcode/Agents/XCTRunner.app/XCTRunner -output /tmp/solosoul-fe2-ios-object-navigation-ui-20261008/DerivedData/Build/Products/Debug-iphonesimulator/ProbeTests-Runner.app/ProbeTests-Runner -extract arm64

CopyPlistFile /tmp/solosoul-fe2-ios-object-navigation-ui-20261008/DerivedData/Build/Products/Debug-iphonesimulator/ProbeTests-Runner.app/Info.plist /Applications/Xcode.app/Contents/Developer/Platforms/iPhoneSimulator.platform/Developer/Library/Xcode/Agents/XCTRunner.app/Info.plist (in target 'ProbeTests' from project 'SoloSoulFE2UIProbe')
    cd /tmp/solosoul-fe2-ios-object-navigation-ui-20261008
    builtin-copyPlist --validate --convert xml1 --macro-expansion WRAPPEDPRODUCTNAME ProbeTests-Runner --macro-expansion WRAPPEDPRODUCTBUNDLEIDENTIFIER com.solosoul.fe2.ios.probetests.xctrunner --macro-expansion TESTPRODUCTNAME ProbeTests --macro-expansion TESTPRODUCTBUNDLEIDENTIFIER com.solosoul.fe2.ios.probetests --copy-value UIDeviceFamily /tmp/solosoul-fe2-ios-object-navigation-ui-20261008/DerivedData/Build/Products/Debug-iphonesimulator/ProbeTests-Runner.app/PlugIns/ProbeTests.xctest/Info.plist --outdir /tmp/solosoul-fe2-ios-object-navigation-ui-20261008/DerivedData/Build/Products/Debug-iphonesimulator/ProbeTests-Runner.app -- /Applications/Xcode.app/Contents/Developer/Platforms/iPhoneSimulator.platform/Developer/Library/Xcode/Agents/XCTRunner.app/Info.plist

Copy /tmp/solosoul-fe2-ios-object-navigation-ui-20261008/DerivedData/Build/Products/Debug-iphonesimulator/ProbeTests-Runner.app/PkgInfo /Applications/Xcode.app/Contents/Developer/Platforms/iPhoneSimulator.platform/Developer/Library/Xcode/Agents/XCTRunner.app/PkgInfo (in target 'ProbeTests' from project 'SoloSoulFE2UIProbe')
    cd /tmp/solosoul-fe2-ios-object-navigation-ui-20261008
    builtin-copy -exclude .DS_Store -exclude CVS -exclude .svn -exclude .git -exclude .hg -resolve-src-symlinks /Applications/Xcode.app/Contents/Developer/Platforms/iPhoneSimulator.platform/Developer/Library/Xcode/Agents/XCTRunner.app/PkgInfo /tmp/solosoul-fe2-ios-object-navigation-ui-20261008/DerivedData/Build/Products/Debug-iphonesimulator/ProbeTests-Runner.app

Copy /tmp/solosoul-fe2-ios-object-navigation-ui-20261008/DerivedData/Build/Products/Debug-iphonesimulator/ProbeTests-Runner.app/Frameworks/XCUIAutomation.framework /Applications/Xcode.app/Contents/Developer/Platforms/iPhoneSimulator.platform/Developer/Library/Frameworks/XCUIAutomation.framework (in target 'ProbeTests' from project 'SoloSoulFE2UIProbe')
    cd /tmp/solosoul-fe2-ios-object-navigation-ui-20261008
    builtin-copy -exclude .DS_Store -exclude CVS -exclude .svn -exclude .git -exclude .hg -exclude Headers -exclude PrivateHeaders -exclude Modules -exclude \*.tbd -resolve-src-symlinks /Applications/Xcode.app/Contents/Developer/Platforms/iPhoneSimulator.platform/Developer/Library/Frameworks/XCUIAutomation.framework /tmp/solosoul-fe2-ios-object-navigation-ui-20261008/DerivedData/Build/Products/Debug-iphonesimulator/ProbeTests-Runner.app/Frameworks

Copy /tmp/solosoul-fe2-ios-object-navigation-ui-20261008/DerivedData/Build/Products/Debug-iphonesimulator/ProbeTests-Runner.app/Frameworks/XCTestSupport.framework /Applications/Xcode.app/Contents/Developer/Platforms/iPhoneSimulator.platform/Developer/Library/PrivateFrameworks/XCTestSupport.framework (in target 'ProbeTests' from project 'SoloSoulFE2UIProbe')
    cd /tmp/solosoul-fe2-ios-object-navigation-ui-20261008
    builtin-copy -exclude .DS_Store -exclude CVS -exclude .svn -exclude .git -exclude .hg -exclude Headers -exclude PrivateHeaders -exclude Modules -exclude \*.tbd -resolve-src-symlinks /Applications/Xcode.app/Contents/Developer/Platforms/iPhoneSimulator.platform/Developer/Library/PrivateFrameworks/XCTestSupport.framework /tmp/solosoul-fe2-ios-object-navigation-ui-20261008/DerivedData/Build/Products/Debug-iphonesimulator/ProbeTests-Runner.app/Frameworks

Copy /tmp/solosoul-fe2-ios-object-navigation-ui-20261008/DerivedData/Build/Products/Debug-iphonesimulator/ProbeTests-Runner.app/Frameworks/XCUnit.framework /Applications/Xcode.app/Contents/Developer/Platforms/iPhoneSimulator.platform/Developer/Library/PrivateFrameworks/XCUnit.framework (in target 'ProbeTests' from project 'SoloSoulFE2UIProbe')
    cd /tmp/solosoul-fe2-ios-object-navigation-ui-20261008
    builtin-copy -exclude .DS_Store -exclude CVS -exclude .svn -exclude .git -exclude .hg -exclude Headers -exclude PrivateHeaders -exclude Modules -exclude \*.tbd -resolve-src-symlinks /Applications/Xcode.app/Contents/Developer/Platforms/iPhoneSimulator.platform/Developer/Library/PrivateFrameworks/XCUnit.framework /tmp/solosoul-fe2-ios-object-navigation-ui-20261008/DerivedData/Build/Products/Debug-iphonesimulator/ProbeTests-Runner.app/Frameworks

Copy /tmp/solosoul-fe2-ios-object-navigation-ui-20261008/DerivedData/Build/Products/Debug-iphonesimulator/ProbeTests-Runner.app/Frameworks/libXCTestSwiftSupport.dylib /Applications/Xcode.app/Contents/Developer/Platforms/iPhoneSimulator.platform/Developer/usr/lib/libXCTestSwiftSupport.dylib (in target 'ProbeTests' from project 'SoloSoulFE2UIProbe')
    cd /tmp/solosoul-fe2-ios-object-navigation-ui-20261008
    builtin-copy -exclude .DS_Store -exclude CVS -exclude .svn -exclude .git -exclude .hg -exclude Headers -exclude PrivateHeaders -exclude Modules -exclude \*.tbd -resolve-src-symlinks /Applications/Xcode.app/Contents/Developer/Platforms/iPhoneSimulator.platform/Developer/usr/lib/libXCTestSwiftSupport.dylib /tmp/solosoul-fe2-ios-object-navigation-ui-20261008/DerivedData/Build/Products/Debug-iphonesimulator/ProbeTests-Runner.app/Frameworks

MkDir /tmp/solosoul-fe2-ios-object-navigation-ui-20261008/DerivedData/Build/Products/Debug-iphonesimulator/ProbeTests-Runner.app (in target 'ProbeTests' from project 'SoloSoulFE2UIProbe')
    cd /tmp/solosoul-fe2-ios-object-navigation-ui-20261008
    /bin/mkdir -p /tmp/solosoul-fe2-ios-object-navigation-ui-20261008/DerivedData/Build/Products/Debug-iphonesimulator/ProbeTests-Runner.app

Copy /tmp/solosoul-fe2-ios-object-navigation-ui-20261008/DerivedData/Build/Products/Debug-iphonesimulator/ProbeTests-Runner.app/Frameworks/XCTestCore.framework /Applications/Xcode.app/Contents/Developer/Platforms/iPhoneSimulator.platform/Developer/Library/PrivateFrameworks/XCTestCore.framework (in target 'ProbeTests' from project 'SoloSoulFE2UIProbe')
    cd /tmp/solosoul-fe2-ios-object-navigation-ui-20261008
    builtin-copy -exclude .DS_Store -exclude CVS -exclude .svn -exclude .git -exclude .hg -exclude Headers -exclude PrivateHeaders -exclude Modules -exclude \*.tbd -resolve-src-symlinks /Applications/Xcode.app/Contents/Developer/Platforms/iPhoneSimulator.platform/Developer/Library/PrivateFrameworks/XCTestCore.framework /tmp/solosoul-fe2-ios-object-navigation-ui-20261008/DerivedData/Build/Products/Debug-iphonesimulator/ProbeTests-Runner.app/Frameworks

Copy /tmp/solosoul-fe2-ios-object-navigation-ui-20261008/DerivedData/Build/Products/Debug-iphonesimulator/ProbeTests-Runner.app/Frameworks/XCTest.framework /Applications/Xcode.app/Contents/Developer/Platforms/iPhoneSimulator.platform/Developer/Library/Frameworks/XCTest.framework (in target 'ProbeTests' from project 'SoloSoulFE2UIProbe')
    cd /tmp/solosoul-fe2-ios-object-navigation-ui-20261008
    builtin-copy -exclude .DS_Store -exclude CVS -exclude .svn -exclude .git -exclude .hg -exclude Headers -exclude PrivateHeaders -exclude Modules -exclude \*.tbd -resolve-src-symlinks /Applications/Xcode.app/Contents/Developer/Platforms/iPhoneSimulator.platform/Developer/Library/Frameworks/XCTest.framework /tmp/solosoul-fe2-ios-object-navigation-ui-20261008/DerivedData/Build/Products/Debug-iphonesimulator/ProbeTests-Runner.app/Frameworks

Copy /tmp/solosoul-fe2-ios-object-navigation-ui-20261008/DerivedData/Build/Products/Debug-iphonesimulator/ProbeTests-Runner.app/Frameworks/XCTAutomationSupport.framework /Applications/Xcode.app/Contents/Developer/Platforms/iPhoneSimulator.platform/Developer/Library/PrivateFrameworks/XCTAutomationSupport.framework (in target 'ProbeTests' from project 'SoloSoulFE2UIProbe')
    cd /tmp/solosoul-fe2-ios-object-navigation-ui-20261008
    builtin-copy -exclude .DS_Store -exclude CVS -exclude .svn -exclude .git -exclude .hg -exclude Headers -exclude PrivateHeaders -exclude Modules -exclude \*.tbd -resolve-src-symlinks /Applications/Xcode.app/Contents/Developer/Platforms/iPhoneSimulator.platform/Developer/Library/PrivateFrameworks/XCTAutomationSupport.framework /tmp/solosoul-fe2-ios-object-navigation-ui-20261008/DerivedData/Build/Products/Debug-iphonesimulator/ProbeTests-Runner.app/Frameworks

Copy /tmp/solosoul-fe2-ios-object-navigation-ui-20261008/DerivedData/Build/Products/Debug-iphonesimulator/ProbeTests-Runner.app/Frameworks/Testing.framework /Applications/Xcode.app/Contents/Developer/Platforms/iPhoneSimulator.platform/Developer/Library/Frameworks/Testing.framework (in target 'ProbeTests' from project 'SoloSoulFE2UIProbe')
    cd /tmp/solosoul-fe2-ios-object-navigation-ui-20261008
    builtin-copy -exclude .DS_Store -exclude CVS -exclude .svn -exclude .git -exclude .hg -exclude Headers -exclude PrivateHeaders -exclude Modules -exclude \*.tbd -resolve-src-symlinks /Applications/Xcode.app/Contents/Developer/Platforms/iPhoneSimulator.platform/Developer/Library/Frameworks/Testing.framework /tmp/solosoul-fe2-ios-object-navigation-ui-20261008/DerivedData/Build/Products/Debug-iphonesimulator/ProbeTests-Runner.app/Frameworks

RegisterExecutionPolicyException /tmp/solosoul-fe2-ios-object-navigation-ui-20261008/DerivedData/Build/Products/Debug-iphonesimulator/ProbeTests-Runner.app/PlugIns/ProbeTests.xctest (in target 'ProbeTests' from project 'SoloSoulFE2UIProbe')
    cd /tmp/solosoul-fe2-ios-object-navigation-ui-20261008
    builtin-RegisterExecutionPolicyException /tmp/solosoul-fe2-ios-object-navigation-ui-20261008/DerivedData/Build/Products/Debug-iphonesimulator/ProbeTests-Runner.app/PlugIns/ProbeTests.xctest

Touch /tmp/solosoul-fe2-ios-object-navigation-ui-20261008/DerivedData/Build/Products/Debug-iphonesimulator/ProbeTests-Runner.app/PlugIns/ProbeTests.xctest (in target 'ProbeTests' from project 'SoloSoulFE2UIProbe')
    cd /tmp/solosoul-fe2-ios-object-navigation-ui-20261008
    /usr/bin/touch -c /tmp/solosoul-fe2-ios-object-navigation-ui-20261008/DerivedData/Build/Products/Debug-iphonesimulator/ProbeTests-Runner.app/PlugIns/ProbeTests.xctest

** TEST BUILD SUCCEEDED **

