Command line invocation:
    /Applications/Xcode.app/Contents/Developer/usr/bin/xcodebuild -project /tmp/solosoul-fe2-ios-account-themes-ui-20261008/SoloSoulFE2UIProbe.xcodeproj -scheme Probe -destination "platform=iOS Simulator,id=362BC1AE-06B5-4ADE-BAA8-E36935C4AE2C" -derivedDataPath /tmp/solosoul-fe2-ios-account-themes-ui-20261008/DerivedData build-for-testing CODE_SIGNING_ALLOWED=NO

Build settings from command line:
    CODE_SIGNING_ALLOWED = NO

ComputePackagePrebuildTargetDependencyGraph

Prepare packages

CreateBuildRequest

SendProjectDescription

CreateBuildOperation

ComputeTargetDependencyGraph
note: Building targets in dependency order
note: Target dependency graph (2 targets)
    Target 'ProbeTests' in project 'SoloSoulFE2UIProbe'
        ➜ Explicit dependency on target 'ProbeHost' in project 'SoloSoulFE2UIProbe'
    Target 'ProbeHost' in project 'SoloSoulFE2UIProbe' (no dependencies)

GatherProvisioningInputs

CreateBuildDescription

ExecuteExternalTool /Applications/Xcode.app/Contents/Developer/Toolchains/XcodeDefault.xctoolchain/usr/bin/clang -v -E -dM -isysroot /Applications/Xcode.app/Contents/Developer/Platforms/iPhoneSimulator.platform/Developer/SDKs/iPhoneSimulator26.2.sdk -x c -c /dev/null

ExecuteExternalTool /Applications/Xcode.app/Contents/Developer/Toolchains/XcodeDefault.xctoolchain/usr/bin/swiftc --version

ExecuteExternalTool /Applications/Xcode.app/Contents/Developer/Toolchains/XcodeDefault.xctoolchain/usr/bin/ld -version_details

Build description signature: 10e822664c4cbdb0e8a882e392e0586d
Build description path: /tmp/solosoul-fe2-ios-account-themes-ui-20261008/DerivedData/Build/Intermediates.noindex/XCBuildData/10e822664c4cbdb0e8a882e392e0586d.xcbuilddata
CreateBuildDirectory /tmp/solosoul-fe2-ios-account-themes-ui-20261008/DerivedData/Build/Products
    cd /tmp/solosoul-fe2-ios-account-themes-ui-20261008/SoloSoulFE2UIProbe.xcodeproj
    builtin-create-build-directory /tmp/solosoul-fe2-ios-account-themes-ui-20261008/DerivedData/Build/Products

ClangStatCache /Applications/Xcode.app/Contents/Developer/Toolchains/XcodeDefault.xctoolchain/usr/bin/clang-stat-cache /Applications/Xcode.app/Contents/Developer/Platforms/iPhoneSimulator.platform/Developer/SDKs/iPhoneSimulator26.2.sdk /tmp/solosoul-fe2-ios-account-themes-ui-20261008/DerivedData/SDKStatCaches.noindex/iphonesimulator26.2-23C57-7d00a8b37fbd7999ea79df8ebc024bf0.sdkstatcache
    cd /tmp/solosoul-fe2-ios-account-themes-ui-20261008/SoloSoulFE2UIProbe.xcodeproj
    /Applications/Xcode.app/Contents/Developer/Toolchains/XcodeDefault.xctoolchain/usr/bin/clang-stat-cache /Applications/Xcode.app/Contents/Developer/Platforms/iPhoneSimulator.platform/Developer/SDKs/iPhoneSimulator26.2.sdk -o /tmp/solosoul-fe2-ios-account-themes-ui-20261008/DerivedData/SDKStatCaches.noindex/iphonesimulator26.2-23C57-7d00a8b37fbd7999ea79df8ebc024bf0.sdkstatcache

CreateBuildDirectory /tmp/solosoul-fe2-ios-account-themes-ui-20261008/DerivedData/Build/Intermediates.noindex
    cd /tmp/solosoul-fe2-ios-account-themes-ui-20261008/SoloSoulFE2UIProbe.xcodeproj
    builtin-create-build-directory /tmp/solosoul-fe2-ios-account-themes-ui-20261008/DerivedData/Build/Intermediates.noindex

CreateBuildDirectory /tmp/solosoul-fe2-ios-account-themes-ui-20261008/DerivedData/Build/Intermediates.noindex/SwiftExplicitPrecompiledModules
    cd /tmp/solosoul-fe2-ios-account-themes-ui-20261008/SoloSoulFE2UIProbe.xcodeproj
    builtin-create-build-directory /tmp/solosoul-fe2-ios-account-themes-ui-20261008/DerivedData/Build/Intermediates.noindex/SwiftExplicitPrecompiledModules

CreateBuildDirectory /tmp/solosoul-fe2-ios-account-themes-ui-20261008/DerivedData/Build/Intermediates.noindex/ExplicitPrecompiledModules
    cd /tmp/solosoul-fe2-ios-account-themes-ui-20261008/SoloSoulFE2UIProbe.xcodeproj
    builtin-create-build-directory /tmp/solosoul-fe2-ios-account-themes-ui-20261008/DerivedData/Build/Intermediates.noindex/ExplicitPrecompiledModules

CreateBuildDirectory /tmp/solosoul-fe2-ios-account-themes-ui-20261008/DerivedData/Build/Products/Debug-iphonesimulator
    cd /tmp/solosoul-fe2-ios-account-themes-ui-20261008/SoloSoulFE2UIProbe.xcodeproj
    builtin-create-build-directory /tmp/solosoul-fe2-ios-account-themes-ui-20261008/DerivedData/Build/Products/Debug-iphonesimulator

CreateBuildDirectory /tmp/solosoul-fe2-ios-account-themes-ui-20261008/DerivedData/Build/Intermediates.noindex/EagerLinkingTBDs/Debug-iphonesimulator
    cd /tmp/solosoul-fe2-ios-account-themes-ui-20261008/SoloSoulFE2UIProbe.xcodeproj
    builtin-create-build-directory /tmp/solosoul-fe2-ios-account-themes-ui-20261008/DerivedData/Build/Intermediates.noindex/EagerLinkingTBDs/Debug-iphonesimulator

WriteAuxiliaryFile /tmp/solosoul-fe2-ios-account-themes-ui-20261008/DerivedData/Build/Intermediates.noindex/SoloSoulFE2UIProbe.build/Debug-iphonesimulator/SoloSoulFE2UIProbe-d1986adb4e39e782fecb2443eef57a8f-VFS-iphonesimulator/all-product-headers.yaml
    cd /tmp/solosoul-fe2-ios-account-themes-ui-20261008/SoloSoulFE2UIProbe.xcodeproj
    write-file /tmp/solosoul-fe2-ios-account-themes-ui-20261008/DerivedData/Build/Intermediates.noindex/SoloSoulFE2UIProbe.build/Debug-iphonesimulator/SoloSoulFE2UIProbe-d1986adb4e39e782fecb2443eef57a8f-VFS-iphonesimulator/all-product-headers.yaml

WriteAuxiliaryFile /tmp/solosoul-fe2-ios-account-themes-ui-20261008/DerivedData/Build/Intermediates.noindex/SoloSoulFE2UIProbe.build/Debug-iphonesimulator/ProbeHost.build/ProbeHost-project-headers.hmap (in target 'ProbeHost' from project 'SoloSoulFE2UIProbe')
    cd /tmp/solosoul-fe2-ios-account-themes-ui-20261008
    write-file /tmp/solosoul-fe2-ios-account-themes-ui-20261008/DerivedData/Build/Intermediates.noindex/SoloSoulFE2UIProbe.build/Debug-iphonesimulator/ProbeHost.build/ProbeHost-project-headers.hmap

WriteAuxiliaryFile /tmp/solosoul-fe2-ios-account-themes-ui-20261008/DerivedData/Build/Intermediates.noindex/SoloSoulFE2UIProbe.build/Debug-iphonesimulator/ProbeHost.build/ProbeHost-own-target-headers.hmap (in target 'ProbeHost' from project 'SoloSoulFE2UIProbe')
    cd /tmp/solosoul-fe2-ios-account-themes-ui-20261008
    write-file /tmp/solosoul-fe2-ios-account-themes-ui-20261008/DerivedData/Build/Intermediates.noindex/SoloSoulFE2UIProbe.build/Debug-iphonesimulator/ProbeHost.build/ProbeHost-own-target-headers.hmap

WriteAuxiliaryFile /tmp/solosoul-fe2-ios-account-themes-ui-20261008/DerivedData/Build/Intermediates.noindex/SoloSoulFE2UIProbe.build/Debug-iphonesimulator/ProbeHost.build/ProbeHost-generated-files.hmap (in target 'ProbeHost' from project 'SoloSoulFE2UIProbe')
    cd /tmp/solosoul-fe2-ios-account-themes-ui-20261008
    write-file /tmp/solosoul-fe2-ios-account-themes-ui-20261008/DerivedData/Build/Intermediates.noindex/SoloSoulFE2UIProbe.build/Debug-iphonesimulator/ProbeHost.build/ProbeHost-generated-files.hmap

WriteAuxiliaryFile /tmp/solosoul-fe2-ios-account-themes-ui-20261008/DerivedData/Build/Intermediates.noindex/SoloSoulFE2UIProbe.build/Debug-iphonesimulator/ProbeHost.build/ProbeHost.hmap (in target 'ProbeHost' from project 'SoloSoulFE2UIProbe')
    cd /tmp/solosoul-fe2-ios-account-themes-ui-20261008
    write-file /tmp/solosoul-fe2-ios-account-themes-ui-20261008/DerivedData/Build/Intermediates.noindex/SoloSoulFE2UIProbe.build/Debug-iphonesimulator/ProbeHost.build/ProbeHost.hmap

WriteAuxiliaryFile /tmp/solosoul-fe2-ios-account-themes-ui-20261008/DerivedData/Build/Intermediates.noindex/SoloSoulFE2UIProbe.build/Debug-iphonesimulator/ProbeHost.build/ProbeHost-DebugDylibPath-normal-arm64.txt (in target 'ProbeHost' from project 'SoloSoulFE2UIProbe')
    cd /tmp/solosoul-fe2-ios-account-themes-ui-20261008
    write-file /tmp/solosoul-fe2-ios-account-themes-ui-20261008/DerivedData/Build/Intermediates.noindex/SoloSoulFE2UIProbe.build/Debug-iphonesimulator/ProbeHost.build/ProbeHost-DebugDylibPath-normal-arm64.txt

WriteAuxiliaryFile /tmp/solosoul-fe2-ios-account-themes-ui-20261008/DerivedData/Build/Intermediates.noindex/SoloSoulFE2UIProbe.build/Debug-iphonesimulator/ProbeHost.build/ProbeHost-all-target-headers.hmap (in target 'ProbeHost' from project 'SoloSoulFE2UIProbe')
    cd /tmp/solosoul-fe2-ios-account-themes-ui-20261008
    write-file /tmp/solosoul-fe2-ios-account-themes-ui-20261008/DerivedData/Build/Intermediates.noindex/SoloSoulFE2UIProbe.build/Debug-iphonesimulator/ProbeHost.build/ProbeHost-all-target-headers.hmap

WriteAuxiliaryFile /tmp/solosoul-fe2-ios-account-themes-ui-20261008/DerivedData/Build/Intermediates.noindex/SoloSoulFE2UIProbe.build/Debug-iphonesimulator/ProbeHost.build/ProbeHost-all-non-framework-target-headers.hmap (in target 'ProbeHost' from project 'SoloSoulFE2UIProbe')
    cd /tmp/solosoul-fe2-ios-account-themes-ui-20261008
    write-file /tmp/solosoul-fe2-ios-account-themes-ui-20261008/DerivedData/Build/Intermediates.noindex/SoloSoulFE2UIProbe.build/Debug-iphonesimulator/ProbeHost.build/ProbeHost-all-non-framework-target-headers.hmap

WriteAuxiliaryFile /tmp/solosoul-fe2-ios-account-themes-ui-20261008/DerivedData/Build/Intermediates.noindex/SoloSoulFE2UIProbe.build/Debug-iphonesimulator/ProbeTests.build/empty-ProbeTests.plist (in target 'ProbeTests' from project 'SoloSoulFE2UIProbe')
    cd /tmp/solosoul-fe2-ios-account-themes-ui-20261008
    write-file /tmp/solosoul-fe2-ios-account-themes-ui-20261008/DerivedData/Build/Intermediates.noindex/SoloSoulFE2UIProbe.build/Debug-iphonesimulator/ProbeTests.build/empty-ProbeTests.plist

WriteAuxiliaryFile /tmp/solosoul-fe2-ios-account-themes-ui-20261008/DerivedData/Build/Intermediates.noindex/SoloSoulFE2UIProbe.build/Debug-iphonesimulator/ProbeTests.build/ProbeTests.hmap (in target 'ProbeTests' from project 'SoloSoulFE2UIProbe')
    cd /tmp/solosoul-fe2-ios-account-themes-ui-20261008
    write-file /tmp/solosoul-fe2-ios-account-themes-ui-20261008/DerivedData/Build/Intermediates.noindex/SoloSoulFE2UIProbe.build/Debug-iphonesimulator/ProbeTests.build/ProbeTests.hmap

WriteAuxiliaryFile /tmp/solosoul-fe2-ios-account-themes-ui-20261008/DerivedData/Build/Intermediates.noindex/SoloSoulFE2UIProbe.build/Debug-iphonesimulator/ProbeTests.build/ProbeTests.DependencyStaticMetadataFileList (in target 'ProbeTests' from project 'SoloSoulFE2UIProbe')
    cd /tmp/solosoul-fe2-ios-account-themes-ui-20261008
    write-file /tmp/solosoul-fe2-ios-account-themes-ui-20261008/DerivedData/Build/Intermediates.noindex/SoloSoulFE2UIProbe.build/Debug-iphonesimulator/ProbeTests.build/ProbeTests.DependencyStaticMetadataFileList

WriteAuxiliaryFile /tmp/solosoul-fe2-ios-account-themes-ui-20261008/DerivedData/Build/Intermediates.noindex/SoloSoulFE2UIProbe.build/Debug-iphonesimulator/ProbeTests.build/ProductTypeInfoPlistAdditions.plist (in target 'ProbeTests' from project 'SoloSoulFE2UIProbe')
    cd /tmp/solosoul-fe2-ios-account-themes-ui-20261008
    write-file /tmp/solosoul-fe2-ios-account-themes-ui-20261008/DerivedData/Build/Intermediates.noindex/SoloSoulFE2UIProbe.build/Debug-iphonesimulator/ProbeTests.build/ProductTypeInfoPlistAdditions.plist

WriteAuxiliaryFile /tmp/solosoul-fe2-ios-account-themes-ui-20261008/DerivedData/Build/Intermediates.noindex/SoloSoulFE2UIProbe.build/Debug-iphonesimulator/ProbeTests.build/ProbeTests.DependencyMetadataFileList (in target 'ProbeTests' from project 'SoloSoulFE2UIProbe')
    cd /tmp/solosoul-fe2-ios-account-themes-ui-20261008
    write-file /tmp/solosoul-fe2-ios-account-themes-ui-20261008/DerivedData/Build/Intermediates.noindex/SoloSoulFE2UIProbe.build/Debug-iphonesimulator/ProbeTests.build/ProbeTests.DependencyMetadataFileList

WriteAuxiliaryFile /tmp/solosoul-fe2-ios-account-themes-ui-20261008/DerivedData/Build/Intermediates.noindex/SoloSoulFE2UIProbe.build/Debug-iphonesimulator/ProbeTests.build/ProbeTests-project-headers.hmap (in target 'ProbeTests' from project 'SoloSoulFE2UIProbe')
    cd /tmp/solosoul-fe2-ios-account-themes-ui-20261008
    write-file /tmp/solosoul-fe2-ios-account-themes-ui-20261008/DerivedData/Build/Intermediates.noindex/SoloSoulFE2UIProbe.build/Debug-iphonesimulator/ProbeTests.build/ProbeTests-project-headers.hmap

WriteAuxiliaryFile /tmp/solosoul-fe2-ios-account-themes-ui-20261008/DerivedData/Build/Intermediates.noindex/SoloSoulFE2UIProbe.build/Debug-iphonesimulator/ProbeTests.build/ProbeTests-own-target-headers.hmap (in target 'ProbeTests' from project 'SoloSoulFE2UIProbe')
    cd /tmp/solosoul-fe2-ios-account-themes-ui-20261008
    write-file /tmp/solosoul-fe2-ios-account-themes-ui-20261008/DerivedData/Build/Intermediates.noindex/SoloSoulFE2UIProbe.build/Debug-iphonesimulator/ProbeTests.build/ProbeTests-own-target-headers.hmap

WriteAuxiliaryFile /tmp/solosoul-fe2-ios-account-themes-ui-20261008/DerivedData/Build/Intermediates.noindex/SoloSoulFE2UIProbe.build/Debug-iphonesimulator/ProbeTests.build/ProbeTests-generated-files.hmap (in target 'ProbeTests' from project 'SoloSoulFE2UIProbe')
    cd /tmp/solosoul-fe2-ios-account-themes-ui-20261008
    write-file /tmp/solosoul-fe2-ios-account-themes-ui-20261008/DerivedData/Build/Intermediates.noindex/SoloSoulFE2UIProbe.build/Debug-iphonesimulator/ProbeTests.build/ProbeTests-generated-files.hmap

WriteAuxiliaryFile /tmp/solosoul-fe2-ios-account-themes-ui-20261008/DerivedData/Build/Intermediates.noindex/SoloSoulFE2UIProbe.build/Debug-iphonesimulator/ProbeTests.build/ProbeTests-all-target-headers.hmap (in target 'ProbeTests' from project 'SoloSoulFE2UIProbe')
    cd /tmp/solosoul-fe2-ios-account-themes-ui-20261008
    write-file /tmp/solosoul-fe2-ios-account-themes-ui-20261008/DerivedData/Build/Intermediates.noindex/SoloSoulFE2UIProbe.build/Debug-iphonesimulator/ProbeTests.build/ProbeTests-all-target-headers.hmap

WriteAuxiliaryFile /tmp/solosoul-fe2-ios-account-themes-ui-20261008/DerivedData/Build/Intermediates.noindex/SoloSoulFE2UIProbe.build/Debug-iphonesimulator/ProbeTests.build/ProbeTests-all-non-framework-target-headers.hmap (in target 'ProbeTests' from project 'SoloSoulFE2UIProbe')
    cd /tmp/solosoul-fe2-ios-account-themes-ui-20261008
    write-file /tmp/solosoul-fe2-ios-account-themes-ui-20261008/DerivedData/Build/Intermediates.noindex/SoloSoulFE2UIProbe.build/Debug-iphonesimulator/ProbeTests.build/ProbeTests-all-non-framework-target-headers.hmap

WriteAuxiliaryFile /tmp/solosoul-fe2-ios-account-themes-ui-20261008/DerivedData/Build/Intermediates.noindex/SoloSoulFE2UIProbe.build/Debug-iphonesimulator/ProbeTests.build/Objects-normal/arm64/ProbeTests_const_extract_protocols.json (in target 'ProbeTests' from project 'SoloSoulFE2UIProbe')
    cd /tmp/solosoul-fe2-ios-account-themes-ui-20261008
    write-file /tmp/solosoul-fe2-ios-account-themes-ui-20261008/DerivedData/Build/Intermediates.noindex/SoloSoulFE2UIProbe.build/Debug-iphonesimulator/ProbeTests.build/Objects-normal/arm64/ProbeTests_const_extract_protocols.json

WriteAuxiliaryFile /tmp/solosoul-fe2-ios-account-themes-ui-20261008/DerivedData/Build/Intermediates.noindex/SoloSoulFE2UIProbe.build/Debug-iphonesimulator/ProbeTests.build/Objects-normal/arm64/ProbeTests.SwiftFileList (in target 'ProbeTests' from project 'SoloSoulFE2UIProbe')
    cd /tmp/solosoul-fe2-ios-account-themes-ui-20261008
    write-file /tmp/solosoul-fe2-ios-account-themes-ui-20261008/DerivedData/Build/Intermediates.noindex/SoloSoulFE2UIProbe.build/Debug-iphonesimulator/ProbeTests.build/Objects-normal/arm64/ProbeTests.SwiftFileList

WriteAuxiliaryFile /tmp/solosoul-fe2-ios-account-themes-ui-20261008/DerivedData/Build/Intermediates.noindex/SoloSoulFE2UIProbe.build/Debug-iphonesimulator/ProbeTests.build/Objects-normal/arm64/ProbeTests.SwiftConstValuesFileList (in target 'ProbeTests' from project 'SoloSoulFE2UIProbe')
    cd /tmp/solosoul-fe2-ios-account-themes-ui-20261008
    write-file /tmp/solosoul-fe2-ios-account-themes-ui-20261008/DerivedData/Build/Intermediates.noindex/SoloSoulFE2UIProbe.build/Debug-iphonesimulator/ProbeTests.build/Objects-normal/arm64/ProbeTests.SwiftConstValuesFileList

WriteAuxiliaryFile /tmp/solosoul-fe2-ios-account-themes-ui-20261008/DerivedData/Build/Intermediates.noindex/SoloSoulFE2UIProbe.build/Debug-iphonesimulator/ProbeTests.build/Objects-normal/arm64/ProbeTests.LinkFileList (in target 'ProbeTests' from project 'SoloSoulFE2UIProbe')
    cd /tmp/solosoul-fe2-ios-account-themes-ui-20261008
    write-file /tmp/solosoul-fe2-ios-account-themes-ui-20261008/DerivedData/Build/Intermediates.noindex/SoloSoulFE2UIProbe.build/Debug-iphonesimulator/ProbeTests.build/Objects-normal/arm64/ProbeTests.LinkFileList

WriteAuxiliaryFile /tmp/solosoul-fe2-ios-account-themes-ui-20261008/DerivedData/Build/Intermediates.noindex/SoloSoulFE2UIProbe.build/Debug-iphonesimulator/ProbeTests.build/Objects-normal/arm64/ProbeTests-OutputFileMap.json (in target 'ProbeTests' from project 'SoloSoulFE2UIProbe')
    cd /tmp/solosoul-fe2-ios-account-themes-ui-20261008
    write-file /tmp/solosoul-fe2-ios-account-themes-ui-20261008/DerivedData/Build/Intermediates.noindex/SoloSoulFE2UIProbe.build/Debug-iphonesimulator/ProbeTests.build/Objects-normal/arm64/ProbeTests-OutputFileMap.json

WriteAuxiliaryFile /tmp/solosoul-fe2-ios-account-themes-ui-20261008/DerivedData/Build/Intermediates.noindex/SoloSoulFE2UIProbe.build/Debug-iphonesimulator/ProbeHost.build/ProbeHost.DependencyStaticMetadataFileList (in target 'ProbeHost' from project 'SoloSoulFE2UIProbe')
    cd /tmp/solosoul-fe2-ios-account-themes-ui-20261008
    write-file /tmp/solosoul-fe2-ios-account-themes-ui-20261008/DerivedData/Build/Intermediates.noindex/SoloSoulFE2UIProbe.build/Debug-iphonesimulator/ProbeHost.build/ProbeHost.DependencyStaticMetadataFileList

WriteAuxiliaryFile /tmp/solosoul-fe2-ios-account-themes-ui-20261008/DerivedData/Build/Intermediates.noindex/SoloSoulFE2UIProbe.build/Debug-iphonesimulator/ProbeHost.build/ProbeHost.DependencyMetadataFileList (in target 'ProbeHost' from project 'SoloSoulFE2UIProbe')
    cd /tmp/solosoul-fe2-ios-account-themes-ui-20261008
    write-file /tmp/solosoul-fe2-ios-account-themes-ui-20261008/DerivedData/Build/Intermediates.noindex/SoloSoulFE2UIProbe.build/Debug-iphonesimulator/ProbeHost.build/ProbeHost.DependencyMetadataFileList

WriteAuxiliaryFile /tmp/solosoul-fe2-ios-account-themes-ui-20261008/DerivedData/Build/Intermediates.noindex/SoloSoulFE2UIProbe.build/Debug-iphonesimulator/ProbeHost.build/ProbeHost-DebugDylibInstallName-normal-arm64.txt (in target 'ProbeHost' from project 'SoloSoulFE2UIProbe')
    cd /tmp/solosoul-fe2-ios-account-themes-ui-20261008
    write-file /tmp/solosoul-fe2-ios-account-themes-ui-20261008/DerivedData/Build/Intermediates.noindex/SoloSoulFE2UIProbe.build/Debug-iphonesimulator/ProbeHost.build/ProbeHost-DebugDylibInstallName-normal-arm64.txt

WriteAuxiliaryFile /tmp/solosoul-fe2-ios-account-themes-ui-20261008/DerivedData/Build/Intermediates.noindex/SoloSoulFE2UIProbe.build/Debug-iphonesimulator/ProbeHost.build/Objects-normal/arm64/ProbeHost_const_extract_protocols.json (in target 'ProbeHost' from project 'SoloSoulFE2UIProbe')
    cd /tmp/solosoul-fe2-ios-account-themes-ui-20261008
    write-file /tmp/solosoul-fe2-ios-account-themes-ui-20261008/DerivedData/Build/Intermediates.noindex/SoloSoulFE2UIProbe.build/Debug-iphonesimulator/ProbeHost.build/Objects-normal/arm64/ProbeHost_const_extract_protocols.json

WriteAuxiliaryFile /tmp/solosoul-fe2-ios-account-themes-ui-20261008/DerivedData/Build/Intermediates.noindex/SoloSoulFE2UIProbe.build/Debug-iphonesimulator/ProbeHost.build/Objects-normal/arm64/ProbeHost.SwiftFileList (in target 'ProbeHost' from project 'SoloSoulFE2UIProbe')
    cd /tmp/solosoul-fe2-ios-account-themes-ui-20261008
    write-file /tmp/solosoul-fe2-ios-account-themes-ui-20261008/DerivedData/Build/Intermediates.noindex/SoloSoulFE2UIProbe.build/Debug-iphonesimulator/ProbeHost.build/Objects-normal/arm64/ProbeHost.SwiftFileList

WriteAuxiliaryFile /tmp/solosoul-fe2-ios-account-themes-ui-20261008/DerivedData/Build/Intermediates.noindex/SoloSoulFE2UIProbe.build/Debug-iphonesimulator/ProbeHost.build/Objects-normal/arm64/ProbeHost.SwiftConstValuesFileList (in target 'ProbeHost' from project 'SoloSoulFE2UIProbe')
    cd /tmp/solosoul-fe2-ios-account-themes-ui-20261008
    write-file /tmp/solosoul-fe2-ios-account-themes-ui-20261008/DerivedData/Build/Intermediates.noindex/SoloSoulFE2UIProbe.build/Debug-iphonesimulator/ProbeHost.build/Objects-normal/arm64/ProbeHost.SwiftConstValuesFileList

WriteAuxiliaryFile /tmp/solosoul-fe2-ios-account-themes-ui-20261008/DerivedData/Build/Intermediates.noindex/SoloSoulFE2UIProbe.build/Debug-iphonesimulator/ProbeHost.build/Objects-normal/arm64/ProbeHost.LinkFileList (in target 'ProbeHost' from project 'SoloSoulFE2UIProbe')
    cd /tmp/solosoul-fe2-ios-account-themes-ui-20261008
    write-file /tmp/solosoul-fe2-ios-account-themes-ui-20261008/DerivedData/Build/Intermediates.noindex/SoloSoulFE2UIProbe.build/Debug-iphonesimulator/ProbeHost.build/Objects-normal/arm64/ProbeHost.LinkFileList

WriteAuxiliaryFile /tmp/solosoul-fe2-ios-account-themes-ui-20261008/DerivedData/Build/Intermediates.noindex/SoloSoulFE2UIProbe.build/Debug-iphonesimulator/ProbeHost.build/Objects-normal/arm64/ProbeHost-OutputFileMap.json (in target 'ProbeHost' from project 'SoloSoulFE2UIProbe')
    cd /tmp/solosoul-fe2-ios-account-themes-ui-20261008
    write-file /tmp/solosoul-fe2-ios-account-themes-ui-20261008/DerivedData/Build/Intermediates.noindex/SoloSoulFE2UIProbe.build/Debug-iphonesimulator/ProbeHost.build/Objects-normal/arm64/ProbeHost-OutputFileMap.json

MkDir /tmp/solosoul-fe2-ios-account-themes-ui-20261008/DerivedData/Build/Products/Debug-iphonesimulator/ProbeTests-Runner.app/PlugIns/ProbeTests.xctest (in target 'ProbeTests' from project 'SoloSoulFE2UIProbe')
    cd /tmp/solosoul-fe2-ios-account-themes-ui-20261008
    /bin/mkdir -p /tmp/solosoul-fe2-ios-account-themes-ui-20261008/DerivedData/Build/Products/Debug-iphonesimulator/ProbeTests-Runner.app/PlugIns/ProbeTests.xctest

MkDir /tmp/solosoul-fe2-ios-account-themes-ui-20261008/DerivedData/Build/Products/Debug-iphonesimulator/ProbeHost.app (in target 'ProbeHost' from project 'SoloSoulFE2UIProbe')
    cd /tmp/solosoul-fe2-ios-account-themes-ui-20261008
    /bin/mkdir -p /tmp/solosoul-fe2-ios-account-themes-ui-20261008/DerivedData/Build/Products/Debug-iphonesimulator/ProbeHost.app

Ld /tmp/solosoul-fe2-ios-account-themes-ui-20261008/DerivedData/Build/Products/Debug-iphonesimulator/ProbeHost.app/__preview.dylib normal (in target 'ProbeHost' from project 'SoloSoulFE2UIProbe')
    cd /tmp/solosoul-fe2-ios-account-themes-ui-20261008
    /Applications/Xcode.app/Contents/Developer/Toolchains/XcodeDefault.xctoolchain/usr/bin/clang -Xlinker -reproducible -target arm64-apple-ios14.0-simulator -dynamiclib -isysroot /Applications/Xcode.app/Contents/Developer/Platforms/iPhoneSimulator.platform/Developer/SDKs/iPhoneSimulator26.2.sdk -O0 -L/tmp/solosoul-fe2-ios-account-themes-ui-20261008/DerivedData/Build/Products/Debug-iphonesimulator -F/tmp/solosoul-fe2-ios-account-themes-ui-20261008/DerivedData/Build/Products/Debug-iphonesimulator -install_name @rpath/ProbeHost.debug.dylib -dead_strip -rdynamic -Xlinker -no_deduplicate -Xlinker -objc_abi_version -Xlinker 2 -Xlinker -dependency_info -Xlinker /tmp/solosoul-fe2-ios-account-themes-ui-20261008/DerivedData/Build/Intermediates.noindex/SoloSoulFE2UIProbe.build/Debug-iphonesimulator/ProbeHost.build/Objects-normal/arm64/ProbeHost_dependency_info.dat -o /tmp/solosoul-fe2-ios-account-themes-ui-20261008/DerivedData/Build/Products/Debug-iphonesimulator/ProbeHost.app/__preview.dylib

ProcessInfoPlistFile /tmp/solosoul-fe2-ios-account-themes-ui-20261008/DerivedData/Build/Products/Debug-iphonesimulator/ProbeHost.app/Info.plist /tmp/solosoul-fe2-ios-account-themes-ui-20261008/Host/Info.plist (in target 'ProbeHost' from project 'SoloSoulFE2UIProbe')
    cd /tmp/solosoul-fe2-ios-account-themes-ui-20261008
    builtin-infoPlistUtility /tmp/solosoul-fe2-ios-account-themes-ui-20261008/Host/Info.plist -producttype com.apple.product-type.application -genpkginfo /tmp/solosoul-fe2-ios-account-themes-ui-20261008/DerivedData/Build/Products/Debug-iphonesimulator/ProbeHost.app/PkgInfo -expandbuildsettings -format binary -platform iphonesimulator -o /tmp/solosoul-fe2-ios-account-themes-ui-20261008/DerivedData/Build/Products/Debug-iphonesimulator/ProbeHost.app/Info.plist

SwiftDriver ProbeHost normal arm64 com.apple.xcode.tools.swift.compiler (in target 'ProbeHost' from project 'SoloSoulFE2UIProbe')
    cd /tmp/solosoul-fe2-ios-account-themes-ui-20261008
    builtin-SwiftDriver -- /Applications/Xcode.app/Contents/Developer/Toolchains/XcodeDefault.xctoolchain/usr/bin/swiftc -module-name ProbeHost -Onone -enforce-exclusivity\=checked @/tmp/solosoul-fe2-ios-account-themes-ui-20261008/DerivedData/Build/Intermediates.noindex/SoloSoulFE2UIProbe.build/Debug-iphonesimulator/ProbeHost.build/Objects-normal/arm64/ProbeHost.SwiftFileList -DDEBUG -enable-bare-slash-regex -enable-experimental-feature DebugDescriptionMacro -sdk /Applications/Xcode.app/Contents/Developer/Platforms/iPhoneSimulator.platform/Developer/SDKs/iPhoneSimulator26.2.sdk -target arm64-apple-ios14.0-simulator -g -module-cache-path /tmp/solosoul-fe2-ios-account-themes-ui-20261008/DerivedData/ModuleCache.noindex -Xfrontend -serialize-debugging-options -enable-testing -index-store-path /tmp/solosoul-fe2-ios-account-themes-ui-20261008/DerivedData/Index.noindex/DataStore -Xcc -D_LIBCPP_HARDENING_MODE\=_LIBCPP_HARDENING_MODE_DEBUG -swift-version 5 -I /tmp/solosoul-fe2-ios-account-themes-ui-20261008/DerivedData/Build/Products/Debug-iphonesimulator -F /tmp/solosoul-fe2-ios-account-themes-ui-20261008/DerivedData/Build/Products/Debug-iphonesimulator -parse-as-library -c -j8 -enable-batch-mode -incremental -Xcc -ivfsstatcache -Xcc /tmp/solosoul-fe2-ios-account-themes-ui-20261008/DerivedData/SDKStatCaches.noindex/iphonesimulator26.2-23C57-7d00a8b37fbd7999ea79df8ebc024bf0.sdkstatcache -output-file-map /tmp/solosoul-fe2-ios-account-themes-ui-20261008/DerivedData/Build/Intermediates.noindex/SoloSoulFE2UIProbe.build/Debug-iphonesimulator/ProbeHost.build/Objects-normal/arm64/ProbeHost-OutputFileMap.json -use-frontend-parseable-output -save-temps -no-color-diagnostics -explicit-module-build -module-cache-path /tmp/solosoul-fe2-ios-account-themes-ui-20261008/DerivedData/Build/Intermediates.noindex/SwiftExplicitPrecompiledModules -clang-scanner-module-cache-path /tmp/solosoul-fe2-ios-account-themes-ui-20261008/DerivedData/ModuleCache.noindex -sdk-module-cache-path /tmp/solosoul-fe2-ios-account-themes-ui-20261008/DerivedData/ModuleCache.noindex -serialize-diagnostics -emit-dependencies -emit-module -emit-module-path /tmp/solosoul-fe2-ios-account-themes-ui-20261008/DerivedData/Build/Intermediates.noindex/SoloSoulFE2UIProbe.build/Debug-iphonesimulator/ProbeHost.build/Objects-normal/arm64/ProbeHost.swiftmodule -validate-clang-modules-once -clang-build-session-file /tmp/solosoul-fe2-ios-account-themes-ui-20261008/DerivedData/ModuleCache.noindex/Session.modulevalidation -Xcc -I/tmp/solosoul-fe2-ios-account-themes-ui-20261008/DerivedData/Build/Intermediates.noindex/SoloSoulFE2UIProbe.build/Debug-iphonesimulator/ProbeHost.build/swift-overrides.hmap -emit-const-values -Xfrontend -const-gather-protocols-file -Xfrontend /tmp/solosoul-fe2-ios-account-themes-ui-20261008/DerivedData/Build/Intermediates.noindex/SoloSoulFE2UIProbe.build/Debug-iphonesimulator/ProbeHost.build/Objects-normal/arm64/ProbeHost_const_extract_protocols.json -Xcc -iquote -Xcc /tmp/solosoul-fe2-ios-account-themes-ui-20261008/DerivedData/Build/Intermediates.noindex/SoloSoulFE2UIProbe.build/Debug-iphonesimulator/ProbeHost.build/ProbeHost-generated-files.hmap -Xcc -I/tmp/solosoul-fe2-ios-account-themes-ui-20261008/DerivedData/Build/Intermediates.noindex/SoloSoulFE2UIProbe.build/Debug-iphonesimulator/ProbeHost.build/ProbeHost-own-target-headers.hmap -Xcc -I/tmp/solosoul-fe2-ios-account-themes-ui-20261008/DerivedData/Build/Intermediates.noindex/SoloSoulFE2UIProbe.build/Debug-iphonesimulator/ProbeHost.build/ProbeHost-all-target-headers.hmap -Xcc -iquote -Xcc /tmp/solosoul-fe2-ios-account-themes-ui-20261008/DerivedData/Build/Intermediates.noindex/SoloSoulFE2UIProbe.build/Debug-iphonesimulator/ProbeHost.build/ProbeHost-project-headers.hmap -Xcc -I/tmp/solosoul-fe2-ios-account-themes-ui-20261008/DerivedData/Build/Products/Debug-iphonesimulator/include -Xcc -I/tmp/solosoul-fe2-ios-account-themes-ui-20261008/DerivedData/Build/Intermediates.noindex/SoloSoulFE2UIProbe.build/Debug-iphonesimulator/ProbeHost.build/DerivedSources-normal/arm64 -Xcc -I/tmp/solosoul-fe2-ios-account-themes-ui-20261008/DerivedData/Build/Intermediates.noindex/SoloSoulFE2UIProbe.build/Debug-iphonesimulator/ProbeHost.build/DerivedSources/arm64 -Xcc -I/tmp/solosoul-fe2-ios-account-themes-ui-20261008/DerivedData/Build/Intermediates.noindex/SoloSoulFE2UIProbe.build/Debug-iphonesimulator/ProbeHost.build/DerivedSources -Xcc -DDEBUG\=1 -emit-objc-header -emit-objc-header-path /tmp/solosoul-fe2-ios-account-themes-ui-20261008/DerivedData/Build/Intermediates.noindex/SoloSoulFE2UIProbe.build/Debug-iphonesimulator/ProbeHost.build/Objects-normal/arm64/ProbeHost-Swift.h -working-directory /tmp/solosoul-fe2-ios-account-themes-ui-20261008 -experimental-emit-module-separately -disable-cmo

SwiftExplicitDependencyGeneratePcm arm64 /tmp/solosoul-fe2-ios-account-themes-ui-20261008/DerivedData/ModuleCache.noindex/_Builtin_stddef-54X9MA4AVUN6GFBRKZ3F15CVD.pcm

SwiftExplicitDependencyGeneratePcm arm64 /tmp/solosoul-fe2-ios-account-themes-ui-20261008/DerivedData/ModuleCache.noindex/DeveloperToolsSupport-2K4LY5NYIBRHYLT04KB8RPWRZ.pcm

SwiftExplicitDependencyGeneratePcm arm64 /tmp/solosoul-fe2-ios-account-themes-ui-20261008/DerivedData/ModuleCache.noindex/_SwiftConcurrencyShims-569G5GY2HJS574L8T7QUT3RW.pcm

SwiftExplicitDependencyGeneratePcm arm64 /tmp/solosoul-fe2-ios-account-themes-ui-20261008/DerivedData/ModuleCache.noindex/ptrauth-3PU7WRRCF3OBAIOOG1EXPAEYV.pcm

SwiftExplicitDependencyGeneratePcm arm64 /tmp/solosoul-fe2-ios-account-themes-ui-20261008/DerivedData/ModuleCache.noindex/_Builtin_float-45OPYVQTYFZQMBWY2HT80064X.pcm

SwiftExplicitDependencyGeneratePcm arm64 /tmp/solosoul-fe2-ios-account-themes-ui-20261008/DerivedData/ModuleCache.noindex/_Builtin_stdarg-5RMBQ6SHF5MLJAF0X5Y2Z929E.pcm

SwiftExplicitDependencyGeneratePcm arm64 /tmp/solosoul-fe2-ios-account-themes-ui-20261008/DerivedData/ModuleCache.noindex/ptrcheck-CMXASVO8XN14VWATOVCZ9A7TY.pcm

SwiftExplicitDependencyGeneratePcm arm64 /tmp/solosoul-fe2-ios-account-themes-ui-20261008/DerivedData/ModuleCache.noindex/_AvailabilityInternal-MMUH2GIL2W54T2O94SWHREGR.pcm

SwiftExplicitDependencyGeneratePcm arm64 /tmp/solosoul-fe2-ios-account-themes-ui-20261008/DerivedData/ModuleCache.noindex/_Builtin_stdbool-2JGV7Y61IMQPN0L7W5FRDYZN8.pcm

SwiftExplicitDependencyGeneratePcm arm64 /tmp/solosoul-fe2-ios-account-themes-ui-20261008/DerivedData/ModuleCache.noindex/SwiftShims-2X9C427L9BUOKDL2K5G2KV0O2.pcm

SwiftExplicitDependencyGeneratePcm arm64 /tmp/solosoul-fe2-ios-account-themes-ui-20261008/DerivedData/ModuleCache.noindex/_DarwinFoundation1-37FO9JM4W3SV4JFKX40K7FXRC.pcm

SwiftExplicitDependencyGeneratePcm arm64 /tmp/solosoul-fe2-ios-account-themes-ui-20261008/DerivedData/ModuleCache.noindex/_DarwinFoundation2-8PPHBPZ1UT2X0CPMINS0W6VE1.pcm

SwiftExplicitDependencyGeneratePcm arm64 /tmp/solosoul-fe2-ios-account-themes-ui-20261008/DerivedData/ModuleCache.noindex/_Builtin_limits-8LGYPU5LRCT26QMTELXQQD3UP.pcm

SwiftExplicitDependencyGeneratePcm arm64 /tmp/solosoul-fe2-ios-account-themes-ui-20261008/DerivedData/ModuleCache.noindex/sys_types-20ME6OZ136OZDAL3B7401JNO4.pcm

SwiftExplicitDependencyGeneratePcm arm64 /tmp/solosoul-fe2-ios-account-themes-ui-20261008/DerivedData/ModuleCache.noindex/_Builtin_stdint-3E2Z4UATLYJI7GF6BTMNY9SOW.pcm

SwiftExplicitDependencyGeneratePcm arm64 /tmp/solosoul-fe2-ios-account-themes-ui-20261008/DerivedData/ModuleCache.noindex/_DarwinFoundation3-BS3R00Q61OHIIV9UBRBWFY7CF.pcm

SwiftExplicitDependencyGeneratePcm arm64 /tmp/solosoul-fe2-ios-account-themes-ui-20261008/DerivedData/ModuleCache.noindex/_Builtin_stdatomic-D752FYR26CN6KDFPC84HK77ZV.pcm

SwiftExplicitDependencyGeneratePcm arm64 /tmp/solosoul-fe2-ios-account-themes-ui-20261008/DerivedData/ModuleCache.noindex/_Builtin_inttypes-EJ2D9XD6LVQ3EA9UXKQD3M7K9.pcm

SwiftExplicitDependencyGeneratePcm arm64 /tmp/solosoul-fe2-ios-account-themes-ui-20261008/DerivedData/ModuleCache.noindex/Darwin-6IR6IL2MKKBJWJQ0DODW9EKDB.pcm

SwiftExplicitDependencyGeneratePcm arm64 /tmp/solosoul-fe2-ios-account-themes-ui-20261008/DerivedData/ModuleCache.noindex/MachO-BECCXBVBTG58ZPQSHOH6NLI9M.pcm

SwiftExplicitDependencyGeneratePcm arm64 /tmp/solosoul-fe2-ios-account-themes-ui-20261008/DerivedData/ModuleCache.noindex/ObjectiveC-E0BBC2GDXQ4OF5TCBH7PP4JRZ.pcm

SwiftExplicitDependencyGeneratePcm arm64 /tmp/solosoul-fe2-ios-account-themes-ui-20261008/DerivedData/ModuleCache.noindex/os_object-9NIBPXJGCYI4EM2UNRIU4FBQS.pcm

SwiftExplicitDependencyGeneratePcm arm64 /tmp/solosoul-fe2-ios-account-themes-ui-20261008/DerivedData/ModuleCache.noindex/os_workgroup-47MLQHS75MEU3K0AIS842C8RN.pcm

SwiftExplicitDependencyGeneratePcm arm64 /tmp/solosoul-fe2-ios-account-themes-ui-20261008/DerivedData/ModuleCache.noindex/Dispatch-AZMAQEDYH2N9XBJCMQMFUB9UW.pcm

SwiftExplicitDependencyGeneratePcm arm64 /tmp/solosoul-fe2-ios-account-themes-ui-20261008/DerivedData/ModuleCache.noindex/XPC-42C28CEYJLWAGV9YAAF3AFUW0.pcm

SwiftExplicitDependencyGeneratePcm arm64 /tmp/solosoul-fe2-ios-account-themes-ui-20261008/DerivedData/ModuleCache.noindex/CoreFoundation-CZGCMSZ10Y9YOI54QV3TQ0QQS.pcm

SwiftExplicitDependencyGeneratePcm arm64 /tmp/solosoul-fe2-ios-account-themes-ui-20261008/DerivedData/ModuleCache.noindex/os-CTNI8X1H0MH93H2HN5UZ7EN6O.pcm

SwiftExplicitDependencyGeneratePcm arm64 /tmp/solosoul-fe2-ios-account-themes-ui-20261008/DerivedData/ModuleCache.noindex/CFNetwork-5XMWI0K09ZP2YC2ZIY2XCEBY7.pcm

SwiftExplicitDependencyGeneratePcm arm64 /tmp/solosoul-fe2-ios-account-themes-ui-20261008/DerivedData/ModuleCache.noindex/CoreGraphics-62TWAILB0K5OSI32XS2L1YLRA.pcm

SwiftExplicitDependencyGeneratePcm arm64 /tmp/solosoul-fe2-ios-account-themes-ui-20261008/DerivedData/ModuleCache.noindex/Security-53XFV7ACQ7EX9XCERU7IY6MUV.pcm

SwiftExplicitDependencyGeneratePcm arm64 /tmp/solosoul-fe2-ios-account-themes-ui-20261008/DerivedData/ModuleCache.noindex/Foundation-8J1E9QIU6ZJ3VVINR9MRVFT6I.pcm

SwiftExplicitDependencyGeneratePcm arm64 /tmp/solosoul-fe2-ios-account-themes-ui-20261008/DerivedData/ModuleCache.noindex/CoreText-7BEONGS1TCCKMW0SDA9HLCK32.pcm

SwiftExplicitDependencyGeneratePcm arm64 /tmp/solosoul-fe2-ios-account-themes-ui-20261008/DerivedData/ModuleCache.noindex/ImageIO-2QVVUT15YMD5LQKUIXTRYHUMR.pcm

SwiftExplicitDependencyGeneratePcm arm64 /tmp/solosoul-fe2-ios-account-themes-ui-20261008/DerivedData/ModuleCache.noindex/OSLog-6HZKGECOTM3WV4FNE0X427X48.pcm

SwiftExplicitDependencyGeneratePcm arm64 /tmp/solosoul-fe2-ios-account-themes-ui-20261008/DerivedData/ModuleCache.noindex/OpenGLES-9HNO6UQDX3Q7171RRBS8P1X8H.pcm

SwiftExplicitDependencyGeneratePcm arm64 /tmp/solosoul-fe2-ios-account-themes-ui-20261008/DerivedData/ModuleCache.noindex/CoreTransferable-9LUF20BNQAOI5FHB2U34WK47A.pcm

SwiftExplicitDependencyGeneratePcm arm64 /tmp/solosoul-fe2-ios-account-themes-ui-20261008/DerivedData/ModuleCache.noindex/Accessibility-547Q05NMHB8BKP8FCBALDJKNC.pcm

SwiftExplicitDependencyGeneratePcm arm64 /tmp/solosoul-fe2-ios-account-themes-ui-20261008/DerivedData/ModuleCache.noindex/UserNotifications-2IXF35O87SAMWO3K2JG2PFYW8.pcm

SwiftExplicitDependencyGeneratePcm arm64 /tmp/solosoul-fe2-ios-account-themes-ui-20261008/DerivedData/ModuleCache.noindex/Symbols-4JN9JNESBUOM5UZGOJRBP8RUM.pcm

SwiftExplicitDependencyGeneratePcm arm64 /tmp/solosoul-fe2-ios-account-themes-ui-20261008/DerivedData/ModuleCache.noindex/DataDetection-2QKJ0VW9VSFASYKXSTEK2O0WF.pcm

SwiftExplicitDependencyGeneratePcm arm64 /tmp/solosoul-fe2-ios-account-themes-ui-20261008/DerivedData/ModuleCache.noindex/IOSurface-86PEO5BV4MCHMMV0EJK4JOT5W.pcm

SwiftExplicitDependencyGeneratePcm arm64 /tmp/solosoul-fe2-ios-account-themes-ui-20261008/DerivedData/ModuleCache.noindex/UIUtilities-CLZJQ06SRSLM8SZIFM91JFR68.pcm

SwiftExplicitDependencyGeneratePcm arm64 /tmp/solosoul-fe2-ios-account-themes-ui-20261008/DerivedData/ModuleCache.noindex/FileProvider-CYAGFTPVPVDMD5ELMJFWSUD2Q.pcm

SwiftExplicitDependencyGeneratePcm arm64 /tmp/solosoul-fe2-ios-account-themes-ui-20261008/DerivedData/ModuleCache.noindex/UniformTypeIdentifiers-9U5N8QOUCT6PCNM8JBHGUMHA5.pcm

SwiftExplicitDependencyGeneratePcm arm64 /tmp/solosoul-fe2-ios-account-themes-ui-20261008/DerivedData/ModuleCache.noindex/Metal-375CJ626KOKIQW5ZXZNLBMTIK.pcm

SwiftExplicitDependencyGeneratePcm arm64 /tmp/solosoul-fe2-ios-account-themes-ui-20261008/DerivedData/ModuleCache.noindex/CoreVideo-BT2VPEJI5DSB41VT7GMW2SO8I.pcm

SwiftExplicitDependencyGeneratePcm arm64 /tmp/solosoul-fe2-ios-account-themes-ui-20261008/DerivedData/ModuleCache.noindex/CoreImage-1PMVPCP5LM7UT8CLOL209QM09.pcm

SwiftExplicitDependencyGeneratePcm arm64 /tmp/solosoul-fe2-ios-account-themes-ui-20261008/DerivedData/ModuleCache.noindex/QuartzCore-P8FR7SHO6CBWDV952CCYR68L.pcm

SwiftExplicitDependencyGeneratePcm arm64 /tmp/solosoul-fe2-ios-account-themes-ui-20261008/DerivedData/ModuleCache.noindex/SwiftUICore-3KSA4AI2ZQXVKBDINLM5Y491E.pcm

SwiftExplicitDependencyGeneratePcm arm64 /tmp/solosoul-fe2-ios-account-themes-ui-20261008/DerivedData/ModuleCache.noindex/UIKit-88E6FX316T1K9HGVDAIX17BG0.pcm

SwiftCompile normal arm64 Compiling\ AppDelegate.swift /tmp/solosoul-fe2-ios-account-themes-ui-20261008/Host/AppDelegate.swift (in target 'ProbeHost' from project 'SoloSoulFE2UIProbe')

SwiftCompile normal arm64 /tmp/solosoul-fe2-ios-account-themes-ui-20261008/Host/AppDelegate.swift (in target 'ProbeHost' from project 'SoloSoulFE2UIProbe')
    cd /tmp/solosoul-fe2-ios-account-themes-ui-20261008
    

SwiftEmitModule normal arm64 Emitting\ module\ for\ ProbeHost (in target 'ProbeHost' from project 'SoloSoulFE2UIProbe')

SwiftCompile normal arm64 /tmp/solosoul-fe2-ios-account-themes-ui-20261008/Host/AppDelegate.swift (in target 'ProbeHost' from project 'SoloSoulFE2UIProbe')
    cd /tmp/solosoul-fe2-ios-account-themes-ui-20261008
    

SwiftDriverJobDiscovery normal arm64 Emitting module for ProbeHost (in target 'ProbeHost' from project 'SoloSoulFE2UIProbe')

SwiftDriver\ Compilation\ Requirements ProbeHost normal arm64 com.apple.xcode.tools.swift.compiler (in target 'ProbeHost' from project 'SoloSoulFE2UIProbe')
    cd /tmp/solosoul-fe2-ios-account-themes-ui-20261008
    builtin-Swift-Compilation-Requirements -- /Applications/Xcode.app/Contents/Developer/Toolchains/XcodeDefault.xctoolchain/usr/bin/swiftc -module-name ProbeHost -Onone -enforce-exclusivity\=checked @/tmp/solosoul-fe2-ios-account-themes-ui-20261008/DerivedData/Build/Intermediates.noindex/SoloSoulFE2UIProbe.build/Debug-iphonesimulator/ProbeHost.build/Objects-normal/arm64/ProbeHost.SwiftFileList -DDEBUG -enable-bare-slash-regex -enable-experimental-feature DebugDescriptionMacro -sdk /Applications/Xcode.app/Contents/Developer/Platforms/iPhoneSimulator.platform/Developer/SDKs/iPhoneSimulator26.2.sdk -target arm64-apple-ios14.0-simulator -g -module-cache-path /tmp/solosoul-fe2-ios-account-themes-ui-20261008/DerivedData/ModuleCache.noindex -Xfrontend -serialize-debugging-options -enable-testing -index-store-path /tmp/solosoul-fe2-ios-account-themes-ui-20261008/DerivedData/Index.noindex/DataStore -Xcc -D_LIBCPP_HARDENING_MODE\=_LIBCPP_HARDENING_MODE_DEBUG -swift-version 5 -I /tmp/solosoul-fe2-ios-account-themes-ui-20261008/DerivedData/Build/Products/Debug-iphonesimulator -F /tmp/solosoul-fe2-ios-account-themes-ui-20261008/DerivedData/Build/Products/Debug-iphonesimulator -parse-as-library -c -j8 -enable-batch-mode -incremental -Xcc -ivfsstatcache -Xcc /tmp/solosoul-fe2-ios-account-themes-ui-20261008/DerivedData/SDKStatCaches.noindex/iphonesimulator26.2-23C57-7d00a8b37fbd7999ea79df8ebc024bf0.sdkstatcache -output-file-map /tmp/solosoul-fe2-ios-account-themes-ui-20261008/DerivedData/Build/Intermediates.noindex/SoloSoulFE2UIProbe.build/Debug-iphonesimulator/ProbeHost.build/Objects-normal/arm64/ProbeHost-OutputFileMap.json -use-frontend-parseable-output -save-temps -no-color-diagnostics -explicit-module-build -module-cache-path /tmp/solosoul-fe2-ios-account-themes-ui-20261008/DerivedData/Build/Intermediates.noindex/SwiftExplicitPrecompiledModules -clang-scanner-module-cache-path /tmp/solosoul-fe2-ios-account-themes-ui-20261008/DerivedData/ModuleCache.noindex -sdk-module-cache-path /tmp/solosoul-fe2-ios-account-themes-ui-20261008/DerivedData/ModuleCache.noindex -serialize-diagnostics -emit-dependencies -emit-module -emit-module-path /tmp/solosoul-fe2-ios-account-themes-ui-20261008/DerivedData/Build/Intermediates.noindex/SoloSoulFE2UIProbe.build/Debug-iphonesimulator/ProbeHost.build/Objects-normal/arm64/ProbeHost.swiftmodule -validate-clang-modules-once -clang-build-session-file /tmp/solosoul-fe2-ios-account-themes-ui-20261008/DerivedData/ModuleCache.noindex/Session.modulevalidation -Xcc -I/tmp/solosoul-fe2-ios-account-themes-ui-20261008/DerivedData/Build/Intermediates.noindex/SoloSoulFE2UIProbe.build/Debug-iphonesimulator/ProbeHost.build/swift-overrides.hmap -emit-const-values -Xfrontend -const-gather-protocols-file -Xfrontend /tmp/solosoul-fe2-ios-account-themes-ui-20261008/DerivedData/Build/Intermediates.noindex/SoloSoulFE2UIProbe.build/Debug-iphonesimulator/ProbeHost.build/Objects-normal/arm64/ProbeHost_const_extract_protocols.json -Xcc -iquote -Xcc /tmp/solosoul-fe2-ios-account-themes-ui-20261008/DerivedData/Build/Intermediates.noindex/SoloSoulFE2UIProbe.build/Debug-iphonesimulator/ProbeHost.build/ProbeHost-generated-files.hmap -Xcc -I/tmp/solosoul-fe2-ios-account-themes-ui-20261008/DerivedData/Build/Intermediates.noindex/SoloSoulFE2UIProbe.build/Debug-iphonesimulator/ProbeHost.build/ProbeHost-own-target-headers.hmap -Xcc -I/tmp/solosoul-fe2-ios-account-themes-ui-20261008/DerivedData/Build/Intermediates.noindex/SoloSoulFE2UIProbe.build/Debug-iphonesimulator/ProbeHost.build/ProbeHost-all-target-headers.hmap -Xcc -iquote -Xcc /tmp/solosoul-fe2-ios-account-themes-ui-20261008/DerivedData/Build/Intermediates.noindex/SoloSoulFE2UIProbe.build/Debug-iphonesimulator/ProbeHost.build/ProbeHost-project-headers.hmap -Xcc -I/tmp/solosoul-fe2-ios-account-themes-ui-20261008/DerivedData/Build/Products/Debug-iphonesimulator/include -Xcc -I/tmp/solosoul-fe2-ios-account-themes-ui-20261008/DerivedData/Build/Intermediates.noindex/SoloSoulFE2UIProbe.build/Debug-iphonesimulator/ProbeHost.build/DerivedSources-normal/arm64 -Xcc -I/tmp/solosoul-fe2-ios-account-themes-ui-20261008/DerivedData/Build/Intermediates.noindex/SoloSoulFE2UIProbe.build/Debug-iphonesimulator/ProbeHost.build/DerivedSources/arm64 -Xcc -I/tmp/solosoul-fe2-ios-account-themes-ui-20261008/DerivedData/Build/Intermediates.noindex/SoloSoulFE2UIProbe.build/Debug-iphonesimulator/ProbeHost.build/DerivedSources -Xcc -DDEBUG\=1 -emit-objc-header -emit-objc-header-path /tmp/solosoul-fe2-ios-account-themes-ui-20261008/DerivedData/Build/Intermediates.noindex/SoloSoulFE2UIProbe.build/Debug-iphonesimulator/ProbeHost.build/Objects-normal/arm64/ProbeHost-Swift.h -working-directory /tmp/solosoul-fe2-ios-account-themes-ui-20261008 -experimental-emit-module-separately -disable-cmo

SwiftMergeGeneratedHeaders /tmp/solosoul-fe2-ios-account-themes-ui-20261008/DerivedData/Build/Intermediates.noindex/SoloSoulFE2UIProbe.build/Debug-iphonesimulator/ProbeHost.build/DerivedSources/ProbeHost-Swift.h /tmp/solosoul-fe2-ios-account-themes-ui-20261008/DerivedData/Build/Intermediates.noindex/SoloSoulFE2UIProbe.build/Debug-iphonesimulator/ProbeHost.build/Objects-normal/arm64/ProbeHost-Swift.h (in target 'ProbeHost' from project 'SoloSoulFE2UIProbe')
    cd /tmp/solosoul-fe2-ios-account-themes-ui-20261008
    builtin-swiftHeaderTool -arch arm64 /tmp/solosoul-fe2-ios-account-themes-ui-20261008/DerivedData/Build/Intermediates.noindex/SoloSoulFE2UIProbe.build/Debug-iphonesimulator/ProbeHost.build/Objects-normal/arm64/ProbeHost-Swift.h -o /tmp/solosoul-fe2-ios-account-themes-ui-20261008/DerivedData/Build/Intermediates.noindex/SoloSoulFE2UIProbe.build/Debug-iphonesimulator/ProbeHost.build/DerivedSources/ProbeHost-Swift.h

Copy /tmp/solosoul-fe2-ios-account-themes-ui-20261008/DerivedData/Build/Products/Debug-iphonesimulator/ProbeHost.swiftmodule/arm64-apple-ios-simulator.abi.json /tmp/solosoul-fe2-ios-account-themes-ui-20261008/DerivedData/Build/Intermediates.noindex/SoloSoulFE2UIProbe.build/Debug-iphonesimulator/ProbeHost.build/Objects-normal/arm64/ProbeHost.abi.json (in target 'ProbeHost' from project 'SoloSoulFE2UIProbe')
    cd /tmp/solosoul-fe2-ios-account-themes-ui-20261008
    builtin-copy -exclude .DS_Store -exclude CVS -exclude .svn -exclude .git -exclude .hg -resolve-src-symlinks -rename /tmp/solosoul-fe2-ios-account-themes-ui-20261008/DerivedData/Build/Intermediates.noindex/SoloSoulFE2UIProbe.build/Debug-iphonesimulator/ProbeHost.build/Objects-normal/arm64/ProbeHost.abi.json /tmp/solosoul-fe2-ios-account-themes-ui-20261008/DerivedData/Build/Products/Debug-iphonesimulator/ProbeHost.swiftmodule/arm64-apple-ios-simulator.abi.json

Copy /tmp/solosoul-fe2-ios-account-themes-ui-20261008/DerivedData/Build/Products/Debug-iphonesimulator/ProbeHost.swiftmodule/arm64-apple-ios-simulator.swiftmodule /tmp/solosoul-fe2-ios-account-themes-ui-20261008/DerivedData/Build/Intermediates.noindex/SoloSoulFE2UIProbe.build/Debug-iphonesimulator/ProbeHost.build/Objects-normal/arm64/ProbeHost.swiftmodule (in target 'ProbeHost' from project 'SoloSoulFE2UIProbe')
    cd /tmp/solosoul-fe2-ios-account-themes-ui-20261008
    builtin-copy -exclude .DS_Store -exclude CVS -exclude .svn -exclude .git -exclude .hg -resolve-src-symlinks -rename /tmp/solosoul-fe2-ios-account-themes-ui-20261008/DerivedData/Build/Intermediates.noindex/SoloSoulFE2UIProbe.build/Debug-iphonesimulator/ProbeHost.build/Objects-normal/arm64/ProbeHost.swiftmodule /tmp/solosoul-fe2-ios-account-themes-ui-20261008/DerivedData/Build/Products/Debug-iphonesimulator/ProbeHost.swiftmodule/arm64-apple-ios-simulator.swiftmodule

Copy /tmp/solosoul-fe2-ios-account-themes-ui-20261008/DerivedData/Build/Products/Debug-iphonesimulator/ProbeHost.swiftmodule/arm64-apple-ios-simulator.swiftdoc /tmp/solosoul-fe2-ios-account-themes-ui-20261008/DerivedData/Build/Intermediates.noindex/SoloSoulFE2UIProbe.build/Debug-iphonesimulator/ProbeHost.build/Objects-normal/arm64/ProbeHost.swiftdoc (in target 'ProbeHost' from project 'SoloSoulFE2UIProbe')
    cd /tmp/solosoul-fe2-ios-account-themes-ui-20261008
    builtin-copy -exclude .DS_Store -exclude CVS -exclude .svn -exclude .git -exclude .hg -resolve-src-symlinks -rename /tmp/solosoul-fe2-ios-account-themes-ui-20261008/DerivedData/Build/Intermediates.noindex/SoloSoulFE2UIProbe.build/Debug-iphonesimulator/ProbeHost.build/Objects-normal/arm64/ProbeHost.swiftdoc /tmp/solosoul-fe2-ios-account-themes-ui-20261008/DerivedData/Build/Products/Debug-iphonesimulator/ProbeHost.swiftmodule/arm64-apple-ios-simulator.swiftdoc

Copy /tmp/solosoul-fe2-ios-account-themes-ui-20261008/DerivedData/Build/Products/Debug-iphonesimulator/ProbeHost.swiftmodule/Project/arm64-apple-ios-simulator.swiftsourceinfo /tmp/solosoul-fe2-ios-account-themes-ui-20261008/DerivedData/Build/Intermediates.noindex/SoloSoulFE2UIProbe.build/Debug-iphonesimulator/ProbeHost.build/Objects-normal/arm64/ProbeHost.swiftsourceinfo (in target 'ProbeHost' from project 'SoloSoulFE2UIProbe')
    cd /tmp/solosoul-fe2-ios-account-themes-ui-20261008
    builtin-copy -exclude .DS_Store -exclude CVS -exclude .svn -exclude .git -exclude .hg -resolve-src-symlinks -rename /tmp/solosoul-fe2-ios-account-themes-ui-20261008/DerivedData/Build/Intermediates.noindex/SoloSoulFE2UIProbe.build/Debug-iphonesimulator/ProbeHost.build/Objects-normal/arm64/ProbeHost.swiftsourceinfo /tmp/solosoul-fe2-ios-account-themes-ui-20261008/DerivedData/Build/Products/Debug-iphonesimulator/ProbeHost.swiftmodule/Project/arm64-apple-ios-simulator.swiftsourceinfo

SwiftDriver ProbeTests normal arm64 com.apple.xcode.tools.swift.compiler (in target 'ProbeTests' from project 'SoloSoulFE2UIProbe')
    cd /tmp/solosoul-fe2-ios-account-themes-ui-20261008
    builtin-SwiftDriver -- /Applications/Xcode.app/Contents/Developer/Toolchains/XcodeDefault.xctoolchain/usr/bin/swiftc -module-name ProbeTests -Onone -enforce-exclusivity\=checked @/tmp/solosoul-fe2-ios-account-themes-ui-20261008/DerivedData/Build/Intermediates.noindex/SoloSoulFE2UIProbe.build/Debug-iphonesimulator/ProbeTests.build/Objects-normal/arm64/ProbeTests.SwiftFileList -DDEBUG -module-alias Testing\=_Testing_Unavailable -plugin-path /Applications/Xcode.app/Contents/Developer/Toolchains/XcodeDefault.xctoolchain/usr/lib/swift/host/plugins/testing -enable-bare-slash-regex -enable-experimental-feature DebugDescriptionMacro -sdk /Applications/Xcode.app/Contents/Developer/Platforms/iPhoneSimulator.platform/Developer/SDKs/iPhoneSimulator26.2.sdk -target arm64-apple-ios14.0-simulator -g -module-cache-path /tmp/solosoul-fe2-ios-account-themes-ui-20261008/DerivedData/ModuleCache.noindex -Xfrontend -serialize-debugging-options -enable-testing -index-store-path /tmp/solosoul-fe2-ios-account-themes-ui-20261008/DerivedData/Index.noindex/DataStore -Xcc -D_LIBCPP_HARDENING_MODE\=_LIBCPP_HARDENING_MODE_DEBUG -swift-version 5 -I /tmp/solosoul-fe2-ios-account-themes-ui-20261008/DerivedData/Build/Products/Debug-iphonesimulator -Isystem /Applications/Xcode.app/Contents/Developer/Platforms/iPhoneSimulator.platform/Developer/usr/lib -F /tmp/solosoul-fe2-ios-account-themes-ui-20261008/DerivedData/Build/Products/Debug-iphonesimulator -F /Applications/Xcode.app/Contents/Developer/Platforms/iPhoneSimulator.platform/Developer/Library/Frameworks -F /Applications/Xcode.app/Contents/Developer/Platforms/iPhoneSimulator.platform/Developer/SDKs/iPhoneSimulator26.2.sdk/Developer/Library/Frameworks -parse-as-library -c -j8 -enable-batch-mode -incremental -Xcc -ivfsstatcache -Xcc /tmp/solosoul-fe2-ios-account-themes-ui-20261008/DerivedData/SDKStatCaches.noindex/iphonesimulator26.2-23C57-7d00a8b37fbd7999ea79df8ebc024bf0.sdkstatcache -output-file-map /tmp/solosoul-fe2-ios-account-themes-ui-20261008/DerivedData/Build/Intermediates.noindex/SoloSoulFE2UIProbe.build/Debug-iphonesimulator/ProbeTests.build/Objects-normal/arm64/ProbeTests-OutputFileMap.json -use-frontend-parseable-output -save-temps -no-color-diagnostics -explicit-module-build -module-cache-path /tmp/solosoul-fe2-ios-account-themes-ui-20261008/DerivedData/Build/Intermediates.noindex/SwiftExplicitPrecompiledModules -clang-scanner-module-cache-path /tmp/solosoul-fe2-ios-account-themes-ui-20261008/DerivedData/ModuleCache.noindex -sdk-module-cache-path /tmp/solosoul-fe2-ios-account-themes-ui-20261008/DerivedData/ModuleCache.noindex -serialize-diagnostics -emit-dependencies -emit-module -emit-module-path /tmp/solosoul-fe2-ios-account-themes-ui-20261008/DerivedData/Build/Intermediates.noindex/SoloSoulFE2UIProbe.build/Debug-iphonesimulator/ProbeTests.build/Objects-normal/arm64/ProbeTests.swiftmodule -validate-clang-modules-once -clang-build-session-file /tmp/solosoul-fe2-ios-account-themes-ui-20261008/DerivedData/ModuleCache.noindex/Session.modulevalidation -Xcc -I/tmp/solosoul-fe2-ios-account-themes-ui-20261008/DerivedData/Build/Intermediates.noindex/SoloSoulFE2UIProbe.build/Debug-iphonesimulator/ProbeTests.build/swift-overrides.hmap -emit-const-values -Xfrontend -const-gather-protocols-file -Xfrontend /tmp/solosoul-fe2-ios-account-themes-ui-20261008/DerivedData/Build/Intermediates.noindex/SoloSoulFE2UIProbe.build/Debug-iphonesimulator/ProbeTests.build/Objects-normal/arm64/ProbeTests_const_extract_protocols.json -Xcc -iquote -Xcc /tmp/solosoul-fe2-ios-account-themes-ui-20261008/DerivedData/Build/Intermediates.noindex/SoloSoulFE2UIProbe.build/Debug-iphonesimulator/ProbeTests.build/ProbeTests-generated-files.hmap -Xcc -I/tmp/solosoul-fe2-ios-account-themes-ui-20261008/DerivedData/Build/Intermediates.noindex/SoloSoulFE2UIProbe.build/Debug-iphonesimulator/ProbeTests.build/ProbeTests-own-target-headers.hmap -Xcc -I/tmp/solosoul-fe2-ios-account-themes-ui-20261008/DerivedData/Build/Intermediates.noindex/SoloSoulFE2UIProbe.build/Debug-iphonesimulator/ProbeTests.build/ProbeTests-all-target-headers.hmap -Xcc -iquote -Xcc /tmp/solosoul-fe2-ios-account-themes-ui-20261008/DerivedData/Build/Intermediates.noindex/SoloSoulFE2UIProbe.build/Debug-iphonesimulator/ProbeTests.build/ProbeTests-project-headers.hmap -Xcc -I/tmp/solosoul-fe2-ios-account-themes-ui-20261008/DerivedData/Build/Products/Debug-iphonesimulator/include -Xcc -I/tmp/solosoul-fe2-ios-account-themes-ui-20261008/DerivedData/Build/Intermediates.noindex/SoloSoulFE2UIProbe.build/Debug-iphonesimulator/ProbeTests.build/DerivedSources-normal/arm64 -Xcc -I/tmp/solosoul-fe2-ios-account-themes-ui-20261008/DerivedData/Build/Intermediates.noindex/SoloSoulFE2UIProbe.build/Debug-iphonesimulator/ProbeTests.build/DerivedSources/arm64 -Xcc -I/tmp/solosoul-fe2-ios-account-themes-ui-20261008/DerivedData/Build/Intermediates.noindex/SoloSoulFE2UIProbe.build/Debug-iphonesimulator/ProbeTests.build/DerivedSources -Xcc -DDEBUG\=1 -emit-objc-header -emit-objc-header-path /tmp/solosoul-fe2-ios-account-themes-ui-20261008/DerivedData/Build/Intermediates.noindex/SoloSoulFE2UIProbe.build/Debug-iphonesimulator/ProbeTests.build/Objects-normal/arm64/ProbeTests-Swift.h -working-directory /tmp/solosoul-fe2-ios-account-themes-ui-20261008 -experimental-emit-module-separately -disable-cmo

SwiftExplicitDependencyGeneratePcm arm64 /tmp/solosoul-fe2-ios-account-themes-ui-20261008/DerivedData/Build/Intermediates.noindex/SwiftExplicitPrecompiledModules/XCUIAutomation-7ZE3KB88OPG1MURX9I33I3ESL.pcm

SwiftExplicitDependencyCompileModuleFromInterface arm64 /tmp/solosoul-fe2-ios-account-themes-ui-20261008/DerivedData/Build/Intermediates.noindex/SwiftExplicitPrecompiledModules/XCUIAutomation-2U4NB0287IFXB.swiftmodule

SwiftExplicitDependencyGeneratePcm arm64 /tmp/solosoul-fe2-ios-account-themes-ui-20261008/DerivedData/Build/Intermediates.noindex/SwiftExplicitPrecompiledModules/XCTest-E7P9X8BGDCULU290K2YWXM022.pcm

SwiftExplicitDependencyCompileModuleFromInterface arm64 /tmp/solosoul-fe2-ios-account-themes-ui-20261008/DerivedData/Build/Intermediates.noindex/SwiftExplicitPrecompiledModules/XCTest-QZCOPVOX6DO1.swiftmodule

SwiftEmitModule normal arm64 Emitting\ module\ for\ ProbeTests (in target 'ProbeTests' from project 'SoloSoulFE2UIProbe')

SwiftCompile normal arm64 /tmp/solosoul-fe2-ios-account-themes-ui-20261008/Tests/ProbeTests.swift (in target 'ProbeTests' from project 'SoloSoulFE2UIProbe')
    cd /tmp/solosoul-fe2-ios-account-themes-ui-20261008
    

SwiftCompile normal arm64 Compiling\ ProbeTests.swift /tmp/solosoul-fe2-ios-account-themes-ui-20261008/Tests/ProbeTests.swift (in target 'ProbeTests' from project 'SoloSoulFE2UIProbe')
SwiftCompile normal arm64 /tmp/solosoul-fe2-ios-account-themes-ui-20261008/Tests/ProbeTests.swift (in target 'ProbeTests' from project 'SoloSoulFE2UIProbe')
    cd /tmp/solosoul-fe2-ios-account-themes-ui-20261008
    

SwiftDriverJobDiscovery normal arm64 Emitting module for ProbeTests (in target 'ProbeTests' from project 'SoloSoulFE2UIProbe')

SwiftDriver\ Compilation\ Requirements ProbeTests normal arm64 com.apple.xcode.tools.swift.compiler (in target 'ProbeTests' from project 'SoloSoulFE2UIProbe')
    cd /tmp/solosoul-fe2-ios-account-themes-ui-20261008
    builtin-Swift-Compilation-Requirements -- /Applications/Xcode.app/Contents/Developer/Toolchains/XcodeDefault.xctoolchain/usr/bin/swiftc -module-name ProbeTests -Onone -enforce-exclusivity\=checked @/tmp/solosoul-fe2-ios-account-themes-ui-20261008/DerivedData/Build/Intermediates.noindex/SoloSoulFE2UIProbe.build/Debug-iphonesimulator/ProbeTests.build/Objects-normal/arm64/ProbeTests.SwiftFileList -DDEBUG -module-alias Testing\=_Testing_Unavailable -plugin-path /Applications/Xcode.app/Contents/Developer/Toolchains/XcodeDefault.xctoolchain/usr/lib/swift/host/plugins/testing -enable-bare-slash-regex -enable-experimental-feature DebugDescriptionMacro -sdk /Applications/Xcode.app/Contents/Developer/Platforms/iPhoneSimulator.platform/Developer/SDKs/iPhoneSimulator26.2.sdk -target arm64-apple-ios14.0-simulator -g -module-cache-path /tmp/solosoul-fe2-ios-account-themes-ui-20261008/DerivedData/ModuleCache.noindex -Xfrontend -serialize-debugging-options -enable-testing -index-store-path /tmp/solosoul-fe2-ios-account-themes-ui-20261008/DerivedData/Index.noindex/DataStore -Xcc -D_LIBCPP_HARDENING_MODE\=_LIBCPP_HARDENING_MODE_DEBUG -swift-version 5 -I /tmp/solosoul-fe2-ios-account-themes-ui-20261008/DerivedData/Build/Products/Debug-iphonesimulator -Isystem /Applications/Xcode.app/Contents/Developer/Platforms/iPhoneSimulator.platform/Developer/usr/lib -F /tmp/solosoul-fe2-ios-account-themes-ui-20261008/DerivedData/Build/Products/Debug-iphonesimulator -F /Applications/Xcode.app/Contents/Developer/Platforms/iPhoneSimulator.platform/Developer/Library/Frameworks -F /Applications/Xcode.app/Contents/Developer/Platforms/iPhoneSimulator.platform/Developer/SDKs/iPhoneSimulator26.2.sdk/Developer/Library/Frameworks -parse-as-library -c -j8 -enable-batch-mode -incremental -Xcc -ivfsstatcache -Xcc /tmp/solosoul-fe2-ios-account-themes-ui-20261008/DerivedData/SDKStatCaches.noindex/iphonesimulator26.2-23C57-7d00a8b37fbd7999ea79df8ebc024bf0.sdkstatcache -output-file-map /tmp/solosoul-fe2-ios-account-themes-ui-20261008/DerivedData/Build/Intermediates.noindex/SoloSoulFE2UIProbe.build/Debug-iphonesimulator/ProbeTests.build/Objects-normal/arm64/ProbeTests-OutputFileMap.json -use-frontend-parseable-output -save-temps -no-color-diagnostics -explicit-module-build -module-cache-path /tmp/solosoul-fe2-ios-account-themes-ui-20261008/DerivedData/Build/Intermediates.noindex/SwiftExplicitPrecompiledModules -clang-scanner-module-cache-path /tmp/solosoul-fe2-ios-account-themes-ui-20261008/DerivedData/ModuleCache.noindex -sdk-module-cache-path /tmp/solosoul-fe2-ios-account-themes-ui-20261008/DerivedData/ModuleCache.noindex -serialize-diagnostics -emit-dependencies -emit-module -emit-module-path /tmp/solosoul-fe2-ios-account-themes-ui-20261008/DerivedData/Build/Intermediates.noindex/SoloSoulFE2UIProbe.build/Debug-iphonesimulator/ProbeTests.build/Objects-normal/arm64/ProbeTests.swiftmodule -validate-clang-modules-once -clang-build-session-file /tmp/solosoul-fe2-ios-account-themes-ui-20261008/DerivedData/ModuleCache.noindex/Session.modulevalidation -Xcc -I/tmp/solosoul-fe2-ios-account-themes-ui-20261008/DerivedData/Build/Intermediates.noindex/SoloSoulFE2UIProbe.build/Debug-iphonesimulator/ProbeTests.build/swift-overrides.hmap -emit-const-values -Xfrontend -const-gather-protocols-file -Xfrontend /tmp/solosoul-fe2-ios-account-themes-ui-20261008/DerivedData/Build/Intermediates.noindex/SoloSoulFE2UIProbe.build/Debug-iphonesimulator/ProbeTests.build/Objects-normal/arm64/ProbeTests_const_extract_protocols.json -Xcc -iquote -Xcc /tmp/solosoul-fe2-ios-account-themes-ui-20261008/DerivedData/Build/Intermediates.noindex/SoloSoulFE2UIProbe.build/Debug-iphonesimulator/ProbeTests.build/ProbeTests-generated-files.hmap -Xcc -I/tmp/solosoul-fe2-ios-account-themes-ui-20261008/DerivedData/Build/Intermediates.noindex/SoloSoulFE2UIProbe.build/Debug-iphonesimulator/ProbeTests.build/ProbeTests-own-target-headers.hmap -Xcc -I/tmp/solosoul-fe2-ios-account-themes-ui-20261008/DerivedData/Build/Intermediates.noindex/SoloSoulFE2UIProbe.build/Debug-iphonesimulator/ProbeTests.build/ProbeTests-all-target-headers.hmap -Xcc -iquote -Xcc /tmp/solosoul-fe2-ios-account-themes-ui-20261008/DerivedData/Build/Intermediates.noindex/SoloSoulFE2UIProbe.build/Debug-iphonesimulator/ProbeTests.build/ProbeTests-project-headers.hmap -Xcc -I/tmp/solosoul-fe2-ios-account-themes-ui-20261008/DerivedData/Build/Products/Debug-iphonesimulator/include -Xcc -I/tmp/solosoul-fe2-ios-account-themes-ui-20261008/DerivedData/Build/Intermediates.noindex/SoloSoulFE2UIProbe.build/Debug-iphonesimulator/ProbeTests.build/DerivedSources-normal/arm64 -Xcc -I/tmp/solosoul-fe2-ios-account-themes-ui-20261008/DerivedData/Build/Intermediates.noindex/SoloSoulFE2UIProbe.build/Debug-iphonesimulator/ProbeTests.build/DerivedSources/arm64 -Xcc -I/tmp/solosoul-fe2-ios-account-themes-ui-20261008/DerivedData/Build/Intermediates.noindex/SoloSoulFE2UIProbe.build/Debug-iphonesimulator/ProbeTests.build/DerivedSources -Xcc -DDEBUG\=1 -emit-objc-header -emit-objc-header-path /tmp/solosoul-fe2-ios-account-themes-ui-20261008/DerivedData/Build/Intermediates.noindex/SoloSoulFE2UIProbe.build/Debug-iphonesimulator/ProbeTests.build/Objects-normal/arm64/ProbeTests-Swift.h -working-directory /tmp/solosoul-fe2-ios-account-themes-ui-20261008 -experimental-emit-module-separately -disable-cmo

SwiftMergeGeneratedHeaders /tmp/solosoul-fe2-ios-account-themes-ui-20261008/DerivedData/Build/Intermediates.noindex/SoloSoulFE2UIProbe.build/Debug-iphonesimulator/ProbeTests.build/DerivedSources/ProbeTests-Swift.h /tmp/solosoul-fe2-ios-account-themes-ui-20261008/DerivedData/Build/Intermediates.noindex/SoloSoulFE2UIProbe.build/Debug-iphonesimulator/ProbeTests.build/Objects-normal/arm64/ProbeTests-Swift.h (in target 'ProbeTests' from project 'SoloSoulFE2UIProbe')
    cd /tmp/solosoul-fe2-ios-account-themes-ui-20261008
    builtin-swiftHeaderTool -arch arm64 /tmp/solosoul-fe2-ios-account-themes-ui-20261008/DerivedData/Build/Intermediates.noindex/SoloSoulFE2UIProbe.build/Debug-iphonesimulator/ProbeTests.build/Objects-normal/arm64/ProbeTests-Swift.h -o /tmp/solosoul-fe2-ios-account-themes-ui-20261008/DerivedData/Build/Intermediates.noindex/SoloSoulFE2UIProbe.build/Debug-iphonesimulator/ProbeTests.build/DerivedSources/ProbeTests-Swift.h

Copy /tmp/solosoul-fe2-ios-account-themes-ui-20261008/DerivedData/Build/Products/Debug-iphonesimulator/ProbeTests.swiftmodule/arm64-apple-ios-simulator.swiftmodule /tmp/solosoul-fe2-ios-account-themes-ui-20261008/DerivedData/Build/Intermediates.noindex/SoloSoulFE2UIProbe.build/Debug-iphonesimulator/ProbeTests.build/Objects-normal/arm64/ProbeTests.swiftmodule (in target 'ProbeTests' from project 'SoloSoulFE2UIProbe')
    cd /tmp/solosoul-fe2-ios-account-themes-ui-20261008
    builtin-copy -exclude .DS_Store -exclude CVS -exclude .svn -exclude .git -exclude .hg -resolve-src-symlinks -rename /tmp/solosoul-fe2-ios-account-themes-ui-20261008/DerivedData/Build/Intermediates.noindex/SoloSoulFE2UIProbe.build/Debug-iphonesimulator/ProbeTests.build/Objects-normal/arm64/ProbeTests.swiftmodule /tmp/solosoul-fe2-ios-account-themes-ui-20261008/DerivedData/Build/Products/Debug-iphonesimulator/ProbeTests.swiftmodule/arm64-apple-ios-simulator.swiftmodule

Copy /tmp/solosoul-fe2-ios-account-themes-ui-20261008/DerivedData/Build/Products/Debug-iphonesimulator/ProbeTests.swiftmodule/arm64-apple-ios-simulator.swiftdoc /tmp/solosoul-fe2-ios-account-themes-ui-20261008/DerivedData/Build/Intermediates.noindex/SoloSoulFE2UIProbe.build/Debug-iphonesimulator/ProbeTests.build/Objects-normal/arm64/ProbeTests.swiftdoc (in target 'ProbeTests' from project 'SoloSoulFE2UIProbe')
    cd /tmp/solosoul-fe2-ios-account-themes-ui-20261008
    builtin-copy -exclude .DS_Store -exclude CVS -exclude .svn -exclude .git -exclude .hg -resolve-src-symlinks -rename /tmp/solosoul-fe2-ios-account-themes-ui-20261008/DerivedData/Build/Intermediates.noindex/SoloSoulFE2UIProbe.build/Debug-iphonesimulator/ProbeTests.build/Objects-normal/arm64/ProbeTests.swiftdoc /tmp/solosoul-fe2-ios-account-themes-ui-20261008/DerivedData/Build/Products/Debug-iphonesimulator/ProbeTests.swiftmodule/arm64-apple-ios-simulator.swiftdoc

Copy /tmp/solosoul-fe2-ios-account-themes-ui-20261008/DerivedData/Build/Products/Debug-iphonesimulator/ProbeTests.swiftmodule/arm64-apple-ios-simulator.abi.json /tmp/solosoul-fe2-ios-account-themes-ui-20261008/DerivedData/Build/Intermediates.noindex/SoloSoulFE2UIProbe.build/Debug-iphonesimulator/ProbeTests.build/Objects-normal/arm64/ProbeTests.abi.json (in target 'ProbeTests' from project 'SoloSoulFE2UIProbe')
    cd /tmp/solosoul-fe2-ios-account-themes-ui-20261008
    builtin-copy -exclude .DS_Store -exclude CVS -exclude .svn -exclude .git -exclude .hg -resolve-src-symlinks -rename /tmp/solosoul-fe2-ios-account-themes-ui-20261008/DerivedData/Build/Intermediates.noindex/SoloSoulFE2UIProbe.build/Debug-iphonesimulator/ProbeTests.build/Objects-normal/arm64/ProbeTests.abi.json /tmp/solosoul-fe2-ios-account-themes-ui-20261008/DerivedData/Build/Products/Debug-iphonesimulator/ProbeTests.swiftmodule/arm64-apple-ios-simulator.abi.json

Copy /tmp/solosoul-fe2-ios-account-themes-ui-20261008/DerivedData/Build/Products/Debug-iphonesimulator/ProbeTests.swiftmodule/Project/arm64-apple-ios-simulator.swiftsourceinfo /tmp/solosoul-fe2-ios-account-themes-ui-20261008/DerivedData/Build/Intermediates.noindex/SoloSoulFE2UIProbe.build/Debug-iphonesimulator/ProbeTests.build/Objects-normal/arm64/ProbeTests.swiftsourceinfo (in target 'ProbeTests' from project 'SoloSoulFE2UIProbe')
    cd /tmp/solosoul-fe2-ios-account-themes-ui-20261008
    builtin-copy -exclude .DS_Store -exclude CVS -exclude .svn -exclude .git -exclude .hg -resolve-src-symlinks -rename /tmp/solosoul-fe2-ios-account-themes-ui-20261008/DerivedData/Build/Intermediates.noindex/SoloSoulFE2UIProbe.build/Debug-iphonesimulator/ProbeTests.build/Objects-normal/arm64/ProbeTests.swiftsourceinfo /tmp/solosoul-fe2-ios-account-themes-ui-20261008/DerivedData/Build/Products/Debug-iphonesimulator/ProbeTests.swiftmodule/Project/arm64-apple-ios-simulator.swiftsourceinfo

SwiftDriverJobDiscovery normal arm64 Compiling AppDelegate.swift (in target 'ProbeHost' from project 'SoloSoulFE2UIProbe')

SwiftDriver\ Compilation ProbeHost normal arm64 com.apple.xcode.tools.swift.compiler (in target 'ProbeHost' from project 'SoloSoulFE2UIProbe')
    cd /tmp/solosoul-fe2-ios-account-themes-ui-20261008
    builtin-Swift-Compilation -- /Applications/Xcode.app/Contents/Developer/Toolchains/XcodeDefault.xctoolchain/usr/bin/swiftc -module-name ProbeHost -Onone -enforce-exclusivity\=checked @/tmp/solosoul-fe2-ios-account-themes-ui-20261008/DerivedData/Build/Intermediates.noindex/SoloSoulFE2UIProbe.build/Debug-iphonesimulator/ProbeHost.build/Objects-normal/arm64/ProbeHost.SwiftFileList -DDEBUG -enable-bare-slash-regex -enable-experimental-feature DebugDescriptionMacro -sdk /Applications/Xcode.app/Contents/Developer/Platforms/iPhoneSimulator.platform/Developer/SDKs/iPhoneSimulator26.2.sdk -target arm64-apple-ios14.0-simulator -g -module-cache-path /tmp/solosoul-fe2-ios-account-themes-ui-20261008/DerivedData/ModuleCache.noindex -Xfrontend -serialize-debugging-options -enable-testing -index-store-path /tmp/solosoul-fe2-ios-account-themes-ui-20261008/DerivedData/Index.noindex/DataStore -Xcc -D_LIBCPP_HARDENING_MODE\=_LIBCPP_HARDENING_MODE_DEBUG -swift-version 5 -I /tmp/solosoul-fe2-ios-account-themes-ui-20261008/DerivedData/Build/Products/Debug-iphonesimulator -F /tmp/solosoul-fe2-ios-account-themes-ui-20261008/DerivedData/Build/Products/Debug-iphonesimulator -parse-as-library -c -j8 -enable-batch-mode -incremental -Xcc -ivfsstatcache -Xcc /tmp/solosoul-fe2-ios-account-themes-ui-20261008/DerivedData/SDKStatCaches.noindex/iphonesimulator26.2-23C57-7d00a8b37fbd7999ea79df8ebc024bf0.sdkstatcache -output-file-map /tmp/solosoul-fe2-ios-account-themes-ui-20261008/DerivedData/Build/Intermediates.noindex/SoloSoulFE2UIProbe.build/Debug-iphonesimulator/ProbeHost.build/Objects-normal/arm64/ProbeHost-OutputFileMap.json -use-frontend-parseable-output -save-temps -no-color-diagnostics -explicit-module-build -module-cache-path /tmp/solosoul-fe2-ios-account-themes-ui-20261008/DerivedData/Build/Intermediates.noindex/SwiftExplicitPrecompiledModules -clang-scanner-module-cache-path /tmp/solosoul-fe2-ios-account-themes-ui-20261008/DerivedData/ModuleCache.noindex -sdk-module-cache-path /tmp/solosoul-fe2-ios-account-themes-ui-20261008/DerivedData/ModuleCache.noindex -serialize-diagnostics -emit-dependencies -emit-module -emit-module-path /tmp/solosoul-fe2-ios-account-themes-ui-20261008/DerivedData/Build/Intermediates.noindex/SoloSoulFE2UIProbe.build/Debug-iphonesimulator/ProbeHost.build/Objects-normal/arm64/ProbeHost.swiftmodule -validate-clang-modules-once -clang-build-session-file /tmp/solosoul-fe2-ios-account-themes-ui-20261008/DerivedData/ModuleCache.noindex/Session.modulevalidation -Xcc -I/tmp/solosoul-fe2-ios-account-themes-ui-20261008/DerivedData/Build/Intermediates.noindex/SoloSoulFE2UIProbe.build/Debug-iphonesimulator/ProbeHost.build/swift-overrides.hmap -emit-const-values -Xfrontend -const-gather-protocols-file -Xfrontend /tmp/solosoul-fe2-ios-account-themes-ui-20261008/DerivedData/Build/Intermediates.noindex/SoloSoulFE2UIProbe.build/Debug-iphonesimulator/ProbeHost.build/Objects-normal/arm64/ProbeHost_const_extract_protocols.json -Xcc -iquote -Xcc /tmp/solosoul-fe2-ios-account-themes-ui-20261008/DerivedData/Build/Intermediates.noindex/SoloSoulFE2UIProbe.build/Debug-iphonesimulator/ProbeHost.build/ProbeHost-generated-files.hmap -Xcc -I/tmp/solosoul-fe2-ios-account-themes-ui-20261008/DerivedData/Build/Intermediates.noindex/SoloSoulFE2UIProbe.build/Debug-iphonesimulator/ProbeHost.build/ProbeHost-own-target-headers.hmap -Xcc -I/tmp/solosoul-fe2-ios-account-themes-ui-20261008/DerivedData/Build/Intermediates.noindex/SoloSoulFE2UIProbe.build/Debug-iphonesimulator/ProbeHost.build/ProbeHost-all-target-headers.hmap -Xcc -iquote -Xcc /tmp/solosoul-fe2-ios-account-themes-ui-20261008/DerivedData/Build/Intermediates.noindex/SoloSoulFE2UIProbe.build/Debug-iphonesimulator/ProbeHost.build/ProbeHost-project-headers.hmap -Xcc -I/tmp/solosoul-fe2-ios-account-themes-ui-20261008/DerivedData/Build/Products/Debug-iphonesimulator/include -Xcc -I/tmp/solosoul-fe2-ios-account-themes-ui-20261008/DerivedData/Build/Intermediates.noindex/SoloSoulFE2UIProbe.build/Debug-iphonesimulator/ProbeHost.build/DerivedSources-normal/arm64 -Xcc -I/tmp/solosoul-fe2-ios-account-themes-ui-20261008/DerivedData/Build/Intermediates.noindex/SoloSoulFE2UIProbe.build/Debug-iphonesimulator/ProbeHost.build/DerivedSources/arm64 -Xcc -I/tmp/solosoul-fe2-ios-account-themes-ui-20261008/DerivedData/Build/Intermediates.noindex/SoloSoulFE2UIProbe.build/Debug-iphonesimulator/ProbeHost.build/DerivedSources -Xcc -DDEBUG\=1 -emit-objc-header -emit-objc-header-path /tmp/solosoul-fe2-ios-account-themes-ui-20261008/DerivedData/Build/Intermediates.noindex/SoloSoulFE2UIProbe.build/Debug-iphonesimulator/ProbeHost.build/Objects-normal/arm64/ProbeHost-Swift.h -working-directory /tmp/solosoul-fe2-ios-account-themes-ui-20261008 -experimental-emit-module-separately -disable-cmo

Ld /tmp/solosoul-fe2-ios-account-themes-ui-20261008/DerivedData/Build/Products/Debug-iphonesimulator/ProbeHost.app/ProbeHost.debug.dylib normal (in target 'ProbeHost' from project 'SoloSoulFE2UIProbe')
    cd /tmp/solosoul-fe2-ios-account-themes-ui-20261008
    /Applications/Xcode.app/Contents/Developer/Toolchains/XcodeDefault.xctoolchain/usr/bin/clang -Xlinker -reproducible -target arm64-apple-ios14.0-simulator -dynamiclib -isysroot /Applications/Xcode.app/Contents/Developer/Platforms/iPhoneSimulator.platform/Developer/SDKs/iPhoneSimulator26.2.sdk -O0 -L/tmp/solosoul-fe2-ios-account-themes-ui-20261008/DerivedData/Build/Intermediates.noindex/EagerLinkingTBDs/Debug-iphonesimulator -L/tmp/solosoul-fe2-ios-account-themes-ui-20261008/DerivedData/Build/Products/Debug-iphonesimulator -F/tmp/solosoul-fe2-ios-account-themes-ui-20261008/DerivedData/Build/Intermediates.noindex/EagerLinkingTBDs/Debug-iphonesimulator -F/tmp/solosoul-fe2-ios-account-themes-ui-20261008/DerivedData/Build/Products/Debug-iphonesimulator -filelist /tmp/solosoul-fe2-ios-account-themes-ui-20261008/DerivedData/Build/Intermediates.noindex/SoloSoulFE2UIProbe.build/Debug-iphonesimulator/ProbeHost.build/Objects-normal/arm64/ProbeHost.LinkFileList -install_name @rpath/ProbeHost.debug.dylib -Xlinker -rpath -Xlinker /usr/lib/swift -Xlinker -rpath -Xlinker @executable_path/Frameworks -dead_strip -Xlinker -object_path_lto -Xlinker /tmp/solosoul-fe2-ios-account-themes-ui-20261008/DerivedData/Build/Intermediates.noindex/SoloSoulFE2UIProbe.build/Debug-iphonesimulator/ProbeHost.build/Objects-normal/arm64/ProbeHost_lto.o -rdynamic -Xlinker -no_deduplicate -Xlinker -objc_abi_version -Xlinker 2 -Xlinker -dependency_info -Xlinker /tmp/solosoul-fe2-ios-account-themes-ui-20261008/DerivedData/Build/Intermediates.noindex/SoloSoulFE2UIProbe.build/Debug-iphonesimulator/ProbeHost.build/Objects-normal/arm64/ProbeHost_dependency_info.dat -fobjc-link-runtime -L/Applications/Xcode.app/Contents/Developer/Toolchains/XcodeDefault.xctoolchain/usr/lib/swift/iphonesimulator -L/usr/lib/swift -Xlinker -add_ast_path -Xlinker /tmp/solosoul-fe2-ios-account-themes-ui-20261008/DerivedData/Build/Intermediates.noindex/SoloSoulFE2UIProbe.build/Debug-iphonesimulator/ProbeHost.build/Objects-normal/arm64/ProbeHost.swiftmodule @/tmp/solosoul-fe2-ios-account-themes-ui-20261008/DerivedData/Build/Intermediates.noindex/SoloSoulFE2UIProbe.build/Debug-iphonesimulator/ProbeHost.build/Objects-normal/arm64/ProbeHost-linker-args.resp -Xlinker -alias -Xlinker _main -Xlinker ___debug_main_executable_dylib_entry_point -o /tmp/solosoul-fe2-ios-account-themes-ui-20261008/DerivedData/Build/Products/Debug-iphonesimulator/ProbeHost.app/ProbeHost.debug.dylib

SwiftDriverJobDiscovery normal arm64 Compiling ProbeTests.swift (in target 'ProbeTests' from project 'SoloSoulFE2UIProbe')

SwiftDriver\ Compilation ProbeTests normal arm64 com.apple.xcode.tools.swift.compiler (in target 'ProbeTests' from project 'SoloSoulFE2UIProbe')
    cd /tmp/solosoul-fe2-ios-account-themes-ui-20261008
    builtin-Swift-Compilation -- /Applications/Xcode.app/Contents/Developer/Toolchains/XcodeDefault.xctoolchain/usr/bin/swiftc -module-name ProbeTests -Onone -enforce-exclusivity\=checked @/tmp/solosoul-fe2-ios-account-themes-ui-20261008/DerivedData/Build/Intermediates.noindex/SoloSoulFE2UIProbe.build/Debug-iphonesimulator/ProbeTests.build/Objects-normal/arm64/ProbeTests.SwiftFileList -DDEBUG -module-alias Testing\=_Testing_Unavailable -plugin-path /Applications/Xcode.app/Contents/Developer/Toolchains/XcodeDefault.xctoolchain/usr/lib/swift/host/plugins/testing -enable-bare-slash-regex -enable-experimental-feature DebugDescriptionMacro -sdk /Applications/Xcode.app/Contents/Developer/Platforms/iPhoneSimulator.platform/Developer/SDKs/iPhoneSimulator26.2.sdk -target arm64-apple-ios14.0-simulator -g -module-cache-path /tmp/solosoul-fe2-ios-account-themes-ui-20261008/DerivedData/ModuleCache.noindex -Xfrontend -serialize-debugging-options -enable-testing -index-store-path /tmp/solosoul-fe2-ios-account-themes-ui-20261008/DerivedData/Index.noindex/DataStore -Xcc -D_LIBCPP_HARDENING_MODE\=_LIBCPP_HARDENING_MODE_DEBUG -swift-version 5 -I /tmp/solosoul-fe2-ios-account-themes-ui-20261008/DerivedData/Build/Products/Debug-iphonesimulator -Isystem /Applications/Xcode.app/Contents/Developer/Platforms/iPhoneSimulator.platform/Developer/usr/lib -F /tmp/solosoul-fe2-ios-account-themes-ui-20261008/DerivedData/Build/Products/Debug-iphonesimulator -F /Applications/Xcode.app/Contents/Developer/Platforms/iPhoneSimulator.platform/Developer/Library/Frameworks -F /Applications/Xcode.app/Contents/Developer/Platforms/iPhoneSimulator.platform/Developer/SDKs/iPhoneSimulator26.2.sdk/Developer/Library/Frameworks -parse-as-library -c -j8 -enable-batch-mode -incremental -Xcc -ivfsstatcache -Xcc /tmp/solosoul-fe2-ios-account-themes-ui-20261008/DerivedData/SDKStatCaches.noindex/iphonesimulator26.2-23C57-7d00a8b37fbd7999ea79df8ebc024bf0.sdkstatcache -output-file-map /tmp/solosoul-fe2-ios-account-themes-ui-20261008/DerivedData/Build/Intermediates.noindex/SoloSoulFE2UIProbe.build/Debug-iphonesimulator/ProbeTests.build/Objects-normal/arm64/ProbeTests-OutputFileMap.json -use-frontend-parseable-output -save-temps -no-color-diagnostics -explicit-module-build -module-cache-path /tmp/solosoul-fe2-ios-account-themes-ui-20261008/DerivedData/Build/Intermediates.noindex/SwiftExplicitPrecompiledModules -clang-scanner-module-cache-path /tmp/solosoul-fe2-ios-account-themes-ui-20261008/DerivedData/ModuleCache.noindex -sdk-module-cache-path /tmp/solosoul-fe2-ios-account-themes-ui-20261008/DerivedData/ModuleCache.noindex -serialize-diagnostics -emit-dependencies -emit-module -emit-module-path /tmp/solosoul-fe2-ios-account-themes-ui-20261008/DerivedData/Build/Intermediates.noindex/SoloSoulFE2UIProbe.build/Debug-iphonesimulator/ProbeTests.build/Objects-normal/arm64/ProbeTests.swiftmodule -validate-clang-modules-once -clang-build-session-file /tmp/solosoul-fe2-ios-account-themes-ui-20261008/DerivedData/ModuleCache.noindex/Session.modulevalidation -Xcc -I/tmp/solosoul-fe2-ios-account-themes-ui-20261008/DerivedData/Build/Intermediates.noindex/SoloSoulFE2UIProbe.build/Debug-iphonesimulator/ProbeTests.build/swift-overrides.hmap -emit-const-values -Xfrontend -const-gather-protocols-file -Xfrontend /tmp/solosoul-fe2-ios-account-themes-ui-20261008/DerivedData/Build/Intermediates.noindex/SoloSoulFE2UIProbe.build/Debug-iphonesimulator/ProbeTests.build/Objects-normal/arm64/ProbeTests_const_extract_protocols.json -Xcc -iquote -Xcc /tmp/solosoul-fe2-ios-account-themes-ui-20261008/DerivedData/Build/Intermediates.noindex/SoloSoulFE2UIProbe.build/Debug-iphonesimulator/ProbeTests.build/ProbeTests-generated-files.hmap -Xcc -I/tmp/solosoul-fe2-ios-account-themes-ui-20261008/DerivedData/Build/Intermediates.noindex/SoloSoulFE2UIProbe.build/Debug-iphonesimulator/ProbeTests.build/ProbeTests-own-target-headers.hmap -Xcc -I/tmp/solosoul-fe2-ios-account-themes-ui-20261008/DerivedData/Build/Intermediates.noindex/SoloSoulFE2UIProbe.build/Debug-iphonesimulator/ProbeTests.build/ProbeTests-all-target-headers.hmap -Xcc -iquote -Xcc /tmp/solosoul-fe2-ios-account-themes-ui-20261008/DerivedData/Build/Intermediates.noindex/SoloSoulFE2UIProbe.build/Debug-iphonesimulator/ProbeTests.build/ProbeTests-project-headers.hmap -Xcc -I/tmp/solosoul-fe2-ios-account-themes-ui-20261008/DerivedData/Build/Products/Debug-iphonesimulator/include -Xcc -I/tmp/solosoul-fe2-ios-account-themes-ui-20261008/DerivedData/Build/Intermediates.noindex/SoloSoulFE2UIProbe.build/Debug-iphonesimulator/ProbeTests.build/DerivedSources-normal/arm64 -Xcc -I/tmp/solosoul-fe2-ios-account-themes-ui-20261008/DerivedData/Build/Intermediates.noindex/SoloSoulFE2UIProbe.build/Debug-iphonesimulator/ProbeTests.build/DerivedSources/arm64 -Xcc -I/tmp/solosoul-fe2-ios-account-themes-ui-20261008/DerivedData/Build/Intermediates.noindex/SoloSoulFE2UIProbe.build/Debug-iphonesimulator/ProbeTests.build/DerivedSources -Xcc -DDEBUG\=1 -emit-objc-header -emit-objc-header-path /tmp/solosoul-fe2-ios-account-themes-ui-20261008/DerivedData/Build/Intermediates.noindex/SoloSoulFE2UIProbe.build/Debug-iphonesimulator/ProbeTests.build/Objects-normal/arm64/ProbeTests-Swift.h -working-directory /tmp/solosoul-fe2-ios-account-themes-ui-20261008 -experimental-emit-module-separately -disable-cmo

ConstructStubExecutorLinkFileList /tmp/solosoul-fe2-ios-account-themes-ui-20261008/DerivedData/Build/Intermediates.noindex/SoloSoulFE2UIProbe.build/Debug-iphonesimulator/ProbeHost.build/ProbeHost-ExecutorLinkFileList-normal-arm64.txt (in target 'ProbeHost' from project 'SoloSoulFE2UIProbe')
    cd /tmp/solosoul-fe2-ios-account-themes-ui-20261008
    construct-stub-executor-link-file-list /tmp/solosoul-fe2-ios-account-themes-ui-20261008/DerivedData/Build/Products/Debug-iphonesimulator/ProbeHost.app/ProbeHost.debug.dylib /Applications/Xcode.app/Contents/Developer/Platforms/iPhoneSimulator.platform/Developer/usr/lib/libPreviewsJITStubExecutor_no_swift_entry_point.a /Applications/Xcode.app/Contents/Developer/Platforms/iPhoneSimulator.platform/Developer/usr/lib/libPreviewsJITStubExecutor.a --output /tmp/solosoul-fe2-ios-account-themes-ui-20261008/DerivedData/Build/Intermediates.noindex/SoloSoulFE2UIProbe.build/Debug-iphonesimulator/ProbeHost.build/ProbeHost-ExecutorLinkFileList-normal-arm64.txt
note: Using stub executor library with Swift entry point. (in target 'ProbeHost' from project 'SoloSoulFE2UIProbe')

Ld /tmp/solosoul-fe2-ios-account-themes-ui-20261008/DerivedData/Build/Products/Debug-iphonesimulator/ProbeHost.app/ProbeHost normal (in target 'ProbeHost' from project 'SoloSoulFE2UIProbe')
    cd /tmp/solosoul-fe2-ios-account-themes-ui-20261008
    /Applications/Xcode.app/Contents/Developer/Toolchains/XcodeDefault.xctoolchain/usr/bin/clang -Xlinker -reproducible -target arm64-apple-ios14.0-simulator -isysroot /Applications/Xcode.app/Contents/Developer/Platforms/iPhoneSimulator.platform/Developer/SDKs/iPhoneSimulator26.2.sdk -O0 -L/tmp/solosoul-fe2-ios-account-themes-ui-20261008/DerivedData/Build/Products/Debug-iphonesimulator -F/tmp/solosoul-fe2-ios-account-themes-ui-20261008/DerivedData/Build/Products/Debug-iphonesimulator -Xlinker -rpath -Xlinker @executable_path -Xlinker -rpath -Xlinker @executable_path/Frameworks -rdynamic -Xlinker -no_deduplicate -Xlinker -objc_abi_version -Xlinker 2 -e ___debug_blank_executor_main -Xlinker -sectcreate -Xlinker __TEXT -Xlinker __debug_dylib -Xlinker /tmp/solosoul-fe2-ios-account-themes-ui-20261008/DerivedData/Build/Intermediates.noindex/SoloSoulFE2UIProbe.build/Debug-iphonesimulator/ProbeHost.build/ProbeHost-DebugDylibPath-normal-arm64.txt -Xlinker -sectcreate -Xlinker __TEXT -Xlinker __debug_instlnm -Xlinker /tmp/solosoul-fe2-ios-account-themes-ui-20261008/DerivedData/Build/Intermediates.noindex/SoloSoulFE2UIProbe.build/Debug-iphonesimulator/ProbeHost.build/ProbeHost-DebugDylibInstallName-normal-arm64.txt -Xlinker -filelist -Xlinker /tmp/solosoul-fe2-ios-account-themes-ui-20261008/DerivedData/Build/Intermediates.noindex/SoloSoulFE2UIProbe.build/Debug-iphonesimulator/ProbeHost.build/ProbeHost-ExecutorLinkFileList-normal-arm64.txt /tmp/solosoul-fe2-ios-account-themes-ui-20261008/DerivedData/Build/Products/Debug-iphonesimulator/ProbeHost.app/ProbeHost.debug.dylib -o /tmp/solosoul-fe2-ios-account-themes-ui-20261008/DerivedData/Build/Products/Debug-iphonesimulator/ProbeHost.app/ProbeHost

CopySwiftLibs /tmp/solosoul-fe2-ios-account-themes-ui-20261008/DerivedData/Build/Products/Debug-iphonesimulator/ProbeHost.app (in target 'ProbeHost' from project 'SoloSoulFE2UIProbe')
    cd /tmp/solosoul-fe2-ios-account-themes-ui-20261008
    builtin-swiftStdLibTool --copy --verbose --scan-executable /tmp/solosoul-fe2-ios-account-themes-ui-20261008/DerivedData/Build/Products/Debug-iphonesimulator/ProbeHost.app/ProbeHost.debug.dylib --scan-folder /tmp/solosoul-fe2-ios-account-themes-ui-20261008/DerivedData/Build/Products/Debug-iphonesimulator/ProbeHost.app/Frameworks --scan-folder /tmp/solosoul-fe2-ios-account-themes-ui-20261008/DerivedData/Build/Products/Debug-iphonesimulator/ProbeHost.app/PlugIns --scan-folder /tmp/solosoul-fe2-ios-account-themes-ui-20261008/DerivedData/Build/Products/Debug-iphonesimulator/ProbeHost.app/SystemExtensions --scan-folder /tmp/solosoul-fe2-ios-account-themes-ui-20261008/DerivedData/Build/Products/Debug-iphonesimulator/ProbeHost.app/Extensions --platform iphonesimulator --toolchain /Applications/Xcode.app/Contents/Developer/Toolchains/XcodeDefault.xctoolchain --destination /tmp/solosoul-fe2-ios-account-themes-ui-20261008/DerivedData/Build/Products/Debug-iphonesimulator/ProbeHost.app/Frameworks --strip-bitcode --strip-bitcode-tool /Applications/Xcode.app/Contents/Developer/Toolchains/XcodeDefault.xctoolchain/usr/bin/bitcode_strip --emit-dependency-info /tmp/solosoul-fe2-ios-account-themes-ui-20261008/DerivedData/Build/Intermediates.noindex/SoloSoulFE2UIProbe.build/Debug-iphonesimulator/ProbeHost.build/SwiftStdLibToolInputDependencies.dep --filter-for-swift-os
Ignoring --strip-bitcode because --sign was not passed

ExtractAppIntentsMetadata (in target 'ProbeHost' from project 'SoloSoulFE2UIProbe')
    cd /tmp/solosoul-fe2-ios-account-themes-ui-20261008
    /Applications/Xcode.app/Contents/Developer/Toolchains/XcodeDefault.xctoolchain/usr/bin/appintentsmetadataprocessor --toolchain-dir /Applications/Xcode.app/Contents/Developer/Toolchains/XcodeDefault.xctoolchain --module-name ProbeHost --sdk-root /Applications/Xcode.app/Contents/Developer/Platforms/iPhoneSimulator.platform/Developer/SDKs/iPhoneSimulator26.2.sdk --xcode-version 17C529 --platform-family iOS --deployment-target 14.0 --bundle-identifier com.solosoul.fe2.ios.probehost --output /tmp/solosoul-fe2-ios-account-themes-ui-20261008/DerivedData/Build/Products/Debug-iphonesimulator/ProbeHost.app --target-triple arm64-apple-ios14.0-simulator --binary-file /tmp/solosoul-fe2-ios-account-themes-ui-20261008/DerivedData/Build/Products/Debug-iphonesimulator/ProbeHost.app/ProbeHost --dependency-file /tmp/solosoul-fe2-ios-account-themes-ui-20261008/DerivedData/Build/Intermediates.noindex/SoloSoulFE2UIProbe.build/Debug-iphonesimulator/ProbeHost.build/Objects-normal/arm64/ProbeHost_dependency_info.dat --stringsdata-file /tmp/solosoul-fe2-ios-account-themes-ui-20261008/DerivedData/Build/Intermediates.noindex/SoloSoulFE2UIProbe.build/Debug-iphonesimulator/ProbeHost.build/Objects-normal/arm64/ExtractedAppShortcutsMetadata.stringsdata --source-file-list /tmp/solosoul-fe2-ios-account-themes-ui-20261008/DerivedData/Build/Intermediates.noindex/SoloSoulFE2UIProbe.build/Debug-iphonesimulator/ProbeHost.build/Objects-normal/arm64/ProbeHost.SwiftFileList --metadata-file-list /tmp/solosoul-fe2-ios-account-themes-ui-20261008/DerivedData/Build/Intermediates.noindex/SoloSoulFE2UIProbe.build/Debug-iphonesimulator/ProbeHost.build/ProbeHost.DependencyMetadataFileList --static-metadata-file-list /tmp/solosoul-fe2-ios-account-themes-ui-20261008/DerivedData/Build/Intermediates.noindex/SoloSoulFE2UIProbe.build/Debug-iphonesimulator/ProbeHost.build/ProbeHost.DependencyStaticMetadataFileList --swift-const-vals-list /tmp/solosoul-fe2-ios-account-themes-ui-20261008/DerivedData/Build/Intermediates.noindex/SoloSoulFE2UIProbe.build/Debug-iphonesimulator/ProbeHost.build/Objects-normal/arm64/ProbeHost.SwiftConstValuesFileList --compile-time-extraction --deployment-aware-processing --validate-assistant-intents --no-app-shortcuts-localization
2026-10-08 11:06:54.026 appintentsmetadataprocessor[97008:247653714] Starting appintentsmetadataprocessor export
2026-10-08 11:06:54.027 appintentsmetadataprocessor[97008:247653714] warning: Metadata extraction skipped. No AppIntents.framework dependency found.

AppIntentsSSUTraining (in target 'ProbeHost' from project 'SoloSoulFE2UIProbe')
    cd /tmp/solosoul-fe2-ios-account-themes-ui-20261008
    /Applications/Xcode.app/Contents/Developer/Toolchains/XcodeDefault.xctoolchain/usr/bin/appintentsnltrainingprocessor --infoplist-path /tmp/solosoul-fe2-ios-account-themes-ui-20261008/DerivedData/Build/Products/Debug-iphonesimulator/ProbeHost.app/Info.plist --temp-dir-path /tmp/solosoul-fe2-ios-account-themes-ui-20261008/DerivedData/Build/Intermediates.noindex/SoloSoulFE2UIProbe.build/Debug-iphonesimulator/ProbeHost.build/ssu --bundle-id com.solosoul.fe2.ios.probehost --product-path /tmp/solosoul-fe2-ios-account-themes-ui-20261008/DerivedData/Build/Products/Debug-iphonesimulator/ProbeHost.app --extracted-metadata-path /tmp/solosoul-fe2-ios-account-themes-ui-20261008/DerivedData/Build/Products/Debug-iphonesimulator/ProbeHost.app/Metadata.appintents --metadata-file-list /tmp/solosoul-fe2-ios-account-themes-ui-20261008/DerivedData/Build/Intermediates.noindex/SoloSoulFE2UIProbe.build/Debug-iphonesimulator/ProbeHost.build/ProbeHost.DependencyMetadataFileList --archive-ssu-assets
2026-10-08 11:06:54.048 appintentsnltrainingprocessor[97010:247653716] Parsing options for appintentsnltrainingprocessor
2026-10-08 11:06:54.048 appintentsnltrainingprocessor[97010:247653716] No AppShortcuts found - Skipping.

RegisterExecutionPolicyException /tmp/solosoul-fe2-ios-account-themes-ui-20261008/DerivedData/Build/Products/Debug-iphonesimulator/ProbeHost.app (in target 'ProbeHost' from project 'SoloSoulFE2UIProbe')
    cd /tmp/solosoul-fe2-ios-account-themes-ui-20261008
    builtin-RegisterExecutionPolicyException /tmp/solosoul-fe2-ios-account-themes-ui-20261008/DerivedData/Build/Products/Debug-iphonesimulator/ProbeHost.app

Validate /tmp/solosoul-fe2-ios-account-themes-ui-20261008/DerivedData/Build/Products/Debug-iphonesimulator/ProbeHost.app (in target 'ProbeHost' from project 'SoloSoulFE2UIProbe')
    cd /tmp/solosoul-fe2-ios-account-themes-ui-20261008
    builtin-validationUtility /tmp/solosoul-fe2-ios-account-themes-ui-20261008/DerivedData/Build/Products/Debug-iphonesimulator/ProbeHost.app -shallow-bundle -infoplist-subpath Info.plist

Touch /tmp/solosoul-fe2-ios-account-themes-ui-20261008/DerivedData/Build/Products/Debug-iphonesimulator/ProbeHost.app (in target 'ProbeHost' from project 'SoloSoulFE2UIProbe')
    cd /tmp/solosoul-fe2-ios-account-themes-ui-20261008
    /usr/bin/touch -c /tmp/solosoul-fe2-ios-account-themes-ui-20261008/DerivedData/Build/Products/Debug-iphonesimulator/ProbeHost.app

Ld /tmp/solosoul-fe2-ios-account-themes-ui-20261008/DerivedData/Build/Products/Debug-iphonesimulator/ProbeTests-Runner.app/PlugIns/ProbeTests.xctest/ProbeTests normal (in target 'ProbeTests' from project 'SoloSoulFE2UIProbe')
    cd /tmp/solosoul-fe2-ios-account-themes-ui-20261008
    /Applications/Xcode.app/Contents/Developer/Toolchains/XcodeDefault.xctoolchain/usr/bin/clang -Xlinker -reproducible -target arm64-apple-ios14.0-simulator -bundle -isysroot /Applications/Xcode.app/Contents/Developer/Platforms/iPhoneSimulator.platform/Developer/SDKs/iPhoneSimulator26.2.sdk -O0 -L/tmp/solosoul-fe2-ios-account-themes-ui-20261008/DerivedData/Build/Intermediates.noindex/EagerLinkingTBDs/Debug-iphonesimulator -L/tmp/solosoul-fe2-ios-account-themes-ui-20261008/DerivedData/Build/Products/Debug-iphonesimulator -L/Applications/Xcode.app/Contents/Developer/Platforms/iPhoneSimulator.platform/Developer/usr/lib -F/tmp/solosoul-fe2-ios-account-themes-ui-20261008/DerivedData/Build/Intermediates.noindex/EagerLinkingTBDs/Debug-iphonesimulator -F/tmp/solosoul-fe2-ios-account-themes-ui-20261008/DerivedData/Build/Products/Debug-iphonesimulator -iframework /Applications/Xcode.app/Contents/Developer/Platforms/iPhoneSimulator.platform/Developer/Library/Frameworks -iframework /Applications/Xcode.app/Contents/Developer/Platforms/iPhoneSimulator.platform/Developer/SDKs/iPhoneSimulator26.2.sdk/Developer/Library/Frameworks -filelist /tmp/solosoul-fe2-ios-account-themes-ui-20261008/DerivedData/Build/Intermediates.noindex/SoloSoulFE2UIProbe.build/Debug-iphonesimulator/ProbeTests.build/Objects-normal/arm64/ProbeTests.LinkFileList -Xlinker -rpath -Xlinker /usr/lib/swift -Xlinker -rpath -Xlinker @loader_path/Frameworks -Xlinker -rpath -Xlinker @executable_path/Frameworks -dead_strip -Xlinker -object_path_lto -Xlinker /tmp/solosoul-fe2-ios-account-themes-ui-20261008/DerivedData/Build/Intermediates.noindex/SoloSoulFE2UIProbe.build/Debug-iphonesimulator/ProbeTests.build/Objects-normal/arm64/ProbeTests_lto.o -rdynamic -Xlinker -no_deduplicate -Xlinker -objc_abi_version -Xlinker 2 -Xlinker -dependency_info -Xlinker /tmp/solosoul-fe2-ios-account-themes-ui-20261008/DerivedData/Build/Intermediates.noindex/SoloSoulFE2UIProbe.build/Debug-iphonesimulator/ProbeTests.build/Objects-normal/arm64/ProbeTests_dependency_info.dat -fobjc-link-runtime -L/Applications/Xcode.app/Contents/Developer/Toolchains/XcodeDefault.xctoolchain/usr/lib/swift/iphonesimulator -L/usr/lib/swift -Xlinker -add_ast_path -Xlinker /tmp/solosoul-fe2-ios-account-themes-ui-20261008/DerivedData/Build/Intermediates.noindex/SoloSoulFE2UIProbe.build/Debug-iphonesimulator/ProbeTests.build/Objects-normal/arm64/ProbeTests.swiftmodule @/tmp/solosoul-fe2-ios-account-themes-ui-20261008/DerivedData/Build/Intermediates.noindex/SoloSoulFE2UIProbe.build/Debug-iphonesimulator/ProbeTests.build/Objects-normal/arm64/ProbeTests-linker-args.resp -Xlinker -needed_framework -Xlinker XCTest -framework XCTest -Xlinker -needed-lXCTestSwiftSupport -lXCTestSwiftSupport -o /tmp/solosoul-fe2-ios-account-themes-ui-20261008/DerivedData/Build/Products/Debug-iphonesimulator/ProbeTests-Runner.app/PlugIns/ProbeTests.xctest/ProbeTests

ProcessInfoPlistFile /tmp/solosoul-fe2-ios-account-themes-ui-20261008/DerivedData/Build/Products/Debug-iphonesimulator/ProbeTests-Runner.app/PlugIns/ProbeTests.xctest/Info.plist /tmp/solosoul-fe2-ios-account-themes-ui-20261008/DerivedData/Build/Intermediates.noindex/SoloSoulFE2UIProbe.build/Debug-iphonesimulator/ProbeTests.build/empty-ProbeTests.plist (in target 'ProbeTests' from project 'SoloSoulFE2UIProbe')
    cd /tmp/solosoul-fe2-ios-account-themes-ui-20261008
    builtin-infoPlistUtility /tmp/solosoul-fe2-ios-account-themes-ui-20261008/DerivedData/Build/Intermediates.noindex/SoloSoulFE2UIProbe.build/Debug-iphonesimulator/ProbeTests.build/empty-ProbeTests.plist -producttype com.apple.product-type.bundle.ui-testing -expandbuildsettings -format binary -platform iphonesimulator -additionalcontentfile /tmp/solosoul-fe2-ios-account-themes-ui-20261008/DerivedData/Build/Intermediates.noindex/SoloSoulFE2UIProbe.build/Debug-iphonesimulator/ProbeTests.build/ProductTypeInfoPlistAdditions.plist -o /tmp/solosoul-fe2-ios-account-themes-ui-20261008/DerivedData/Build/Products/Debug-iphonesimulator/ProbeTests-Runner.app/PlugIns/ProbeTests.xctest/Info.plist

CopySwiftLibs /tmp/solosoul-fe2-ios-account-themes-ui-20261008/DerivedData/Build/Products/Debug-iphonesimulator/ProbeTests-Runner.app/PlugIns/ProbeTests.xctest (in target 'ProbeTests' from project 'SoloSoulFE2UIProbe')
    cd /tmp/solosoul-fe2-ios-account-themes-ui-20261008
    builtin-swiftStdLibTool --copy --verbose --scan-executable /tmp/solosoul-fe2-ios-account-themes-ui-20261008/DerivedData/Build/Products/Debug-iphonesimulator/ProbeTests-Runner.app/PlugIns/ProbeTests.xctest/ProbeTests --scan-folder /tmp/solosoul-fe2-ios-account-themes-ui-20261008/DerivedData/Build/Products/Debug-iphonesimulator/ProbeTests-Runner.app/PlugIns/ProbeTests.xctest/Frameworks --scan-folder /tmp/solosoul-fe2-ios-account-themes-ui-20261008/DerivedData/Build/Products/Debug-iphonesimulator/ProbeTests-Runner.app/PlugIns/ProbeTests.xctest/PlugIns --scan-folder /tmp/solosoul-fe2-ios-account-themes-ui-20261008/DerivedData/Build/Products/Debug-iphonesimulator/ProbeTests-Runner.app/PlugIns/ProbeTests.xctest/SystemExtensions --scan-folder /tmp/solosoul-fe2-ios-account-themes-ui-20261008/DerivedData/Build/Products/Debug-iphonesimulator/ProbeTests-Runner.app/PlugIns/ProbeTests.xctest/Extensions --platform iphonesimulator --toolchain /Applications/Xcode.app/Contents/Developer/Toolchains/XcodeDefault.xctoolchain --destination /tmp/solosoul-fe2-ios-account-themes-ui-20261008/DerivedData/Build/Products/Debug-iphonesimulator/ProbeTests-Runner.app/PlugIns/ProbeTests.xctest/Frameworks --strip-bitcode --scan-executable /Applications/Xcode.app/Contents/Developer/Platforms/iPhoneSimulator.platform/Developer/usr/lib/libXCTestSwiftSupport.dylib --strip-bitcode-tool /Applications/Xcode.app/Contents/Developer/Toolchains/XcodeDefault.xctoolchain/usr/bin/bitcode_strip --emit-dependency-info /tmp/solosoul-fe2-ios-account-themes-ui-20261008/DerivedData/Build/Intermediates.noindex/SoloSoulFE2UIProbe.build/Debug-iphonesimulator/ProbeTests.build/SwiftStdLibToolInputDependencies.dep --filter-for-swift-os
Ignoring --strip-bitcode because --sign was not passed

ExtractAppIntentsMetadata (in target 'ProbeTests' from project 'SoloSoulFE2UIProbe')
    cd /tmp/solosoul-fe2-ios-account-themes-ui-20261008
    /Applications/Xcode.app/Contents/Developer/Toolchains/XcodeDefault.xctoolchain/usr/bin/appintentsmetadataprocessor --toolchain-dir /Applications/Xcode.app/Contents/Developer/Toolchains/XcodeDefault.xctoolchain --module-name ProbeTests --sdk-root /Applications/Xcode.app/Contents/Developer/Platforms/iPhoneSimulator.platform/Developer/SDKs/iPhoneSimulator26.2.sdk --xcode-version 17C529 --platform-family iOS --deployment-target 14.0 --bundle-identifier com.solosoul.fe2.ios.probetests --output /tmp/solosoul-fe2-ios-account-themes-ui-20261008/DerivedData/Build/Products/Debug-iphonesimulator/ProbeTests-Runner.app/PlugIns/ProbeTests.xctest --target-triple arm64-apple-ios14.0-simulator --binary-file /tmp/solosoul-fe2-ios-account-themes-ui-20261008/DerivedData/Build/Products/Debug-iphonesimulator/ProbeTests-Runner.app/PlugIns/ProbeTests.xctest/ProbeTests --dependency-file /tmp/solosoul-fe2-ios-account-themes-ui-20261008/DerivedData/Build/Intermediates.noindex/SoloSoulFE2UIProbe.build/Debug-iphonesimulator/ProbeTests.build/Objects-normal/arm64/ProbeTests_dependency_info.dat --stringsdata-file /tmp/solosoul-fe2-ios-account-themes-ui-20261008/DerivedData/Build/Intermediates.noindex/SoloSoulFE2UIProbe.build/Debug-iphonesimulator/ProbeTests.build/Objects-normal/arm64/ExtractedAppShortcutsMetadata.stringsdata --source-file-list /tmp/solosoul-fe2-ios-account-themes-ui-20261008/DerivedData/Build/Intermediates.noindex/SoloSoulFE2UIProbe.build/Debug-iphonesimulator/ProbeTests.build/Objects-normal/arm64/ProbeTests.SwiftFileList --metadata-file-list /tmp/solosoul-fe2-ios-account-themes-ui-20261008/DerivedData/Build/Intermediates.noindex/SoloSoulFE2UIProbe.build/Debug-iphonesimulator/ProbeTests.build/ProbeTests.DependencyMetadataFileList --static-metadata-file-list /tmp/solosoul-fe2-ios-account-themes-ui-20261008/DerivedData/Build/Intermediates.noindex/SoloSoulFE2UIProbe.build/Debug-iphonesimulator/ProbeTests.build/ProbeTests.DependencyStaticMetadataFileList --swift-const-vals-list /tmp/solosoul-fe2-ios-account-themes-ui-20261008/DerivedData/Build/Intermediates.noindex/SoloSoulFE2UIProbe.build/Debug-iphonesimulator/ProbeTests.build/Objects-normal/arm64/ProbeTests.SwiftConstValuesFileList --compile-time-extraction --deployment-aware-processing --validate-assistant-intents --no-app-shortcuts-localization
2026-10-08 11:06:54.282 appintentsmetadataprocessor[97020:247653749] Starting appintentsmetadataprocessor export
2026-10-08 11:06:54.283 appintentsmetadataprocessor[97020:247653749] warning: Metadata extraction skipped. No AppIntents.framework dependency found.

AppIntentsSSUTraining (in target 'ProbeTests' from project 'SoloSoulFE2UIProbe')
    cd /tmp/solosoul-fe2-ios-account-themes-ui-20261008
    /Applications/Xcode.app/Contents/Developer/Toolchains/XcodeDefault.xctoolchain/usr/bin/appintentsnltrainingprocessor --infoplist-path /tmp/solosoul-fe2-ios-account-themes-ui-20261008/DerivedData/Build/Products/Debug-iphonesimulator/ProbeTests-Runner.app/PlugIns/ProbeTests.xctest/Info.plist --temp-dir-path /tmp/solosoul-fe2-ios-account-themes-ui-20261008/DerivedData/Build/Intermediates.noindex/SoloSoulFE2UIProbe.build/Debug-iphonesimulator/ProbeTests.build/ssu --bundle-id com.solosoul.fe2.ios.probetests --product-path /tmp/solosoul-fe2-ios-account-themes-ui-20261008/DerivedData/Build/Products/Debug-iphonesimulator/ProbeTests-Runner.app/PlugIns/ProbeTests.xctest --extracted-metadata-path /tmp/solosoul-fe2-ios-account-themes-ui-20261008/DerivedData/Build/Products/Debug-iphonesimulator/ProbeTests-Runner.app/PlugIns/ProbeTests.xctest/Metadata.appintents --metadata-file-list /tmp/solosoul-fe2-ios-account-themes-ui-20261008/DerivedData/Build/Intermediates.noindex/SoloSoulFE2UIProbe.build/Debug-iphonesimulator/ProbeTests.build/ProbeTests.DependencyMetadataFileList --archive-ssu-assets
2026-10-08 11:06:54.299 appintentsnltrainingprocessor[97021:247653750] Parsing options for appintentsnltrainingprocessor
2026-10-08 11:06:54.299 appintentsnltrainingprocessor[97021:247653750] No AppShortcuts found - Skipping.

MkDir /tmp/solosoul-fe2-ios-account-themes-ui-20261008/DerivedData/Build/Products/Debug-iphonesimulator/ProbeTests-Runner.app (in target 'ProbeTests' from project 'SoloSoulFE2UIProbe')
    cd /tmp/solosoul-fe2-ios-account-themes-ui-20261008
    /bin/mkdir -p /tmp/solosoul-fe2-ios-account-themes-ui-20261008/DerivedData/Build/Products/Debug-iphonesimulator/ProbeTests-Runner.app

Copy /tmp/solosoul-fe2-ios-account-themes-ui-20261008/DerivedData/Build/Products/Debug-iphonesimulator/ProbeTests-Runner.app/PkgInfo /Applications/Xcode.app/Contents/Developer/Platforms/iPhoneSimulator.platform/Developer/Library/Xcode/Agents/XCTRunner.app/PkgInfo (in target 'ProbeTests' from project 'SoloSoulFE2UIProbe')
    cd /tmp/solosoul-fe2-ios-account-themes-ui-20261008
    builtin-copy -exclude .DS_Store -exclude CVS -exclude .svn -exclude .git -exclude .hg -resolve-src-symlinks /Applications/Xcode.app/Contents/Developer/Platforms/iPhoneSimulator.platform/Developer/Library/Xcode/Agents/XCTRunner.app/PkgInfo /tmp/solosoul-fe2-ios-account-themes-ui-20261008/DerivedData/Build/Products/Debug-iphonesimulator/ProbeTests-Runner.app

CopyPlistFile /tmp/solosoul-fe2-ios-account-themes-ui-20261008/DerivedData/Build/Products/Debug-iphonesimulator/ProbeTests-Runner.app/Info.plist /Applications/Xcode.app/Contents/Developer/Platforms/iPhoneSimulator.platform/Developer/Library/Xcode/Agents/XCTRunner.app/Info.plist (in target 'ProbeTests' from project 'SoloSoulFE2UIProbe')
    cd /tmp/solosoul-fe2-ios-account-themes-ui-20261008
    builtin-copyPlist --validate --convert xml1 --macro-expansion WRAPPEDPRODUCTNAME ProbeTests-Runner --macro-expansion WRAPPEDPRODUCTBUNDLEIDENTIFIER com.solosoul.fe2.ios.probetests.xctrunner --macro-expansion TESTPRODUCTNAME ProbeTests --macro-expansion TESTPRODUCTBUNDLEIDENTIFIER com.solosoul.fe2.ios.probetests --copy-value UIDeviceFamily /tmp/solosoul-fe2-ios-account-themes-ui-20261008/DerivedData/Build/Products/Debug-iphonesimulator/ProbeTests-Runner.app/PlugIns/ProbeTests.xctest/Info.plist --outdir /tmp/solosoul-fe2-ios-account-themes-ui-20261008/DerivedData/Build/Products/Debug-iphonesimulator/ProbeTests-Runner.app -- /Applications/Xcode.app/Contents/Developer/Platforms/iPhoneSimulator.platform/Developer/Library/Xcode/Agents/XCTRunner.app/Info.plist

CopyAndPreserveArchs /tmp/solosoul-fe2-ios-account-themes-ui-20261008/DerivedData/Build/Products/Debug-iphonesimulator/ProbeTests-Runner.app/ProbeTests-Runner (in target 'ProbeTests' from project 'SoloSoulFE2UIProbe')
    cd /tmp/solosoul-fe2-ios-account-themes-ui-20261008
    /Applications/Xcode.app/Contents/Developer/Toolchains/XcodeDefault.xctoolchain/usr/bin/lipo /Applications/Xcode.app/Contents/Developer/Platforms/iPhoneSimulator.platform/Developer/Library/Xcode/Agents/XCTRunner.app/XCTRunner -output /tmp/solosoul-fe2-ios-account-themes-ui-20261008/DerivedData/Build/Products/Debug-iphonesimulator/ProbeTests-Runner.app/ProbeTests-Runner -extract arm64

Copy /tmp/solosoul-fe2-ios-account-themes-ui-20261008/DerivedData/Build/Products/Debug-iphonesimulator/ProbeTests-Runner.app/Frameworks/libXCTestSwiftSupport.dylib /Applications/Xcode.app/Contents/Developer/Platforms/iPhoneSimulator.platform/Developer/usr/lib/libXCTestSwiftSupport.dylib (in target 'ProbeTests' from project 'SoloSoulFE2UIProbe')
    cd /tmp/solosoul-fe2-ios-account-themes-ui-20261008
    builtin-copy -exclude .DS_Store -exclude CVS -exclude .svn -exclude .git -exclude .hg -exclude Headers -exclude PrivateHeaders -exclude Modules -exclude \*.tbd -resolve-src-symlinks /Applications/Xcode.app/Contents/Developer/Platforms/iPhoneSimulator.platform/Developer/usr/lib/libXCTestSwiftSupport.dylib /tmp/solosoul-fe2-ios-account-themes-ui-20261008/DerivedData/Build/Products/Debug-iphonesimulator/ProbeTests-Runner.app/Frameworks

Copy /tmp/solosoul-fe2-ios-account-themes-ui-20261008/DerivedData/Build/Products/Debug-iphonesimulator/ProbeTests-Runner.app/Frameworks/XCUIAutomation.framework /Applications/Xcode.app/Contents/Developer/Platforms/iPhoneSimulator.platform/Developer/Library/Frameworks/XCUIAutomation.framework (in target 'ProbeTests' from project 'SoloSoulFE2UIProbe')
    cd /tmp/solosoul-fe2-ios-account-themes-ui-20261008
    builtin-copy -exclude .DS_Store -exclude CVS -exclude .svn -exclude .git -exclude .hg -exclude Headers -exclude PrivateHeaders -exclude Modules -exclude \*.tbd -resolve-src-symlinks /Applications/Xcode.app/Contents/Developer/Platforms/iPhoneSimulator.platform/Developer/Library/Frameworks/XCUIAutomation.framework /tmp/solosoul-fe2-ios-account-themes-ui-20261008/DerivedData/Build/Products/Debug-iphonesimulator/ProbeTests-Runner.app/Frameworks

Copy /tmp/solosoul-fe2-ios-account-themes-ui-20261008/DerivedData/Build/Products/Debug-iphonesimulator/ProbeTests-Runner.app/Frameworks/XCUnit.framework /Applications/Xcode.app/Contents/Developer/Platforms/iPhoneSimulator.platform/Developer/Library/PrivateFrameworks/XCUnit.framework (in target 'ProbeTests' from project 'SoloSoulFE2UIProbe')
    cd /tmp/solosoul-fe2-ios-account-themes-ui-20261008
    builtin-copy -exclude .DS_Store -exclude CVS -exclude .svn -exclude .git -exclude .hg -exclude Headers -exclude PrivateHeaders -exclude Modules -exclude \*.tbd -resolve-src-symlinks /Applications/Xcode.app/Contents/Developer/Platforms/iPhoneSimulator.platform/Developer/Library/PrivateFrameworks/XCUnit.framework /tmp/solosoul-fe2-ios-account-themes-ui-20261008/DerivedData/Build/Products/Debug-iphonesimulator/ProbeTests-Runner.app/Frameworks

Copy /tmp/solosoul-fe2-ios-account-themes-ui-20261008/DerivedData/Build/Products/Debug-iphonesimulator/ProbeTests-Runner.app/Frameworks/XCTestSupport.framework /Applications/Xcode.app/Contents/Developer/Platforms/iPhoneSimulator.platform/Developer/Library/PrivateFrameworks/XCTestSupport.framework (in target 'ProbeTests' from project 'SoloSoulFE2UIProbe')
    cd /tmp/solosoul-fe2-ios-account-themes-ui-20261008
    builtin-copy -exclude .DS_Store -exclude CVS -exclude .svn -exclude .git -exclude .hg -exclude Headers -exclude PrivateHeaders -exclude Modules -exclude \*.tbd -resolve-src-symlinks /Applications/Xcode.app/Contents/Developer/Platforms/iPhoneSimulator.platform/Developer/Library/PrivateFrameworks/XCTestSupport.framework /tmp/solosoul-fe2-ios-account-themes-ui-20261008/DerivedData/Build/Products/Debug-iphonesimulator/ProbeTests-Runner.app/Frameworks

Copy /tmp/solosoul-fe2-ios-account-themes-ui-20261008/DerivedData/Build/Products/Debug-iphonesimulator/ProbeTests-Runner.app/Frameworks/XCTestCore.framework /Applications/Xcode.app/Contents/Developer/Platforms/iPhoneSimulator.platform/Developer/Library/PrivateFrameworks/XCTestCore.framework (in target 'ProbeTests' from project 'SoloSoulFE2UIProbe')
    cd /tmp/solosoul-fe2-ios-account-themes-ui-20261008
    builtin-copy -exclude .DS_Store -exclude CVS -exclude .svn -exclude .git -exclude .hg -exclude Headers -exclude PrivateHeaders -exclude Modules -exclude \*.tbd -resolve-src-symlinks /Applications/Xcode.app/Contents/Developer/Platforms/iPhoneSimulator.platform/Developer/Library/PrivateFrameworks/XCTestCore.framework /tmp/solosoul-fe2-ios-account-themes-ui-20261008/DerivedData/Build/Products/Debug-iphonesimulator/ProbeTests-Runner.app/Frameworks

Copy /tmp/solosoul-fe2-ios-account-themes-ui-20261008/DerivedData/Build/Products/Debug-iphonesimulator/ProbeTests-Runner.app/Frameworks/XCTest.framework /Applications/Xcode.app/Contents/Developer/Platforms/iPhoneSimulator.platform/Developer/Library/Frameworks/XCTest.framework (in target 'ProbeTests' from project 'SoloSoulFE2UIProbe')
    cd /tmp/solosoul-fe2-ios-account-themes-ui-20261008
    builtin-copy -exclude .DS_Store -exclude CVS -exclude .svn -exclude .git -exclude .hg -exclude Headers -exclude PrivateHeaders -exclude Modules -exclude \*.tbd -resolve-src-symlinks /Applications/Xcode.app/Contents/Developer/Platforms/iPhoneSimulator.platform/Developer/Library/Frameworks/XCTest.framework /tmp/solosoul-fe2-ios-account-themes-ui-20261008/DerivedData/Build/Products/Debug-iphonesimulator/ProbeTests-Runner.app/Frameworks

Copy /tmp/solosoul-fe2-ios-account-themes-ui-20261008/DerivedData/Build/Products/Debug-iphonesimulator/ProbeTests-Runner.app/Frameworks/XCTAutomationSupport.framework /Applications/Xcode.app/Contents/Developer/Platforms/iPhoneSimulator.platform/Developer/Library/PrivateFrameworks/XCTAutomationSupport.framework (in target 'ProbeTests' from project 'SoloSoulFE2UIProbe')
    cd /tmp/solosoul-fe2-ios-account-themes-ui-20261008
    builtin-copy -exclude .DS_Store -exclude CVS -exclude .svn -exclude .git -exclude .hg -exclude Headers -exclude PrivateHeaders -exclude Modules -exclude \*.tbd -resolve-src-symlinks /Applications/Xcode.app/Contents/Developer/Platforms/iPhoneSimulator.platform/Developer/Library/PrivateFrameworks/XCTAutomationSupport.framework /tmp/solosoul-fe2-ios-account-themes-ui-20261008/DerivedData/Build/Products/Debug-iphonesimulator/ProbeTests-Runner.app/Frameworks

Copy /tmp/solosoul-fe2-ios-account-themes-ui-20261008/DerivedData/Build/Products/Debug-iphonesimulator/ProbeTests-Runner.app/Frameworks/Testing.framework /Applications/Xcode.app/Contents/Developer/Platforms/iPhoneSimulator.platform/Developer/Library/Frameworks/Testing.framework (in target 'ProbeTests' from project 'SoloSoulFE2UIProbe')
    cd /tmp/solosoul-fe2-ios-account-themes-ui-20261008
    builtin-copy -exclude .DS_Store -exclude CVS -exclude .svn -exclude .git -exclude .hg -exclude Headers -exclude PrivateHeaders -exclude Modules -exclude \*.tbd -resolve-src-symlinks /Applications/Xcode.app/Contents/Developer/Platforms/iPhoneSimulator.platform/Developer/Library/Frameworks/Testing.framework /tmp/solosoul-fe2-ios-account-themes-ui-20261008/DerivedData/Build/Products/Debug-iphonesimulator/ProbeTests-Runner.app/Frameworks

RegisterExecutionPolicyException /tmp/solosoul-fe2-ios-account-themes-ui-20261008/DerivedData/Build/Products/Debug-iphonesimulator/ProbeTests-Runner.app/PlugIns/ProbeTests.xctest (in target 'ProbeTests' from project 'SoloSoulFE2UIProbe')
    cd /tmp/solosoul-fe2-ios-account-themes-ui-20261008
    builtin-RegisterExecutionPolicyException /tmp/solosoul-fe2-ios-account-themes-ui-20261008/DerivedData/Build/Products/Debug-iphonesimulator/ProbeTests-Runner.app/PlugIns/ProbeTests.xctest

Touch /tmp/solosoul-fe2-ios-account-themes-ui-20261008/DerivedData/Build/Products/Debug-iphonesimulator/ProbeTests-Runner.app/PlugIns/ProbeTests.xctest (in target 'ProbeTests' from project 'SoloSoulFE2UIProbe')
    cd /tmp/solosoul-fe2-ios-account-themes-ui-20261008
    /usr/bin/touch -c /tmp/solosoul-fe2-ios-account-themes-ui-20261008/DerivedData/Build/Products/Debug-iphonesimulator/ProbeTests-Runner.app/PlugIns/ProbeTests.xctest

** TEST BUILD SUCCEEDED **

