Command line invocation:
    /Applications/Xcode.app/Contents/Developer/usr/bin/xcodebuild -project /tmp/solosoul-fe2-ios-root-viewport-ui-20261008/SoloSoulFE2UIProbe.xcodeproj -scheme Probe -destination "generic/platform=iOS Simulator" -derivedDataPath /tmp/solosoul-fe2-ios-root-viewport-ui-20261008/DerivedData build-for-testing CODE_SIGNING_ALLOWED=NO

Build settings from command line:
    CODE_SIGNING_ALLOWED = NO

ComputePackagePrebuildTargetDependencyGraph

Prepare packages

CreateBuildRequest

SendProjectDescription

CreateBuildOperation

ComputeTargetDependencyGraph
note: Building targets in dependency order
note: Target dependency graph (2 targets)
    Target 'ProbeTests' in project 'SoloSoulFE2UIProbe'
        ➜ Explicit dependency on target 'ProbeHost' in project 'SoloSoulFE2UIProbe'
    Target 'ProbeHost' in project 'SoloSoulFE2UIProbe' (no dependencies)

GatherProvisioningInputs

CreateBuildDescription

ExecuteExternalTool /Applications/Xcode.app/Contents/Developer/Toolchains/XcodeDefault.xctoolchain/usr/bin/clang -v -E -dM -isysroot /Applications/Xcode.app/Contents/Developer/Platforms/iPhoneSimulator.platform/Developer/SDKs/iPhoneSimulator26.2.sdk -x c -c /dev/null

ExecuteExternalTool /Applications/Xcode.app/Contents/Developer/Toolchains/XcodeDefault.xctoolchain/usr/bin/swiftc --version

ExecuteExternalTool /Applications/Xcode.app/Contents/Developer/Toolchains/XcodeDefault.xctoolchain/usr/bin/ld -version_details

Build description signature: d243c7eb934e72b16819dc600f81ffb6
Build description path: /tmp/solosoul-fe2-ios-root-viewport-ui-20261008/DerivedData/Build/Intermediates.noindex/XCBuildData/d243c7eb934e72b16819dc600f81ffb6.xcbuilddata
CreateBuildDirectory /tmp/solosoul-fe2-ios-root-viewport-ui-20261008/DerivedData/Build/Products
    cd /tmp/solosoul-fe2-ios-root-viewport-ui-20261008/SoloSoulFE2UIProbe.xcodeproj
    builtin-create-build-directory /tmp/solosoul-fe2-ios-root-viewport-ui-20261008/DerivedData/Build/Products

CreateBuildDirectory /tmp/solosoul-fe2-ios-root-viewport-ui-20261008/DerivedData/Build/Intermediates.noindex
    cd /tmp/solosoul-fe2-ios-root-viewport-ui-20261008/SoloSoulFE2UIProbe.xcodeproj
    builtin-create-build-directory /tmp/solosoul-fe2-ios-root-viewport-ui-20261008/DerivedData/Build/Intermediates.noindex

ClangStatCache /Applications/Xcode.app/Contents/Developer/Toolchains/XcodeDefault.xctoolchain/usr/bin/clang-stat-cache /Applications/Xcode.app/Contents/Developer/Platforms/iPhoneSimulator.platform/Developer/SDKs/iPhoneSimulator26.2.sdk /tmp/solosoul-fe2-ios-root-viewport-ui-20261008/DerivedData/SDKStatCaches.noindex/iphonesimulator26.2-23C57-7d00a8b37fbd7999ea79df8ebc024bf0.sdkstatcache
    cd /tmp/solosoul-fe2-ios-root-viewport-ui-20261008/SoloSoulFE2UIProbe.xcodeproj
    /Applications/Xcode.app/Contents/Developer/Toolchains/XcodeDefault.xctoolchain/usr/bin/clang-stat-cache /Applications/Xcode.app/Contents/Developer/Platforms/iPhoneSimulator.platform/Developer/SDKs/iPhoneSimulator26.2.sdk -o /tmp/solosoul-fe2-ios-root-viewport-ui-20261008/DerivedData/SDKStatCaches.noindex/iphonesimulator26.2-23C57-7d00a8b37fbd7999ea79df8ebc024bf0.sdkstatcache

CreateBuildDirectory /tmp/solosoul-fe2-ios-root-viewport-ui-20261008/DerivedData/Build/Intermediates.noindex/SwiftExplicitPrecompiledModules
    cd /tmp/solosoul-fe2-ios-root-viewport-ui-20261008/SoloSoulFE2UIProbe.xcodeproj
    builtin-create-build-directory /tmp/solosoul-fe2-ios-root-viewport-ui-20261008/DerivedData/Build/Intermediates.noindex/SwiftExplicitPrecompiledModules

CreateBuildDirectory /tmp/solosoul-fe2-ios-root-viewport-ui-20261008/DerivedData/Build/Intermediates.noindex/ExplicitPrecompiledModules
    cd /tmp/solosoul-fe2-ios-root-viewport-ui-20261008/SoloSoulFE2UIProbe.xcodeproj
    builtin-create-build-directory /tmp/solosoul-fe2-ios-root-viewport-ui-20261008/DerivedData/Build/Intermediates.noindex/ExplicitPrecompiledModules

WriteAuxiliaryFile /tmp/solosoul-fe2-ios-root-viewport-ui-20261008/DerivedData/Build/Intermediates.noindex/SoloSoulFE2UIProbe.build/Debug-iphonesimulator/SoloSoulFE2UIProbe-d1986adb4e39e782fecb2443eef57a8f-VFS-iphonesimulator/all-product-headers.yaml
    cd /tmp/solosoul-fe2-ios-root-viewport-ui-20261008/SoloSoulFE2UIProbe.xcodeproj
    write-file /tmp/solosoul-fe2-ios-root-viewport-ui-20261008/DerivedData/Build/Intermediates.noindex/SoloSoulFE2UIProbe.build/Debug-iphonesimulator/SoloSoulFE2UIProbe-d1986adb4e39e782fecb2443eef57a8f-VFS-iphonesimulator/all-product-headers.yaml

CreateBuildDirectory /tmp/solosoul-fe2-ios-root-viewport-ui-20261008/DerivedData/Build/Products/Debug-iphonesimulator
    cd /tmp/solosoul-fe2-ios-root-viewport-ui-20261008/SoloSoulFE2UIProbe.xcodeproj
    builtin-create-build-directory /tmp/solosoul-fe2-ios-root-viewport-ui-20261008/DerivedData/Build/Products/Debug-iphonesimulator

CreateBuildDirectory /tmp/solosoul-fe2-ios-root-viewport-ui-20261008/DerivedData/Build/Intermediates.noindex/EagerLinkingTBDs/Debug-iphonesimulator
    cd /tmp/solosoul-fe2-ios-root-viewport-ui-20261008/SoloSoulFE2UIProbe.xcodeproj
    builtin-create-build-directory /tmp/solosoul-fe2-ios-root-viewport-ui-20261008/DerivedData/Build/Intermediates.noindex/EagerLinkingTBDs/Debug-iphonesimulator

WriteAuxiliaryFile /tmp/solosoul-fe2-ios-root-viewport-ui-20261008/DerivedData/Build/Intermediates.noindex/SoloSoulFE2UIProbe.build/Debug-iphonesimulator/ProbeTests.build/ProductTypeInfoPlistAdditions.plist (in target 'ProbeTests' from project 'SoloSoulFE2UIProbe')
    cd /tmp/solosoul-fe2-ios-root-viewport-ui-20261008
    write-file /tmp/solosoul-fe2-ios-root-viewport-ui-20261008/DerivedData/Build/Intermediates.noindex/SoloSoulFE2UIProbe.build/Debug-iphonesimulator/ProbeTests.build/ProductTypeInfoPlistAdditions.plist

WriteAuxiliaryFile /tmp/solosoul-fe2-ios-root-viewport-ui-20261008/DerivedData/Build/Intermediates.noindex/SoloSoulFE2UIProbe.build/Debug-iphonesimulator/ProbeTests.build/empty-ProbeTests.plist (in target 'ProbeTests' from project 'SoloSoulFE2UIProbe')
    cd /tmp/solosoul-fe2-ios-root-viewport-ui-20261008
    write-file /tmp/solosoul-fe2-ios-root-viewport-ui-20261008/DerivedData/Build/Intermediates.noindex/SoloSoulFE2UIProbe.build/Debug-iphonesimulator/ProbeTests.build/empty-ProbeTests.plist

WriteAuxiliaryFile /tmp/solosoul-fe2-ios-root-viewport-ui-20261008/DerivedData/Build/Intermediates.noindex/SoloSoulFE2UIProbe.build/Debug-iphonesimulator/ProbeTests.build/ProbeTests.hmap (in target 'ProbeTests' from project 'SoloSoulFE2UIProbe')
    cd /tmp/solosoul-fe2-ios-root-viewport-ui-20261008
    write-file /tmp/solosoul-fe2-ios-root-viewport-ui-20261008/DerivedData/Build/Intermediates.noindex/SoloSoulFE2UIProbe.build/Debug-iphonesimulator/ProbeTests.build/ProbeTests.hmap

WriteAuxiliaryFile /tmp/solosoul-fe2-ios-root-viewport-ui-20261008/DerivedData/Build/Intermediates.noindex/SoloSoulFE2UIProbe.build/Debug-iphonesimulator/ProbeTests.build/ProbeTests.DependencyStaticMetadataFileList (in target 'ProbeTests' from project 'SoloSoulFE2UIProbe')
    cd /tmp/solosoul-fe2-ios-root-viewport-ui-20261008
    write-file /tmp/solosoul-fe2-ios-root-viewport-ui-20261008/DerivedData/Build/Intermediates.noindex/SoloSoulFE2UIProbe.build/Debug-iphonesimulator/ProbeTests.build/ProbeTests.DependencyStaticMetadataFileList

WriteAuxiliaryFile /tmp/solosoul-fe2-ios-root-viewport-ui-20261008/DerivedData/Build/Intermediates.noindex/SoloSoulFE2UIProbe.build/Debug-iphonesimulator/ProbeTests.build/ProbeTests-own-target-headers.hmap (in target 'ProbeTests' from project 'SoloSoulFE2UIProbe')
    cd /tmp/solosoul-fe2-ios-root-viewport-ui-20261008
    write-file /tmp/solosoul-fe2-ios-root-viewport-ui-20261008/DerivedData/Build/Intermediates.noindex/SoloSoulFE2UIProbe.build/Debug-iphonesimulator/ProbeTests.build/ProbeTests-own-target-headers.hmap

WriteAuxiliaryFile /tmp/solosoul-fe2-ios-root-viewport-ui-20261008/DerivedData/Build/Intermediates.noindex/SoloSoulFE2UIProbe.build/Debug-iphonesimulator/ProbeTests.build/ProbeTests.DependencyMetadataFileList (in target 'ProbeTests' from project 'SoloSoulFE2UIProbe')
    cd /tmp/solosoul-fe2-ios-root-viewport-ui-20261008
    write-file /tmp/solosoul-fe2-ios-root-viewport-ui-20261008/DerivedData/Build/Intermediates.noindex/SoloSoulFE2UIProbe.build/Debug-iphonesimulator/ProbeTests.build/ProbeTests.DependencyMetadataFileList

WriteAuxiliaryFile /tmp/solosoul-fe2-ios-root-viewport-ui-20261008/DerivedData/Build/Intermediates.noindex/SoloSoulFE2UIProbe.build/Debug-iphonesimulator/ProbeTests.build/ProbeTests-project-headers.hmap (in target 'ProbeTests' from project 'SoloSoulFE2UIProbe')
    cd /tmp/solosoul-fe2-ios-root-viewport-ui-20261008
    write-file /tmp/solosoul-fe2-ios-root-viewport-ui-20261008/DerivedData/Build/Intermediates.noindex/SoloSoulFE2UIProbe.build/Debug-iphonesimulator/ProbeTests.build/ProbeTests-project-headers.hmap

WriteAuxiliaryFile /tmp/solosoul-fe2-ios-root-viewport-ui-20261008/DerivedData/Build/Intermediates.noindex/SoloSoulFE2UIProbe.build/Debug-iphonesimulator/ProbeTests.build/ProbeTests-generated-files.hmap (in target 'ProbeTests' from project 'SoloSoulFE2UIProbe')
    cd /tmp/solosoul-fe2-ios-root-viewport-ui-20261008
    write-file /tmp/solosoul-fe2-ios-root-viewport-ui-20261008/DerivedData/Build/Intermediates.noindex/SoloSoulFE2UIProbe.build/Debug-iphonesimulator/ProbeTests.build/ProbeTests-generated-files.hmap

WriteAuxiliaryFile /tmp/solosoul-fe2-ios-root-viewport-ui-20261008/DerivedData/Build/Intermediates.noindex/SoloSoulFE2UIProbe.build/Debug-iphonesimulator/ProbeTests.build/ProbeTests-all-target-headers.hmap (in target 'ProbeTests' from project 'SoloSoulFE2UIProbe')
    cd /tmp/solosoul-fe2-ios-root-viewport-ui-20261008
    write-file /tmp/solosoul-fe2-ios-root-viewport-ui-20261008/DerivedData/Build/Intermediates.noindex/SoloSoulFE2UIProbe.build/Debug-iphonesimulator/ProbeTests.build/ProbeTests-all-target-headers.hmap

WriteAuxiliaryFile /tmp/solosoul-fe2-ios-root-viewport-ui-20261008/DerivedData/Build/Intermediates.noindex/SoloSoulFE2UIProbe.build/Debug-iphonesimulator/ProbeTests.build/ProbeTests-all-non-framework-target-headers.hmap (in target 'ProbeTests' from project 'SoloSoulFE2UIProbe')
    cd /tmp/solosoul-fe2-ios-root-viewport-ui-20261008
    write-file /tmp/solosoul-fe2-ios-root-viewport-ui-20261008/DerivedData/Build/Intermediates.noindex/SoloSoulFE2UIProbe.build/Debug-iphonesimulator/ProbeTests.build/ProbeTests-all-non-framework-target-headers.hmap

WriteAuxiliaryFile /tmp/solosoul-fe2-ios-root-viewport-ui-20261008/DerivedData/Build/Intermediates.noindex/SoloSoulFE2UIProbe.build/Debug-iphonesimulator/ProbeTests.build/Objects-normal/x86_64/ProbeTests_const_extract_protocols.json (in target 'ProbeTests' from project 'SoloSoulFE2UIProbe')
    cd /tmp/solosoul-fe2-ios-root-viewport-ui-20261008
    write-file /tmp/solosoul-fe2-ios-root-viewport-ui-20261008/DerivedData/Build/Intermediates.noindex/SoloSoulFE2UIProbe.build/Debug-iphonesimulator/ProbeTests.build/Objects-normal/x86_64/ProbeTests_const_extract_protocols.json

WriteAuxiliaryFile /tmp/solosoul-fe2-ios-root-viewport-ui-20261008/DerivedData/Build/Intermediates.noindex/SoloSoulFE2UIProbe.build/Debug-iphonesimulator/ProbeTests.build/Objects-normal/x86_64/ProbeTests.SwiftFileList (in target 'ProbeTests' from project 'SoloSoulFE2UIProbe')
    cd /tmp/solosoul-fe2-ios-root-viewport-ui-20261008
    write-file /tmp/solosoul-fe2-ios-root-viewport-ui-20261008/DerivedData/Build/Intermediates.noindex/SoloSoulFE2UIProbe.build/Debug-iphonesimulator/ProbeTests.build/Objects-normal/x86_64/ProbeTests.SwiftFileList

WriteAuxiliaryFile /tmp/solosoul-fe2-ios-root-viewport-ui-20261008/DerivedData/Build/Intermediates.noindex/SoloSoulFE2UIProbe.build/Debug-iphonesimulator/ProbeTests.build/Objects-normal/x86_64/ProbeTests.SwiftConstValuesFileList (in target 'ProbeTests' from project 'SoloSoulFE2UIProbe')
    cd /tmp/solosoul-fe2-ios-root-viewport-ui-20261008
    write-file /tmp/solosoul-fe2-ios-root-viewport-ui-20261008/DerivedData/Build/Intermediates.noindex/SoloSoulFE2UIProbe.build/Debug-iphonesimulator/ProbeTests.build/Objects-normal/x86_64/ProbeTests.SwiftConstValuesFileList

WriteAuxiliaryFile /tmp/solosoul-fe2-ios-root-viewport-ui-20261008/DerivedData/Build/Intermediates.noindex/SoloSoulFE2UIProbe.build/Debug-iphonesimulator/ProbeTests.build/Objects-normal/x86_64/ProbeTests.LinkFileList (in target 'ProbeTests' from project 'SoloSoulFE2UIProbe')
    cd /tmp/solosoul-fe2-ios-root-viewport-ui-20261008
    write-file /tmp/solosoul-fe2-ios-root-viewport-ui-20261008/DerivedData/Build/Intermediates.noindex/SoloSoulFE2UIProbe.build/Debug-iphonesimulator/ProbeTests.build/Objects-normal/x86_64/ProbeTests.LinkFileList

WriteAuxiliaryFile /tmp/solosoul-fe2-ios-root-viewport-ui-20261008/DerivedData/Build/Intermediates.noindex/SoloSoulFE2UIProbe.build/Debug-iphonesimulator/ProbeTests.build/Objects-normal/x86_64/ProbeTests-OutputFileMap.json (in target 'ProbeTests' from project 'SoloSoulFE2UIProbe')
    cd /tmp/solosoul-fe2-ios-root-viewport-ui-20261008
    write-file /tmp/solosoul-fe2-ios-root-viewport-ui-20261008/DerivedData/Build/Intermediates.noindex/SoloSoulFE2UIProbe.build/Debug-iphonesimulator/ProbeTests.build/Objects-normal/x86_64/ProbeTests-OutputFileMap.json

WriteAuxiliaryFile /tmp/solosoul-fe2-ios-root-viewport-ui-20261008/DerivedData/Build/Intermediates.noindex/SoloSoulFE2UIProbe.build/Debug-iphonesimulator/ProbeTests.build/Objects-normal/arm64/ProbeTests_const_extract_protocols.json (in target 'ProbeTests' from project 'SoloSoulFE2UIProbe')
    cd /tmp/solosoul-fe2-ios-root-viewport-ui-20261008
    write-file /tmp/solosoul-fe2-ios-root-viewport-ui-20261008/DerivedData/Build/Intermediates.noindex/SoloSoulFE2UIProbe.build/Debug-iphonesimulator/ProbeTests.build/Objects-normal/arm64/ProbeTests_const_extract_protocols.json

WriteAuxiliaryFile /tmp/solosoul-fe2-ios-root-viewport-ui-20261008/DerivedData/Build/Intermediates.noindex/SoloSoulFE2UIProbe.build/Debug-iphonesimulator/ProbeTests.build/Objects-normal/arm64/ProbeTests.SwiftFileList (in target 'ProbeTests' from project 'SoloSoulFE2UIProbe')
    cd /tmp/solosoul-fe2-ios-root-viewport-ui-20261008
    write-file /tmp/solosoul-fe2-ios-root-viewport-ui-20261008/DerivedData/Build/Intermediates.noindex/SoloSoulFE2UIProbe.build/Debug-iphonesimulator/ProbeTests.build/Objects-normal/arm64/ProbeTests.SwiftFileList

WriteAuxiliaryFile /tmp/solosoul-fe2-ios-root-viewport-ui-20261008/DerivedData/Build/Intermediates.noindex/SoloSoulFE2UIProbe.build/Debug-iphonesimulator/ProbeTests.build/Objects-normal/arm64/ProbeTests.SwiftConstValuesFileList (in target 'ProbeTests' from project 'SoloSoulFE2UIProbe')
    cd /tmp/solosoul-fe2-ios-root-viewport-ui-20261008
    write-file /tmp/solosoul-fe2-ios-root-viewport-ui-20261008/DerivedData/Build/Intermediates.noindex/SoloSoulFE2UIProbe.build/Debug-iphonesimulator/ProbeTests.build/Objects-normal/arm64/ProbeTests.SwiftConstValuesFileList

WriteAuxiliaryFile /tmp/solosoul-fe2-ios-root-viewport-ui-20261008/DerivedData/Build/Intermediates.noindex/SoloSoulFE2UIProbe.build/Debug-iphonesimulator/ProbeTests.build/Objects-normal/arm64/ProbeTests.LinkFileList (in target 'ProbeTests' from project 'SoloSoulFE2UIProbe')
    cd /tmp/solosoul-fe2-ios-root-viewport-ui-20261008
    write-file /tmp/solosoul-fe2-ios-root-viewport-ui-20261008/DerivedData/Build/Intermediates.noindex/SoloSoulFE2UIProbe.build/Debug-iphonesimulator/ProbeTests.build/Objects-normal/arm64/ProbeTests.LinkFileList

WriteAuxiliaryFile /tmp/solosoul-fe2-ios-root-viewport-ui-20261008/DerivedData/Build/Intermediates.noindex/SoloSoulFE2UIProbe.build/Debug-iphonesimulator/ProbeTests.build/Objects-normal/arm64/ProbeTests-OutputFileMap.json (in target 'ProbeTests' from project 'SoloSoulFE2UIProbe')
    cd /tmp/solosoul-fe2-ios-root-viewport-ui-20261008
    write-file /tmp/solosoul-fe2-ios-root-viewport-ui-20261008/DerivedData/Build/Intermediates.noindex/SoloSoulFE2UIProbe.build/Debug-iphonesimulator/ProbeTests.build/Objects-normal/arm64/ProbeTests-OutputFileMap.json

WriteAuxiliaryFile /tmp/solosoul-fe2-ios-root-viewport-ui-20261008/DerivedData/Build/Intermediates.noindex/SoloSoulFE2UIProbe.build/Debug-iphonesimulator/ProbeHost.build/empty-ProbeHost.plist (in target 'ProbeHost' from project 'SoloSoulFE2UIProbe')
    cd /tmp/solosoul-fe2-ios-root-viewport-ui-20261008
    write-file /tmp/solosoul-fe2-ios-root-viewport-ui-20261008/DerivedData/Build/Intermediates.noindex/SoloSoulFE2UIProbe.build/Debug-iphonesimulator/ProbeHost.build/empty-ProbeHost.plist

WriteAuxiliaryFile /tmp/solosoul-fe2-ios-root-viewport-ui-20261008/DerivedData/Build/Intermediates.noindex/SoloSoulFE2UIProbe.build/Debug-iphonesimulator/ProbeHost.build/ProbeHost.hmap (in target 'ProbeHost' from project 'SoloSoulFE2UIProbe')
    cd /tmp/solosoul-fe2-ios-root-viewport-ui-20261008
    write-file /tmp/solosoul-fe2-ios-root-viewport-ui-20261008/DerivedData/Build/Intermediates.noindex/SoloSoulFE2UIProbe.build/Debug-iphonesimulator/ProbeHost.build/ProbeHost.hmap

WriteAuxiliaryFile /tmp/solosoul-fe2-ios-root-viewport-ui-20261008/DerivedData/Build/Intermediates.noindex/SoloSoulFE2UIProbe.build/Debug-iphonesimulator/ProbeHost.build/ProbeHost.DependencyStaticMetadataFileList (in target 'ProbeHost' from project 'SoloSoulFE2UIProbe')
    cd /tmp/solosoul-fe2-ios-root-viewport-ui-20261008
    write-file /tmp/solosoul-fe2-ios-root-viewport-ui-20261008/DerivedData/Build/Intermediates.noindex/SoloSoulFE2UIProbe.build/Debug-iphonesimulator/ProbeHost.build/ProbeHost.DependencyStaticMetadataFileList

WriteAuxiliaryFile /tmp/solosoul-fe2-ios-root-viewport-ui-20261008/DerivedData/Build/Intermediates.noindex/SoloSoulFE2UIProbe.build/Debug-iphonesimulator/ProbeHost.build/ProbeHost.DependencyMetadataFileList (in target 'ProbeHost' from project 'SoloSoulFE2UIProbe')
    cd /tmp/solosoul-fe2-ios-root-viewport-ui-20261008
    write-file /tmp/solosoul-fe2-ios-root-viewport-ui-20261008/DerivedData/Build/Intermediates.noindex/SoloSoulFE2UIProbe.build/Debug-iphonesimulator/ProbeHost.build/ProbeHost.DependencyMetadataFileList

WriteAuxiliaryFile /tmp/solosoul-fe2-ios-root-viewport-ui-20261008/DerivedData/Build/Intermediates.noindex/SoloSoulFE2UIProbe.build/Debug-iphonesimulator/ProbeHost.build/ProbeHost-project-headers.hmap (in target 'ProbeHost' from project 'SoloSoulFE2UIProbe')
    cd /tmp/solosoul-fe2-ios-root-viewport-ui-20261008
    write-file /tmp/solosoul-fe2-ios-root-viewport-ui-20261008/DerivedData/Build/Intermediates.noindex/SoloSoulFE2UIProbe.build/Debug-iphonesimulator/ProbeHost.build/ProbeHost-project-headers.hmap

WriteAuxiliaryFile /tmp/solosoul-fe2-ios-root-viewport-ui-20261008/DerivedData/Build/Intermediates.noindex/SoloSoulFE2UIProbe.build/Debug-iphonesimulator/ProbeHost.build/ProbeHost-own-target-headers.hmap (in target 'ProbeHost' from project 'SoloSoulFE2UIProbe')
    cd /tmp/solosoul-fe2-ios-root-viewport-ui-20261008
    write-file /tmp/solosoul-fe2-ios-root-viewport-ui-20261008/DerivedData/Build/Intermediates.noindex/SoloSoulFE2UIProbe.build/Debug-iphonesimulator/ProbeHost.build/ProbeHost-own-target-headers.hmap

WriteAuxiliaryFile /tmp/solosoul-fe2-ios-root-viewport-ui-20261008/DerivedData/Build/Intermediates.noindex/SoloSoulFE2UIProbe.build/Debug-iphonesimulator/ProbeHost.build/ProbeHost-generated-files.hmap (in target 'ProbeHost' from project 'SoloSoulFE2UIProbe')
    cd /tmp/solosoul-fe2-ios-root-viewport-ui-20261008
    write-file /tmp/solosoul-fe2-ios-root-viewport-ui-20261008/DerivedData/Build/Intermediates.noindex/SoloSoulFE2UIProbe.build/Debug-iphonesimulator/ProbeHost.build/ProbeHost-generated-files.hmap

WriteAuxiliaryFile /tmp/solosoul-fe2-ios-root-viewport-ui-20261008/DerivedData/Build/Intermediates.noindex/SoloSoulFE2UIProbe.build/Debug-iphonesimulator/ProbeHost.build/ProbeHost-all-target-headers.hmap (in target 'ProbeHost' from project 'SoloSoulFE2UIProbe')
    cd /tmp/solosoul-fe2-ios-root-viewport-ui-20261008
    write-file /tmp/solosoul-fe2-ios-root-viewport-ui-20261008/DerivedData/Build/Intermediates.noindex/SoloSoulFE2UIProbe.build/Debug-iphonesimulator/ProbeHost.build/ProbeHost-all-target-headers.hmap

WriteAuxiliaryFile /tmp/solosoul-fe2-ios-root-viewport-ui-20261008/DerivedData/Build/Intermediates.noindex/SoloSoulFE2UIProbe.build/Debug-iphonesimulator/ProbeHost.build/ProbeHost-all-non-framework-target-headers.hmap (in target 'ProbeHost' from project 'SoloSoulFE2UIProbe')
    cd /tmp/solosoul-fe2-ios-root-viewport-ui-20261008
    write-file /tmp/solosoul-fe2-ios-root-viewport-ui-20261008/DerivedData/Build/Intermediates.noindex/SoloSoulFE2UIProbe.build/Debug-iphonesimulator/ProbeHost.build/ProbeHost-all-non-framework-target-headers.hmap

WriteAuxiliaryFile /tmp/solosoul-fe2-ios-root-viewport-ui-20261008/DerivedData/Build/Intermediates.noindex/SoloSoulFE2UIProbe.build/Debug-iphonesimulator/ProbeHost.build/ProbeHost-DebugDylibPath-normal-x86_64.txt (in target 'ProbeHost' from project 'SoloSoulFE2UIProbe')
    cd /tmp/solosoul-fe2-ios-root-viewport-ui-20261008
    write-file /tmp/solosoul-fe2-ios-root-viewport-ui-20261008/DerivedData/Build/Intermediates.noindex/SoloSoulFE2UIProbe.build/Debug-iphonesimulator/ProbeHost.build/ProbeHost-DebugDylibPath-normal-x86_64.txt

WriteAuxiliaryFile /tmp/solosoul-fe2-ios-root-viewport-ui-20261008/DerivedData/Build/Intermediates.noindex/SoloSoulFE2UIProbe.build/Debug-iphonesimulator/ProbeHost.build/ProbeHost-DebugDylibPath-normal-arm64.txt (in target 'ProbeHost' from project 'SoloSoulFE2UIProbe')
    cd /tmp/solosoul-fe2-ios-root-viewport-ui-20261008
    write-file /tmp/solosoul-fe2-ios-root-viewport-ui-20261008/DerivedData/Build/Intermediates.noindex/SoloSoulFE2UIProbe.build/Debug-iphonesimulator/ProbeHost.build/ProbeHost-DebugDylibPath-normal-arm64.txt

WriteAuxiliaryFile /tmp/solosoul-fe2-ios-root-viewport-ui-20261008/DerivedData/Build/Intermediates.noindex/SoloSoulFE2UIProbe.build/Debug-iphonesimulator/ProbeHost.build/ProbeHost-DebugDylibInstallName-normal-x86_64.txt (in target 'ProbeHost' from project 'SoloSoulFE2UIProbe')
    cd /tmp/solosoul-fe2-ios-root-viewport-ui-20261008
    write-file /tmp/solosoul-fe2-ios-root-viewport-ui-20261008/DerivedData/Build/Intermediates.noindex/SoloSoulFE2UIProbe.build/Debug-iphonesimulator/ProbeHost.build/ProbeHost-DebugDylibInstallName-normal-x86_64.txt

WriteAuxiliaryFile /tmp/solosoul-fe2-ios-root-viewport-ui-20261008/DerivedData/Build/Intermediates.noindex/SoloSoulFE2UIProbe.build/Debug-iphonesimulator/ProbeHost.build/ProbeHost-DebugDylibInstallName-normal-arm64.txt (in target 'ProbeHost' from project 'SoloSoulFE2UIProbe')
    cd /tmp/solosoul-fe2-ios-root-viewport-ui-20261008
    write-file /tmp/solosoul-fe2-ios-root-viewport-ui-20261008/DerivedData/Build/Intermediates.noindex/SoloSoulFE2UIProbe.build/Debug-iphonesimulator/ProbeHost.build/ProbeHost-DebugDylibInstallName-normal-arm64.txt

WriteAuxiliaryFile /tmp/solosoul-fe2-ios-root-viewport-ui-20261008/DerivedData/Build/Intermediates.noindex/SoloSoulFE2UIProbe.build/Debug-iphonesimulator/ProbeHost.build/Objects-normal/x86_64/ProbeHost.SwiftFileList (in target 'ProbeHost' from project 'SoloSoulFE2UIProbe')
    cd /tmp/solosoul-fe2-ios-root-viewport-ui-20261008
    write-file /tmp/solosoul-fe2-ios-root-viewport-ui-20261008/DerivedData/Build/Intermediates.noindex/SoloSoulFE2UIProbe.build/Debug-iphonesimulator/ProbeHost.build/Objects-normal/x86_64/ProbeHost.SwiftFileList

WriteAuxiliaryFile /tmp/solosoul-fe2-ios-root-viewport-ui-20261008/DerivedData/Build/Intermediates.noindex/SoloSoulFE2UIProbe.build/Debug-iphonesimulator/ProbeHost.build/Objects-normal/x86_64/ProbeHost.SwiftConstValuesFileList (in target 'ProbeHost' from project 'SoloSoulFE2UIProbe')
    cd /tmp/solosoul-fe2-ios-root-viewport-ui-20261008
    write-file /tmp/solosoul-fe2-ios-root-viewport-ui-20261008/DerivedData/Build/Intermediates.noindex/SoloSoulFE2UIProbe.build/Debug-iphonesimulator/ProbeHost.build/Objects-normal/x86_64/ProbeHost.SwiftConstValuesFileList

WriteAuxiliaryFile /tmp/solosoul-fe2-ios-root-viewport-ui-20261008/DerivedData/Build/Intermediates.noindex/SoloSoulFE2UIProbe.build/Debug-iphonesimulator/ProbeHost.build/Objects-normal/x86_64/ProbeHost_const_extract_protocols.json (in target 'ProbeHost' from project 'SoloSoulFE2UIProbe')
    cd /tmp/solosoul-fe2-ios-root-viewport-ui-20261008
    write-file /tmp/solosoul-fe2-ios-root-viewport-ui-20261008/DerivedData/Build/Intermediates.noindex/SoloSoulFE2UIProbe.build/Debug-iphonesimulator/ProbeHost.build/Objects-normal/x86_64/ProbeHost_const_extract_protocols.json

WriteAuxiliaryFile /tmp/solosoul-fe2-ios-root-viewport-ui-20261008/DerivedData/Build/Intermediates.noindex/SoloSoulFE2UIProbe.build/Debug-iphonesimulator/ProbeHost.build/Objects-normal/x86_64/ProbeHost.LinkFileList (in target 'ProbeHost' from project 'SoloSoulFE2UIProbe')
    cd /tmp/solosoul-fe2-ios-root-viewport-ui-20261008
    write-file /tmp/solosoul-fe2-ios-root-viewport-ui-20261008/DerivedData/Build/Intermediates.noindex/SoloSoulFE2UIProbe.build/Debug-iphonesimulator/ProbeHost.build/Objects-normal/x86_64/ProbeHost.LinkFileList

WriteAuxiliaryFile /tmp/solosoul-fe2-ios-root-viewport-ui-20261008/DerivedData/Build/Intermediates.noindex/SoloSoulFE2UIProbe.build/Debug-iphonesimulator/ProbeHost.build/Objects-normal/x86_64/ProbeHost-OutputFileMap.json (in target 'ProbeHost' from project 'SoloSoulFE2UIProbe')
    cd /tmp/solosoul-fe2-ios-root-viewport-ui-20261008
    write-file /tmp/solosoul-fe2-ios-root-viewport-ui-20261008/DerivedData/Build/Intermediates.noindex/SoloSoulFE2UIProbe.build/Debug-iphonesimulator/ProbeHost.build/Objects-normal/x86_64/ProbeHost-OutputFileMap.json

WriteAuxiliaryFile /tmp/solosoul-fe2-ios-root-viewport-ui-20261008/DerivedData/Build/Intermediates.noindex/SoloSoulFE2UIProbe.build/Debug-iphonesimulator/ProbeHost.build/Objects-normal/arm64/ProbeHost.SwiftFileList (in target 'ProbeHost' from project 'SoloSoulFE2UIProbe')
    cd /tmp/solosoul-fe2-ios-root-viewport-ui-20261008
    write-file /tmp/solosoul-fe2-ios-root-viewport-ui-20261008/DerivedData/Build/Intermediates.noindex/SoloSoulFE2UIProbe.build/Debug-iphonesimulator/ProbeHost.build/Objects-normal/arm64/ProbeHost.SwiftFileList

WriteAuxiliaryFile /tmp/solosoul-fe2-ios-root-viewport-ui-20261008/DerivedData/Build/Intermediates.noindex/SoloSoulFE2UIProbe.build/Debug-iphonesimulator/ProbeHost.build/Objects-normal/arm64/ProbeHost_const_extract_protocols.json (in target 'ProbeHost' from project 'SoloSoulFE2UIProbe')
    cd /tmp/solosoul-fe2-ios-root-viewport-ui-20261008
    write-file /tmp/solosoul-fe2-ios-root-viewport-ui-20261008/DerivedData/Build/Intermediates.noindex/SoloSoulFE2UIProbe.build/Debug-iphonesimulator/ProbeHost.build/Objects-normal/arm64/ProbeHost_const_extract_protocols.json

WriteAuxiliaryFile /tmp/solosoul-fe2-ios-root-viewport-ui-20261008/DerivedData/Build/Intermediates.noindex/SoloSoulFE2UIProbe.build/Debug-iphonesimulator/ProbeHost.build/Objects-normal/arm64/ProbeHost.SwiftConstValuesFileList (in target 'ProbeHost' from project 'SoloSoulFE2UIProbe')
    cd /tmp/solosoul-fe2-ios-root-viewport-ui-20261008
    write-file /tmp/solosoul-fe2-ios-root-viewport-ui-20261008/DerivedData/Build/Intermediates.noindex/SoloSoulFE2UIProbe.build/Debug-iphonesimulator/ProbeHost.build/Objects-normal/arm64/ProbeHost.SwiftConstValuesFileList

WriteAuxiliaryFile /tmp/solosoul-fe2-ios-root-viewport-ui-20261008/DerivedData/Build/Intermediates.noindex/SoloSoulFE2UIProbe.build/Debug-iphonesimulator/ProbeHost.build/Objects-normal/arm64/ProbeHost.LinkFileList (in target 'ProbeHost' from project 'SoloSoulFE2UIProbe')
    cd /tmp/solosoul-fe2-ios-root-viewport-ui-20261008
    write-file /tmp/solosoul-fe2-ios-root-viewport-ui-20261008/DerivedData/Build/Intermediates.noindex/SoloSoulFE2UIProbe.build/Debug-iphonesimulator/ProbeHost.build/Objects-normal/arm64/ProbeHost.LinkFileList

WriteAuxiliaryFile /tmp/solosoul-fe2-ios-root-viewport-ui-20261008/DerivedData/Build/Intermediates.noindex/SoloSoulFE2UIProbe.build/Debug-iphonesimulator/ProbeHost.build/Objects-normal/arm64/ProbeHost-OutputFileMap.json (in target 'ProbeHost' from project 'SoloSoulFE2UIProbe')
    cd /tmp/solosoul-fe2-ios-root-viewport-ui-20261008
    write-file /tmp/solosoul-fe2-ios-root-viewport-ui-20261008/DerivedData/Build/Intermediates.noindex/SoloSoulFE2UIProbe.build/Debug-iphonesimulator/ProbeHost.build/Objects-normal/arm64/ProbeHost-OutputFileMap.json

MkDir /tmp/solosoul-fe2-ios-root-viewport-ui-20261008/DerivedData/Build/Products/Debug-iphonesimulator/ProbeHost.app (in target 'ProbeHost' from project 'SoloSoulFE2UIProbe')
    cd /tmp/solosoul-fe2-ios-root-viewport-ui-20261008
    /bin/mkdir -p /tmp/solosoul-fe2-ios-root-viewport-ui-20261008/DerivedData/Build/Products/Debug-iphonesimulator/ProbeHost.app

MkDir /tmp/solosoul-fe2-ios-root-viewport-ui-20261008/DerivedData/Build/Products/Debug-iphonesimulator/ProbeTests-Runner.app/PlugIns/ProbeTests.xctest (in target 'ProbeTests' from project 'SoloSoulFE2UIProbe')
    cd /tmp/solosoul-fe2-ios-root-viewport-ui-20261008
    /bin/mkdir -p /tmp/solosoul-fe2-ios-root-viewport-ui-20261008/DerivedData/Build/Products/Debug-iphonesimulator/ProbeTests-Runner.app/PlugIns/ProbeTests.xctest

ProcessInfoPlistFile /tmp/solosoul-fe2-ios-root-viewport-ui-20261008/DerivedData/Build/Products/Debug-iphonesimulator/ProbeHost.app/Info.plist /tmp/solosoul-fe2-ios-root-viewport-ui-20261008/DerivedData/Build/Intermediates.noindex/SoloSoulFE2UIProbe.build/Debug-iphonesimulator/ProbeHost.build/empty-ProbeHost.plist (in target 'ProbeHost' from project 'SoloSoulFE2UIProbe')
    cd /tmp/solosoul-fe2-ios-root-viewport-ui-20261008
    builtin-infoPlistUtility /tmp/solosoul-fe2-ios-root-viewport-ui-20261008/DerivedData/Build/Intermediates.noindex/SoloSoulFE2UIProbe.build/Debug-iphonesimulator/ProbeHost.build/empty-ProbeHost.plist -producttype com.apple.product-type.application -genpkginfo /tmp/solosoul-fe2-ios-root-viewport-ui-20261008/DerivedData/Build/Products/Debug-iphonesimulator/ProbeHost.app/PkgInfo -expandbuildsettings -format binary -platform iphonesimulator -o /tmp/solosoul-fe2-ios-root-viewport-ui-20261008/DerivedData/Build/Products/Debug-iphonesimulator/ProbeHost.app/Info.plist

Ld /tmp/solosoul-fe2-ios-root-viewport-ui-20261008/DerivedData/Build/Intermediates.noindex/SoloSoulFE2UIProbe.build/Debug-iphonesimulator/ProbeHost.build/Objects-normal/x86_64/Binary/__preview.dylib normal x86_64 (in target 'ProbeHost' from project 'SoloSoulFE2UIProbe')
    cd /tmp/solosoul-fe2-ios-root-viewport-ui-20261008
    /Applications/Xcode.app/Contents/Developer/Toolchains/XcodeDefault.xctoolchain/usr/bin/clang -Xlinker -reproducible -target x86_64-apple-ios14.0-simulator -dynamiclib -isysroot /Applications/Xcode.app/Contents/Developer/Platforms/iPhoneSimulator.platform/Developer/SDKs/iPhoneSimulator26.2.sdk -O0 -L/tmp/solosoul-fe2-ios-root-viewport-ui-20261008/DerivedData/Build/Products/Debug-iphonesimulator -F/tmp/solosoul-fe2-ios-root-viewport-ui-20261008/DerivedData/Build/Products/Debug-iphonesimulator -install_name @rpath/ProbeHost.debug.dylib -dead_strip -rdynamic -Xlinker -no_deduplicate -Xlinker -objc_abi_version -Xlinker 2 -Xlinker -dependency_info -Xlinker /tmp/solosoul-fe2-ios-root-viewport-ui-20261008/DerivedData/Build/Intermediates.noindex/SoloSoulFE2UIProbe.build/Debug-iphonesimulator/ProbeHost.build/Objects-normal/x86_64/ProbeHost_dependency_info.dat -o /tmp/solosoul-fe2-ios-root-viewport-ui-20261008/DerivedData/Build/Intermediates.noindex/SoloSoulFE2UIProbe.build/Debug-iphonesimulator/ProbeHost.build/Objects-normal/x86_64/Binary/__preview.dylib

Ld /tmp/solosoul-fe2-ios-root-viewport-ui-20261008/DerivedData/Build/Intermediates.noindex/SoloSoulFE2UIProbe.build/Debug-iphonesimulator/ProbeHost.build/Objects-normal/arm64/Binary/__preview.dylib normal arm64 (in target 'ProbeHost' from project 'SoloSoulFE2UIProbe')
    cd /tmp/solosoul-fe2-ios-root-viewport-ui-20261008
    /Applications/Xcode.app/Contents/Developer/Toolchains/XcodeDefault.xctoolchain/usr/bin/clang -Xlinker -reproducible -target arm64-apple-ios14.0-simulator -dynamiclib -isysroot /Applications/Xcode.app/Contents/Developer/Platforms/iPhoneSimulator.platform/Developer/SDKs/iPhoneSimulator26.2.sdk -O0 -L/tmp/solosoul-fe2-ios-root-viewport-ui-20261008/DerivedData/Build/Products/Debug-iphonesimulator -F/tmp/solosoul-fe2-ios-root-viewport-ui-20261008/DerivedData/Build/Products/Debug-iphonesimulator -install_name @rpath/ProbeHost.debug.dylib -dead_strip -rdynamic -Xlinker -no_deduplicate -Xlinker -objc_abi_version -Xlinker 2 -Xlinker -dependency_info -Xlinker /tmp/solosoul-fe2-ios-root-viewport-ui-20261008/DerivedData/Build/Intermediates.noindex/SoloSoulFE2UIProbe.build/Debug-iphonesimulator/ProbeHost.build/Objects-normal/arm64/ProbeHost_dependency_info.dat -o /tmp/solosoul-fe2-ios-root-viewport-ui-20261008/DerivedData/Build/Intermediates.noindex/SoloSoulFE2UIProbe.build/Debug-iphonesimulator/ProbeHost.build/Objects-normal/arm64/Binary/__preview.dylib

CreateUniversalBinary /tmp/solosoul-fe2-ios-root-viewport-ui-20261008/DerivedData/Build/Products/Debug-iphonesimulator/ProbeHost.app/__preview.dylib normal arm64\ x86_64 (in target 'ProbeHost' from project 'SoloSoulFE2UIProbe')
    cd /tmp/solosoul-fe2-ios-root-viewport-ui-20261008
    /Applications/Xcode.app/Contents/Developer/Toolchains/XcodeDefault.xctoolchain/usr/bin/lipo -create /tmp/solosoul-fe2-ios-root-viewport-ui-20261008/DerivedData/Build/Intermediates.noindex/SoloSoulFE2UIProbe.build/Debug-iphonesimulator/ProbeHost.build/Objects-normal/arm64/Binary/__preview.dylib /tmp/solosoul-fe2-ios-root-viewport-ui-20261008/DerivedData/Build/Intermediates.noindex/SoloSoulFE2UIProbe.build/Debug-iphonesimulator/ProbeHost.build/Objects-normal/x86_64/Binary/__preview.dylib -output /tmp/solosoul-fe2-ios-root-viewport-ui-20261008/DerivedData/Build/Products/Debug-iphonesimulator/ProbeHost.app/__preview.dylib

SwiftDriver ProbeHost normal x86_64 com.apple.xcode.tools.swift.compiler (in target 'ProbeHost' from project 'SoloSoulFE2UIProbe')
    cd /tmp/solosoul-fe2-ios-root-viewport-ui-20261008
    builtin-SwiftDriver -- /Applications/Xcode.app/Contents/Developer/Toolchains/XcodeDefault.xctoolchain/usr/bin/swiftc -module-name ProbeHost -Onone -enforce-exclusivity\=checked @/tmp/solosoul-fe2-ios-root-viewport-ui-20261008/DerivedData/Build/Intermediates.noindex/SoloSoulFE2UIProbe.build/Debug-iphonesimulator/ProbeHost.build/Objects-normal/x86_64/ProbeHost.SwiftFileList -DDEBUG -enable-bare-slash-regex -enable-experimental-feature DebugDescriptionMacro -sdk /Applications/Xcode.app/Contents/Developer/Platforms/iPhoneSimulator.platform/Developer/SDKs/iPhoneSimulator26.2.sdk -target x86_64-apple-ios14.0-simulator -g -module-cache-path /tmp/solosoul-fe2-ios-root-viewport-ui-20261008/DerivedData/ModuleCache.noindex -Xfrontend -serialize-debugging-options -enable-testing -index-store-path /tmp/solosoul-fe2-ios-root-viewport-ui-20261008/DerivedData/Index.noindex/DataStore -Xcc -D_LIBCPP_HARDENING_MODE\=_LIBCPP_HARDENING_MODE_DEBUG -swift-version 5 -I /tmp/solosoul-fe2-ios-root-viewport-ui-20261008/DerivedData/Build/Products/Debug-iphonesimulator -F /tmp/solosoul-fe2-ios-root-viewport-ui-20261008/DerivedData/Build/Products/Debug-iphonesimulator -parse-as-library -c -j8 -enable-batch-mode -incremental -Xcc -ivfsstatcache -Xcc /tmp/solosoul-fe2-ios-root-viewport-ui-20261008/DerivedData/SDKStatCaches.noindex/iphonesimulator26.2-23C57-7d00a8b37fbd7999ea79df8ebc024bf0.sdkstatcache -output-file-map /tmp/solosoul-fe2-ios-root-viewport-ui-20261008/DerivedData/Build/Intermediates.noindex/SoloSoulFE2UIProbe.build/Debug-iphonesimulator/ProbeHost.build/Objects-normal/x86_64/ProbeHost-OutputFileMap.json -use-frontend-parseable-output -save-temps -no-color-diagnostics -explicit-module-build -module-cache-path /tmp/solosoul-fe2-ios-root-viewport-ui-20261008/DerivedData/Build/Intermediates.noindex/SwiftExplicitPrecompiledModules -clang-scanner-module-cache-path /tmp/solosoul-fe2-ios-root-viewport-ui-20261008/DerivedData/ModuleCache.noindex -sdk-module-cache-path /tmp/solosoul-fe2-ios-root-viewport-ui-20261008/DerivedData/ModuleCache.noindex -serialize-diagnostics -emit-dependencies -emit-module -emit-module-path /tmp/solosoul-fe2-ios-root-viewport-ui-20261008/DerivedData/Build/Intermediates.noindex/SoloSoulFE2UIProbe.build/Debug-iphonesimulator/ProbeHost.build/Objects-normal/x86_64/ProbeHost.swiftmodule -validate-clang-modules-once -clang-build-session-file /tmp/solosoul-fe2-ios-root-viewport-ui-20261008/DerivedData/ModuleCache.noindex/Session.modulevalidation -Xcc -I/tmp/solosoul-fe2-ios-root-viewport-ui-20261008/DerivedData/Build/Intermediates.noindex/SoloSoulFE2UIProbe.build/Debug-iphonesimulator/ProbeHost.build/swift-overrides.hmap -emit-const-values -Xfrontend -const-gather-protocols-file -Xfrontend /tmp/solosoul-fe2-ios-root-viewport-ui-20261008/DerivedData/Build/Intermediates.noindex/SoloSoulFE2UIProbe.build/Debug-iphonesimulator/ProbeHost.build/Objects-normal/x86_64/ProbeHost_const_extract_protocols.json -Xcc -iquote -Xcc /tmp/solosoul-fe2-ios-root-viewport-ui-20261008/DerivedData/Build/Intermediates.noindex/SoloSoulFE2UIProbe.build/Debug-iphonesimulator/ProbeHost.build/ProbeHost-generated-files.hmap -Xcc -I/tmp/solosoul-fe2-ios-root-viewport-ui-20261008/DerivedData/Build/Intermediates.noindex/SoloSoulFE2UIProbe.build/Debug-iphonesimulator/ProbeHost.build/ProbeHost-own-target-headers.hmap -Xcc -I/tmp/solosoul-fe2-ios-root-viewport-ui-20261008/DerivedData/Build/Intermediates.noindex/SoloSoulFE2UIProbe.build/Debug-iphonesimulator/ProbeHost.build/ProbeHost-all-target-headers.hmap -Xcc -iquote -Xcc /tmp/solosoul-fe2-ios-root-viewport-ui-20261008/DerivedData/Build/Intermediates.noindex/SoloSoulFE2UIProbe.build/Debug-iphonesimulator/ProbeHost.build/ProbeHost-project-headers.hmap -Xcc -I/tmp/solosoul-fe2-ios-root-viewport-ui-20261008/DerivedData/Build/Products/Debug-iphonesimulator/include -Xcc -I/tmp/solosoul-fe2-ios-root-viewport-ui-20261008/DerivedData/Build/Intermediates.noindex/SoloSoulFE2UIProbe.build/Debug-iphonesimulator/ProbeHost.build/DerivedSources-normal/x86_64 -Xcc -I/tmp/solosoul-fe2-ios-root-viewport-ui-20261008/DerivedData/Build/Intermediates.noindex/SoloSoulFE2UIProbe.build/Debug-iphonesimulator/ProbeHost.build/DerivedSources/x86_64 -Xcc -I/tmp/solosoul-fe2-ios-root-viewport-ui-20261008/DerivedData/Build/Intermediates.noindex/SoloSoulFE2UIProbe.build/Debug-iphonesimulator/ProbeHost.build/DerivedSources -Xcc -DDEBUG\=1 -emit-objc-header -emit-objc-header-path /tmp/solosoul-fe2-ios-root-viewport-ui-20261008/DerivedData/Build/Intermediates.noindex/SoloSoulFE2UIProbe.build/Debug-iphonesimulator/ProbeHost.build/Objects-normal/x86_64/ProbeHost-Swift.h -working-directory /tmp/solosoul-fe2-ios-root-viewport-ui-20261008 -experimental-emit-module-separately -disable-cmo

SwiftDriver ProbeHost normal arm64 com.apple.xcode.tools.swift.compiler (in target 'ProbeHost' from project 'SoloSoulFE2UIProbe')
    cd /tmp/solosoul-fe2-ios-root-viewport-ui-20261008
    builtin-SwiftDriver -- /Applications/Xcode.app/Contents/Developer/Toolchains/XcodeDefault.xctoolchain/usr/bin/swiftc -module-name ProbeHost -Onone -enforce-exclusivity\=checked @/tmp/solosoul-fe2-ios-root-viewport-ui-20261008/DerivedData/Build/Intermediates.noindex/SoloSoulFE2UIProbe.build/Debug-iphonesimulator/ProbeHost.build/Objects-normal/arm64/ProbeHost.SwiftFileList -DDEBUG -enable-bare-slash-regex -enable-experimental-feature DebugDescriptionMacro -sdk /Applications/Xcode.app/Contents/Developer/Platforms/iPhoneSimulator.platform/Developer/SDKs/iPhoneSimulator26.2.sdk -target arm64-apple-ios14.0-simulator -g -module-cache-path /tmp/solosoul-fe2-ios-root-viewport-ui-20261008/DerivedData/ModuleCache.noindex -Xfrontend -serialize-debugging-options -enable-testing -index-store-path /tmp/solosoul-fe2-ios-root-viewport-ui-20261008/DerivedData/Index.noindex/DataStore -Xcc -D_LIBCPP_HARDENING_MODE\=_LIBCPP_HARDENING_MODE_DEBUG -swift-version 5 -I /tmp/solosoul-fe2-ios-root-viewport-ui-20261008/DerivedData/Build/Products/Debug-iphonesimulator -F /tmp/solosoul-fe2-ios-root-viewport-ui-20261008/DerivedData/Build/Products/Debug-iphonesimulator -parse-as-library -c -j8 -enable-batch-mode -incremental -Xcc -ivfsstatcache -Xcc /tmp/solosoul-fe2-ios-root-viewport-ui-20261008/DerivedData/SDKStatCaches.noindex/iphonesimulator26.2-23C57-7d00a8b37fbd7999ea79df8ebc024bf0.sdkstatcache -output-file-map /tmp/solosoul-fe2-ios-root-viewport-ui-20261008/DerivedData/Build/Intermediates.noindex/SoloSoulFE2UIProbe.build/Debug-iphonesimulator/ProbeHost.build/Objects-normal/arm64/ProbeHost-OutputFileMap.json -use-frontend-parseable-output -save-temps -no-color-diagnostics -explicit-module-build -module-cache-path /tmp/solosoul-fe2-ios-root-viewport-ui-20261008/DerivedData/Build/Intermediates.noindex/SwiftExplicitPrecompiledModules -clang-scanner-module-cache-path /tmp/solosoul-fe2-ios-root-viewport-ui-20261008/DerivedData/ModuleCache.noindex -sdk-module-cache-path /tmp/solosoul-fe2-ios-root-viewport-ui-20261008/DerivedData/ModuleCache.noindex -serialize-diagnostics -emit-dependencies -emit-module -emit-module-path /tmp/solosoul-fe2-ios-root-viewport-ui-20261008/DerivedData/Build/Intermediates.noindex/SoloSoulFE2UIProbe.build/Debug-iphonesimulator/ProbeHost.build/Objects-normal/arm64/ProbeHost.swiftmodule -validate-clang-modules-once -clang-build-session-file /tmp/solosoul-fe2-ios-root-viewport-ui-20261008/DerivedData/ModuleCache.noindex/Session.modulevalidation -Xcc -I/tmp/solosoul-fe2-ios-root-viewport-ui-20261008/DerivedData/Build/Intermediates.noindex/SoloSoulFE2UIProbe.build/Debug-iphonesimulator/ProbeHost.build/swift-overrides.hmap -emit-const-values -Xfrontend -const-gather-protocols-file -Xfrontend /tmp/solosoul-fe2-ios-root-viewport-ui-20261008/DerivedData/Build/Intermediates.noindex/SoloSoulFE2UIProbe.build/Debug-iphonesimulator/ProbeHost.build/Objects-normal/arm64/ProbeHost_const_extract_protocols.json -Xcc -iquote -Xcc /tmp/solosoul-fe2-ios-root-viewport-ui-20261008/DerivedData/Build/Intermediates.noindex/SoloSoulFE2UIProbe.build/Debug-iphonesimulator/ProbeHost.build/ProbeHost-generated-files.hmap -Xcc -I/tmp/solosoul-fe2-ios-root-viewport-ui-20261008/DerivedData/Build/Intermediates.noindex/SoloSoulFE2UIProbe.build/Debug-iphonesimulator/ProbeHost.build/ProbeHost-own-target-headers.hmap -Xcc -I/tmp/solosoul-fe2-ios-root-viewport-ui-20261008/DerivedData/Build/Intermediates.noindex/SoloSoulFE2UIProbe.build/Debug-iphonesimulator/ProbeHost.build/ProbeHost-all-target-headers.hmap -Xcc -iquote -Xcc /tmp/solosoul-fe2-ios-root-viewport-ui-20261008/DerivedData/Build/Intermediates.noindex/SoloSoulFE2UIProbe.build/Debug-iphonesimulator/ProbeHost.build/ProbeHost-project-headers.hmap -Xcc -I/tmp/solosoul-fe2-ios-root-viewport-ui-20261008/DerivedData/Build/Products/Debug-iphonesimulator/include -Xcc -I/tmp/solosoul-fe2-ios-root-viewport-ui-20261008/DerivedData/Build/Intermediates.noindex/SoloSoulFE2UIProbe.build/Debug-iphonesimulator/ProbeHost.build/DerivedSources-normal/arm64 -Xcc -I/tmp/solosoul-fe2-ios-root-viewport-ui-20261008/DerivedData/Build/Intermediates.noindex/SoloSoulFE2UIProbe.build/Debug-iphonesimulator/ProbeHost.build/DerivedSources/arm64 -Xcc -I/tmp/solosoul-fe2-ios-root-viewport-ui-20261008/DerivedData/Build/Intermediates.noindex/SoloSoulFE2UIProbe.build/Debug-iphonesimulator/ProbeHost.build/DerivedSources -Xcc -DDEBUG\=1 -emit-objc-header -emit-objc-header-path /tmp/solosoul-fe2-ios-root-viewport-ui-20261008/DerivedData/Build/Intermediates.noindex/SoloSoulFE2UIProbe.build/Debug-iphonesimulator/ProbeHost.build/Objects-normal/arm64/ProbeHost-Swift.h -working-directory /tmp/solosoul-fe2-ios-root-viewport-ui-20261008 -experimental-emit-module-separately -disable-cmo

SwiftExplicitDependencyGeneratePcm x86_64 /tmp/solosoul-fe2-ios-root-viewport-ui-20261008/DerivedData/ModuleCache.noindex/ptrcheck-9KPBDH2E2R273XQ7VH9WPHIUO.pcm

SwiftExplicitDependencyGeneratePcm x86_64 /tmp/solosoul-fe2-ios-root-viewport-ui-20261008/DerivedData/ModuleCache.noindex/_SwiftConcurrencyShims-7HMTKVXN12AMAVHRYQJ784CZR.pcm

SwiftExplicitDependencyGeneratePcm x86_64 /tmp/solosoul-fe2-ios-root-viewport-ui-20261008/DerivedData/ModuleCache.noindex/DeveloperToolsSupport-E8BGFNB1YG4B0BI6QBL1J4TY4.pcm

SwiftExplicitDependencyGeneratePcm x86_64 /tmp/solosoul-fe2-ios-root-viewport-ui-20261008/DerivedData/ModuleCache.noindex/_Builtin_stddef-7V22F1KE75I56ZOC1IIBBJKU0.pcm

SwiftExplicitDependencyGeneratePcm x86_64 /tmp/solosoul-fe2-ios-root-viewport-ui-20261008/DerivedData/ModuleCache.noindex/_AvailabilityInternal-326KSKA4X3KD0G8WI3Y7QI85V.pcm

SwiftExplicitDependencyGeneratePcm x86_64 /tmp/solosoul-fe2-ios-root-viewport-ui-20261008/DerivedData/ModuleCache.noindex/_Builtin_stdarg-7UD2IRPIOABAABZYR02R5SV1W.pcm

SwiftExplicitDependencyGeneratePcm x86_64 /tmp/solosoul-fe2-ios-root-viewport-ui-20261008/DerivedData/ModuleCache.noindex/ptrauth-63B4OHW5O2903B7UGRVCZ10FS.pcm

SwiftExplicitDependencyGeneratePcm x86_64 /tmp/solosoul-fe2-ios-root-viewport-ui-20261008/DerivedData/ModuleCache.noindex/_Builtin_stdbool-BIHSLGJ1VEP9GT0DAZ8SW76Q0.pcm

SwiftExplicitDependencyGeneratePcm arm64 /tmp/solosoul-fe2-ios-root-viewport-ui-20261008/DerivedData/ModuleCache.noindex/SwiftShims-74H8R9S857G6FVEQS4TE6NJ14.pcm

SwiftExplicitDependencyGeneratePcm arm64 /tmp/solosoul-fe2-ios-root-viewport-ui-20261008/DerivedData/ModuleCache.noindex/_AvailabilityInternal-CXVSDSTP5Z1C4IRFNALWY3A6Z.pcm

SwiftExplicitDependencyGeneratePcm arm64 /tmp/solosoul-fe2-ios-root-viewport-ui-20261008/DerivedData/ModuleCache.noindex/_Builtin_stdarg-4JFUUS25J670QXJAL06FC3AEB.pcm

SwiftExplicitDependencyGeneratePcm arm64 /tmp/solosoul-fe2-ios-root-viewport-ui-20261008/DerivedData/ModuleCache.noindex/_Builtin_stdbool-41WEPL0JAID53SO7MRLSYSLF0.pcm

SwiftExplicitDependencyGeneratePcm arm64 /tmp/solosoul-fe2-ios-root-viewport-ui-20261008/DerivedData/ModuleCache.noindex/_Builtin_float-E5NMZSA3NFWNJY87XSAA6K93B.pcm

SwiftExplicitDependencyGeneratePcm arm64 /tmp/solosoul-fe2-ios-root-viewport-ui-20261008/DerivedData/ModuleCache.noindex/ptrauth-B0OZVERZKXL1OWJGSHAYR9S0U.pcm

SwiftExplicitDependencyGeneratePcm arm64 /tmp/solosoul-fe2-ios-root-viewport-ui-20261008/DerivedData/ModuleCache.noindex/ptrcheck-7RI1BIGOMVGATIZYKYULU6E1M.pcm

SwiftExplicitDependencyGeneratePcm arm64 /tmp/solosoul-fe2-ios-root-viewport-ui-20261008/DerivedData/ModuleCache.noindex/_Builtin_stddef-2V0TNNVC7FLLKASVFCMN5WU4C.pcm

SwiftExplicitDependencyGeneratePcm x86_64 /tmp/solosoul-fe2-ios-root-viewport-ui-20261008/DerivedData/ModuleCache.noindex/_DarwinFoundation1-B9JZ6604TKJUWTOW9K93F9N0Q.pcm

SwiftExplicitDependencyGeneratePcm arm64 /tmp/solosoul-fe2-ios-root-viewport-ui-20261008/DerivedData/ModuleCache.noindex/_SwiftConcurrencyShims-CL8EYUV16HMC96Y3SK04SDJT.pcm

SwiftExplicitDependencyGeneratePcm x86_64 /tmp/solosoul-fe2-ios-root-viewport-ui-20261008/DerivedData/ModuleCache.noindex/_Builtin_float-DD8295NDHJNANXCD0GVQ9B3JN.pcm

SwiftExplicitDependencyGeneratePcm arm64 /tmp/solosoul-fe2-ios-root-viewport-ui-20261008/DerivedData/ModuleCache.noindex/DeveloperToolsSupport-EWX9HX694SGRI2RUYWDPVC8E6.pcm

SwiftExplicitDependencyGeneratePcm x86_64 /tmp/solosoul-fe2-ios-root-viewport-ui-20261008/DerivedData/ModuleCache.noindex/SwiftShims-A5PGCF94ODCJCBY1353MSA4N2.pcm

SwiftExplicitDependencyGeneratePcm arm64 /tmp/solosoul-fe2-ios-root-viewport-ui-20261008/DerivedData/ModuleCache.noindex/_DarwinFoundation1-CAA3YX4CO20ABRJ36WQM4R4LV.pcm

SwiftExplicitDependencyGeneratePcm x86_64 /tmp/solosoul-fe2-ios-root-viewport-ui-20261008/DerivedData/ModuleCache.noindex/_Builtin_limits-32U8TJ7X9SMXMSS9TFRGGG2Z.pcm

SwiftExplicitDependencyGeneratePcm x86_64 /tmp/solosoul-fe2-ios-root-viewport-ui-20261008/DerivedData/ModuleCache.noindex/_DarwinFoundation2-BI867Y420AWJ07Q3UUV4XBPFB.pcm

SwiftExplicitDependencyGeneratePcm arm64 /tmp/solosoul-fe2-ios-root-viewport-ui-20261008/DerivedData/ModuleCache.noindex/_DarwinFoundation2-B8NVEBYV8B16S6UHGWM3VRHGG.pcm

SwiftExplicitDependencyGeneratePcm arm64 /tmp/solosoul-fe2-ios-root-viewport-ui-20261008/DerivedData/ModuleCache.noindex/_Builtin_limits-BJMO9H9PBIEGEJLB0R56WIR1E.pcm

SwiftExplicitDependencyGeneratePcm x86_64 /tmp/solosoul-fe2-ios-root-viewport-ui-20261008/DerivedData/ModuleCache.noindex/sys_types-1QSO0SD06DTOYOAIZQHO2XCPU.pcm

SwiftExplicitDependencyGeneratePcm x86_64 /tmp/solosoul-fe2-ios-root-viewport-ui-20261008/DerivedData/ModuleCache.noindex/_Builtin_stdint-9D0QGE2BDG5SYBJYAUW48UZBC.pcm

SwiftExplicitDependencyGeneratePcm arm64 /tmp/solosoul-fe2-ios-root-viewport-ui-20261008/DerivedData/ModuleCache.noindex/sys_types-7EQB1DLS9ACBI8TJOU8X9AXBQ.pcm

SwiftExplicitDependencyGeneratePcm arm64 /tmp/solosoul-fe2-ios-root-viewport-ui-20261008/DerivedData/ModuleCache.noindex/_Builtin_stdint-1YW02IFMFZYM7NA5LZEMUEDNO.pcm

SwiftExplicitDependencyGeneratePcm x86_64 /tmp/solosoul-fe2-ios-root-viewport-ui-20261008/DerivedData/ModuleCache.noindex/_DarwinFoundation3-6KYP80GSKSLIN8HY2VQ7OP8YY.pcm

SwiftExplicitDependencyGeneratePcm x86_64 /tmp/solosoul-fe2-ios-root-viewport-ui-20261008/DerivedData/ModuleCache.noindex/_Builtin_stdatomic-3GL9UD3PI2UW1UH4UTJBFNCLU.pcm

SwiftExplicitDependencyGeneratePcm arm64 /tmp/solosoul-fe2-ios-root-viewport-ui-20261008/DerivedData/ModuleCache.noindex/_DarwinFoundation3-21FF80Y35IAP7XNLSHF93IUJP.pcm

SwiftExplicitDependencyGeneratePcm arm64 /tmp/solosoul-fe2-ios-root-viewport-ui-20261008/DerivedData/ModuleCache.noindex/_Builtin_stdatomic-D0YEEEEUAED6W6OX1CIAA8UXJ.pcm

SwiftExplicitDependencyGeneratePcm x86_64 /tmp/solosoul-fe2-ios-root-viewport-ui-20261008/DerivedData/ModuleCache.noindex/_Builtin_inttypes-5WMTAHTUECSR4750KFE5GKF0G.pcm

SwiftExplicitDependencyGeneratePcm arm64 /tmp/solosoul-fe2-ios-root-viewport-ui-20261008/DerivedData/ModuleCache.noindex/_Builtin_inttypes-6S239EJNA15Z0U1BSGFX5NCUH.pcm

SwiftExplicitDependencyGeneratePcm x86_64 /tmp/solosoul-fe2-ios-root-viewport-ui-20261008/DerivedData/ModuleCache.noindex/Darwin-18MGYKK9D7UXY6O25IEOS8QMM.pcm

SwiftExplicitDependencyGeneratePcm arm64 /tmp/solosoul-fe2-ios-root-viewport-ui-20261008/DerivedData/ModuleCache.noindex/Darwin-AG4KUNT9MGL3HLZF3GOB4H30W.pcm

SwiftExplicitDependencyGeneratePcm x86_64 /tmp/solosoul-fe2-ios-root-viewport-ui-20261008/DerivedData/ModuleCache.noindex/MachO-US8A00528NLTSUFJK1L9FSS7.pcm

SwiftExplicitDependencyGeneratePcm x86_64 /tmp/solosoul-fe2-ios-root-viewport-ui-20261008/DerivedData/ModuleCache.noindex/ObjectiveC-8IDVE3HWIDXXNUA6GDEZUB435.pcm

SwiftExplicitDependencyGeneratePcm arm64 /tmp/solosoul-fe2-ios-root-viewport-ui-20261008/DerivedData/ModuleCache.noindex/MachO-3SHLEAA2ZTVX4L7O08TBA3M2B.pcm

SwiftExplicitDependencyGeneratePcm arm64 /tmp/solosoul-fe2-ios-root-viewport-ui-20261008/DerivedData/ModuleCache.noindex/ObjectiveC-BMV5HNO94IXFYUEXA5W70S6NG.pcm

SwiftExplicitDependencyGeneratePcm x86_64 /tmp/solosoul-fe2-ios-root-viewport-ui-20261008/DerivedData/ModuleCache.noindex/os_object-B19FMENK7H83M4H16BVN1ZTIP.pcm

SwiftExplicitDependencyGeneratePcm arm64 /tmp/solosoul-fe2-ios-root-viewport-ui-20261008/DerivedData/ModuleCache.noindex/os_object-49C5DYDFDZRREB7IZLGMTXCK5.pcm

SwiftExplicitDependencyGeneratePcm x86_64 /tmp/solosoul-fe2-ios-root-viewport-ui-20261008/DerivedData/ModuleCache.noindex/os_workgroup-7O75TW0LRXOOCMUCOCT7CAT79.pcm

SwiftExplicitDependencyGeneratePcm arm64 /tmp/solosoul-fe2-ios-root-viewport-ui-20261008/DerivedData/ModuleCache.noindex/os_workgroup-B47YC1ZRFRIFE6JI3Z721K7Q0.pcm

SwiftExplicitDependencyGeneratePcm x86_64 /tmp/solosoul-fe2-ios-root-viewport-ui-20261008/DerivedData/ModuleCache.noindex/Dispatch-BE4S3MWK4KKYUREXS7Q9JQOBT.pcm

SwiftExplicitDependencyGeneratePcm arm64 /tmp/solosoul-fe2-ios-root-viewport-ui-20261008/DerivedData/ModuleCache.noindex/Dispatch-86EMB6QJ3WD23DQSOQEO8ROQ1.pcm

SwiftExplicitDependencyGeneratePcm x86_64 /tmp/solosoul-fe2-ios-root-viewport-ui-20261008/DerivedData/ModuleCache.noindex/XPC-D7BEHOGU8O0RC4VMOTFWDW9KE.pcm

SwiftExplicitDependencyGeneratePcm x86_64 /tmp/solosoul-fe2-ios-root-viewport-ui-20261008/DerivedData/ModuleCache.noindex/CoreFoundation-13F7FCPTP7C8AVCSSOJ9E1P8Q.pcm

SwiftExplicitDependencyGeneratePcm arm64 /tmp/solosoul-fe2-ios-root-viewport-ui-20261008/DerivedData/ModuleCache.noindex/XPC-6QZEIHEJBWOPGKOF9A8VRTG8M.pcm

SwiftExplicitDependencyGeneratePcm arm64 /tmp/solosoul-fe2-ios-root-viewport-ui-20261008/DerivedData/ModuleCache.noindex/CoreFoundation-ELJQGLKQRDAZQN2POKBXNX7JJ.pcm

SwiftExplicitDependencyGeneratePcm x86_64 /tmp/solosoul-fe2-ios-root-viewport-ui-20261008/DerivedData/ModuleCache.noindex/os-9CWYLEY3OH1PF9G9XY9HIX9B5.pcm

SwiftExplicitDependencyGeneratePcm arm64 /tmp/solosoul-fe2-ios-root-viewport-ui-20261008/DerivedData/ModuleCache.noindex/os-5H8G4NU2S5TH50VWUK1LNM694.pcm

SwiftExplicitDependencyGeneratePcm x86_64 /tmp/solosoul-fe2-ios-root-viewport-ui-20261008/DerivedData/ModuleCache.noindex/CFNetwork-C12BUCPQA9QNG54QPF7Z8SSCG.pcm

SwiftExplicitDependencyGeneratePcm x86_64 /tmp/solosoul-fe2-ios-root-viewport-ui-20261008/DerivedData/ModuleCache.noindex/CoreGraphics-6ZU3D0CN1JLTDJDCWK0O9MZDK.pcm

SwiftExplicitDependencyGeneratePcm x86_64 /tmp/solosoul-fe2-ios-root-viewport-ui-20261008/DerivedData/ModuleCache.noindex/Security-52M6F1VVIDK7HEN77OZSMLGVC.pcm

SwiftExplicitDependencyGeneratePcm arm64 /tmp/solosoul-fe2-ios-root-viewport-ui-20261008/DerivedData/ModuleCache.noindex/CFNetwork-8D4OC0JDWMCKAECH6H4AJZE0J.pcm

SwiftExplicitDependencyGeneratePcm arm64 /tmp/solosoul-fe2-ios-root-viewport-ui-20261008/DerivedData/ModuleCache.noindex/CoreGraphics-AUA3X0N5ZNH5KH4CJI47SGL7S.pcm

SwiftExplicitDependencyGeneratePcm arm64 /tmp/solosoul-fe2-ios-root-viewport-ui-20261008/DerivedData/ModuleCache.noindex/Security-6YSIVKZJRVDXBZOY63YYH7BFF.pcm

SwiftExplicitDependencyGeneratePcm x86_64 /tmp/solosoul-fe2-ios-root-viewport-ui-20261008/DerivedData/ModuleCache.noindex/Foundation-16M7SRAB52L965MBNEW6UFDUU.pcm

SwiftExplicitDependencyGeneratePcm x86_64 /tmp/solosoul-fe2-ios-root-viewport-ui-20261008/DerivedData/ModuleCache.noindex/CoreText-DWA0Z3X0T8WPULVXM68OUQRU2.pcm

SwiftExplicitDependencyGeneratePcm x86_64 /tmp/solosoul-fe2-ios-root-viewport-ui-20261008/DerivedData/ModuleCache.noindex/ImageIO-6CSK1PBTX2CRH7YC7UUWPA33C.pcm

SwiftExplicitDependencyGeneratePcm arm64 /tmp/solosoul-fe2-ios-root-viewport-ui-20261008/DerivedData/ModuleCache.noindex/ImageIO-BKE3X8F5LAS6HO1SV14D2YQ3N.pcm

SwiftExplicitDependencyGeneratePcm arm64 /tmp/solosoul-fe2-ios-root-viewport-ui-20261008/DerivedData/ModuleCache.noindex/CoreText-CWD7AK1F2O0MZDVUEVJXQIGUG.pcm

SwiftExplicitDependencyGeneratePcm arm64 /tmp/solosoul-fe2-ios-root-viewport-ui-20261008/DerivedData/ModuleCache.noindex/Foundation-36I8I0ITPEVKDOY73WZI2Q3FM.pcm

SwiftExplicitDependencyGeneratePcm x86_64 /tmp/solosoul-fe2-ios-root-viewport-ui-20261008/DerivedData/ModuleCache.noindex/UniformTypeIdentifiers-AOJQGZYAX2LF0AMNNS932T7CY.pcm

SwiftExplicitDependencyGeneratePcm x86_64 /tmp/solosoul-fe2-ios-root-viewport-ui-20261008/DerivedData/ModuleCache.noindex/OSLog-DVU5NIZEC1T1LXCT96P3VSSYQ.pcm

SwiftExplicitDependencyGeneratePcm x86_64 /tmp/solosoul-fe2-ios-root-viewport-ui-20261008/DerivedData/ModuleCache.noindex/UIUtilities-C7G3QCT5EA1JPL1N7LCY93HSY.pcm

SwiftExplicitDependencyGeneratePcm x86_64 /tmp/solosoul-fe2-ios-root-viewport-ui-20261008/DerivedData/ModuleCache.noindex/CoreTransferable-426EXNNG3LF7MDDQB1LBE83TX.pcm

SwiftExplicitDependencyGeneratePcm x86_64 /tmp/solosoul-fe2-ios-root-viewport-ui-20261008/DerivedData/ModuleCache.noindex/DataDetection-63OEM4S6T53WYRJE38CSEBGXX.pcm

SwiftExplicitDependencyGeneratePcm x86_64 /tmp/solosoul-fe2-ios-root-viewport-ui-20261008/DerivedData/ModuleCache.noindex/Accessibility-PFYFNP6NOAFWLZL809UV2CAB.pcm

SwiftExplicitDependencyGeneratePcm x86_64 /tmp/solosoul-fe2-ios-root-viewport-ui-20261008/DerivedData/ModuleCache.noindex/OpenGLES-5D5VVJZU1F734DJ8N864UXUU2.pcm

SwiftExplicitDependencyGeneratePcm x86_64 /tmp/solosoul-fe2-ios-root-viewport-ui-20261008/DerivedData/ModuleCache.noindex/FileProvider-9W2OYG414J4TP4TA5M0CA1N60.pcm

SwiftExplicitDependencyGeneratePcm arm64 /tmp/solosoul-fe2-ios-root-viewport-ui-20261008/DerivedData/ModuleCache.noindex/UniformTypeIdentifiers-48477AZD2AQF6PQ83F65JUJN.pcm

SwiftExplicitDependencyGeneratePcm arm64 /tmp/solosoul-fe2-ios-root-viewport-ui-20261008/DerivedData/ModuleCache.noindex/IOSurface-12A0BEGWY3UDQSXXV4W2CQ4YG.pcm

SwiftExplicitDependencyGeneratePcm arm64 /tmp/solosoul-fe2-ios-root-viewport-ui-20261008/DerivedData/ModuleCache.noindex/FileProvider-BL769D0VB53SRVXDOMHNGHHZB.pcm

SwiftExplicitDependencyGeneratePcm arm64 /tmp/solosoul-fe2-ios-root-viewport-ui-20261008/DerivedData/ModuleCache.noindex/UIUtilities-1CSMYH9AFYYVM9HXJ9DF7HP70.pcm

SwiftExplicitDependencyGeneratePcm arm64 /tmp/solosoul-fe2-ios-root-viewport-ui-20261008/DerivedData/ModuleCache.noindex/OpenGLES-6LR9JOZZXUL96HI2MAPFQ49Q1.pcm

SwiftExplicitDependencyGeneratePcm arm64 /tmp/solosoul-fe2-ios-root-viewport-ui-20261008/DerivedData/ModuleCache.noindex/OSLog-34T0BJFU9HWI29Q6MJUHYIZNO.pcm

SwiftExplicitDependencyGeneratePcm arm64 /tmp/solosoul-fe2-ios-root-viewport-ui-20261008/DerivedData/ModuleCache.noindex/UserNotifications-IGPAGB0G8ZE7UNBXRDCR4GF1.pcm

SwiftExplicitDependencyGeneratePcm arm64 /tmp/solosoul-fe2-ios-root-viewport-ui-20261008/DerivedData/ModuleCache.noindex/CoreTransferable-2R759NRAVY75UUJ96WSEVUSUT.pcm

SwiftExplicitDependencyGeneratePcm x86_64 /tmp/solosoul-fe2-ios-root-viewport-ui-20261008/DerivedData/ModuleCache.noindex/IOSurface-6MYEW3TBUJNTGYEBQGIOI2YNQ.pcm

SwiftExplicitDependencyGeneratePcm arm64 /tmp/solosoul-fe2-ios-root-viewport-ui-20261008/DerivedData/ModuleCache.noindex/Symbols-51Z72UJ4ATWIHJORP75I6107G.pcm

SwiftExplicitDependencyGeneratePcm arm64 /tmp/solosoul-fe2-ios-root-viewport-ui-20261008/DerivedData/ModuleCache.noindex/Metal-A6GKU021O0AR6VZHR24YXZD70.pcm

SwiftExplicitDependencyGeneratePcm arm64 /tmp/solosoul-fe2-ios-root-viewport-ui-20261008/DerivedData/ModuleCache.noindex/DataDetection-CST6XN4WHSZE0P54U45PB46EQ.pcm

SwiftExplicitDependencyGeneratePcm x86_64 /tmp/solosoul-fe2-ios-root-viewport-ui-20261008/DerivedData/ModuleCache.noindex/Symbols-61AFID4DF2WGYF49J0F2LPWP5.pcm

SwiftExplicitDependencyGeneratePcm x86_64 /tmp/solosoul-fe2-ios-root-viewport-ui-20261008/DerivedData/ModuleCache.noindex/UserNotifications-ASB04JMGLOVGKCWEBXLLIP41N.pcm

SwiftExplicitDependencyGeneratePcm arm64 /tmp/solosoul-fe2-ios-root-viewport-ui-20261008/DerivedData/ModuleCache.noindex/Accessibility-2HFRV7LKRZ81ENHKGBOQZ52F2.pcm

SwiftExplicitDependencyGeneratePcm x86_64 /tmp/solosoul-fe2-ios-root-viewport-ui-20261008/DerivedData/ModuleCache.noindex/Metal-10OH1JDTPFEH3FL5MJM8M3YQ7.pcm

SwiftExplicitDependencyGeneratePcm arm64 /tmp/solosoul-fe2-ios-root-viewport-ui-20261008/DerivedData/ModuleCache.noindex/CoreVideo-7IKXEOEW77VDJ9CZZDG1OZXML.pcm

SwiftExplicitDependencyGeneratePcm x86_64 /tmp/solosoul-fe2-ios-root-viewport-ui-20261008/DerivedData/ModuleCache.noindex/CoreVideo-85QGBP7UJVS42VOQD53NIG3P7.pcm

SwiftExplicitDependencyGeneratePcm arm64 /tmp/solosoul-fe2-ios-root-viewport-ui-20261008/DerivedData/ModuleCache.noindex/QuartzCore-DSO99BZUCS53249K1HUYV00X.pcm

SwiftExplicitDependencyGeneratePcm arm64 /tmp/solosoul-fe2-ios-root-viewport-ui-20261008/DerivedData/ModuleCache.noindex/CoreImage-DBPKQKJI1O8G0L9RX7235CFQ8.pcm

SwiftExplicitDependencyGeneratePcm x86_64 /tmp/solosoul-fe2-ios-root-viewport-ui-20261008/DerivedData/ModuleCache.noindex/CoreImage-EGYE95JWNRW7YXAWZMK1YSRCG.pcm

SwiftExplicitDependencyGeneratePcm x86_64 /tmp/solosoul-fe2-ios-root-viewport-ui-20261008/DerivedData/ModuleCache.noindex/QuartzCore-AQXR1YB9PD2DIVKZCT2SZ7S14.pcm

SwiftExplicitDependencyGeneratePcm arm64 /tmp/solosoul-fe2-ios-root-viewport-ui-20261008/DerivedData/ModuleCache.noindex/SwiftUICore-SVVLGT3ORM7XFGXNT4UQM44M.pcm

SwiftExplicitDependencyGeneratePcm x86_64 /tmp/solosoul-fe2-ios-root-viewport-ui-20261008/DerivedData/ModuleCache.noindex/SwiftUICore-B4DTR8JLY5GD11FL2P1CWVSUT.pcm

SwiftExplicitDependencyGeneratePcm arm64 /tmp/solosoul-fe2-ios-root-viewport-ui-20261008/DerivedData/ModuleCache.noindex/UIKit-2ZFXHO5SEG10FDF1OHRVMPYTK.pcm

SwiftExplicitDependencyGeneratePcm x86_64 /tmp/solosoul-fe2-ios-root-viewport-ui-20261008/DerivedData/ModuleCache.noindex/UIKit-5MHFZQM0BAT9PD7ZVHSX4P08O.pcm

SwiftEmitModule normal arm64 Emitting\ module\ for\ ProbeHost (in target 'ProbeHost' from project 'SoloSoulFE2UIProbe')

SwiftCompile normal arm64 /tmp/solosoul-fe2-ios-root-viewport-ui-20261008/Host/App.swift (in target 'ProbeHost' from project 'SoloSoulFE2UIProbe')
    cd /tmp/solosoul-fe2-ios-root-viewport-ui-20261008
    

SwiftCompile normal arm64 Compiling\ App.swift /tmp/solosoul-fe2-ios-root-viewport-ui-20261008/Host/App.swift (in target 'ProbeHost' from project 'SoloSoulFE2UIProbe')
SwiftCompile normal arm64 /tmp/solosoul-fe2-ios-root-viewport-ui-20261008/Host/App.swift (in target 'ProbeHost' from project 'SoloSoulFE2UIProbe')
    cd /tmp/solosoul-fe2-ios-root-viewport-ui-20261008
    

SwiftCompile normal x86_64 Compiling\ App.swift /tmp/solosoul-fe2-ios-root-viewport-ui-20261008/Host/App.swift (in target 'ProbeHost' from project 'SoloSoulFE2UIProbe')
SwiftCompile normal x86_64 /tmp/solosoul-fe2-ios-root-viewport-ui-20261008/Host/App.swift (in target 'ProbeHost' from project 'SoloSoulFE2UIProbe')
    cd /tmp/solosoul-fe2-ios-root-viewport-ui-20261008
    

SwiftEmitModule normal x86_64 Emitting\ module\ for\ ProbeHost (in target 'ProbeHost' from project 'SoloSoulFE2UIProbe')

SwiftCompile normal x86_64 /tmp/solosoul-fe2-ios-root-viewport-ui-20261008/Host/App.swift (in target 'ProbeHost' from project 'SoloSoulFE2UIProbe')
    cd /tmp/solosoul-fe2-ios-root-viewport-ui-20261008
    

SwiftDriverJobDiscovery normal arm64 Emitting module for ProbeHost (in target 'ProbeHost' from project 'SoloSoulFE2UIProbe')

SwiftDriverJobDiscovery normal x86_64 Emitting module for ProbeHost (in target 'ProbeHost' from project 'SoloSoulFE2UIProbe')

SwiftDriver\ Compilation\ Requirements ProbeHost normal arm64 com.apple.xcode.tools.swift.compiler (in target 'ProbeHost' from project 'SoloSoulFE2UIProbe')
    cd /tmp/solosoul-fe2-ios-root-viewport-ui-20261008
    builtin-Swift-Compilation-Requirements -- /Applications/Xcode.app/Contents/Developer/Toolchains/XcodeDefault.xctoolchain/usr/bin/swiftc -module-name ProbeHost -Onone -enforce-exclusivity\=checked @/tmp/solosoul-fe2-ios-root-viewport-ui-20261008/DerivedData/Build/Intermediates.noindex/SoloSoulFE2UIProbe.build/Debug-iphonesimulator/ProbeHost.build/Objects-normal/arm64/ProbeHost.SwiftFileList -DDEBUG -enable-bare-slash-regex -enable-experimental-feature DebugDescriptionMacro -sdk /Applications/Xcode.app/Contents/Developer/Platforms/iPhoneSimulator.platform/Developer/SDKs/iPhoneSimulator26.2.sdk -target arm64-apple-ios14.0-simulator -g -module-cache-path /tmp/solosoul-fe2-ios-root-viewport-ui-20261008/DerivedData/ModuleCache.noindex -Xfrontend -serialize-debugging-options -enable-testing -index-store-path /tmp/solosoul-fe2-ios-root-viewport-ui-20261008/DerivedData/Index.noindex/DataStore -Xcc -D_LIBCPP_HARDENING_MODE\=_LIBCPP_HARDENING_MODE_DEBUG -swift-version 5 -I /tmp/solosoul-fe2-ios-root-viewport-ui-20261008/DerivedData/Build/Products/Debug-iphonesimulator -F /tmp/solosoul-fe2-ios-root-viewport-ui-20261008/DerivedData/Build/Products/Debug-iphonesimulator -parse-as-library -c -j8 -enable-batch-mode -incremental -Xcc -ivfsstatcache -Xcc /tmp/solosoul-fe2-ios-root-viewport-ui-20261008/DerivedData/SDKStatCaches.noindex/iphonesimulator26.2-23C57-7d00a8b37fbd7999ea79df8ebc024bf0.sdkstatcache -output-file-map /tmp/solosoul-fe2-ios-root-viewport-ui-20261008/DerivedData/Build/Intermediates.noindex/SoloSoulFE2UIProbe.build/Debug-iphonesimulator/ProbeHost.build/Objects-normal/arm64/ProbeHost-OutputFileMap.json -use-frontend-parseable-output -save-temps -no-color-diagnostics -explicit-module-build -module-cache-path /tmp/solosoul-fe2-ios-root-viewport-ui-20261008/DerivedData/Build/Intermediates.noindex/SwiftExplicitPrecompiledModules -clang-scanner-module-cache-path /tmp/solosoul-fe2-ios-root-viewport-ui-20261008/DerivedData/ModuleCache.noindex -sdk-module-cache-path /tmp/solosoul-fe2-ios-root-viewport-ui-20261008/DerivedData/ModuleCache.noindex -serialize-diagnostics -emit-dependencies -emit-module -emit-module-path /tmp/solosoul-fe2-ios-root-viewport-ui-20261008/DerivedData/Build/Intermediates.noindex/SoloSoulFE2UIProbe.build/Debug-iphonesimulator/ProbeHost.build/Objects-normal/arm64/ProbeHost.swiftmodule -validate-clang-modules-once -clang-build-session-file /tmp/solosoul-fe2-ios-root-viewport-ui-20261008/DerivedData/ModuleCache.noindex/Session.modulevalidation -Xcc -I/tmp/solosoul-fe2-ios-root-viewport-ui-20261008/DerivedData/Build/Intermediates.noindex/SoloSoulFE2UIProbe.build/Debug-iphonesimulator/ProbeHost.build/swift-overrides.hmap -emit-const-values -Xfrontend -const-gather-protocols-file -Xfrontend /tmp/solosoul-fe2-ios-root-viewport-ui-20261008/DerivedData/Build/Intermediates.noindex/SoloSoulFE2UIProbe.build/Debug-iphonesimulator/ProbeHost.build/Objects-normal/arm64/ProbeHost_const_extract_protocols.json -Xcc -iquote -Xcc /tmp/solosoul-fe2-ios-root-viewport-ui-20261008/DerivedData/Build/Intermediates.noindex/SoloSoulFE2UIProbe.build/Debug-iphonesimulator/ProbeHost.build/ProbeHost-generated-files.hmap -Xcc -I/tmp/solosoul-fe2-ios-root-viewport-ui-20261008/DerivedData/Build/Intermediates.noindex/SoloSoulFE2UIProbe.build/Debug-iphonesimulator/ProbeHost.build/ProbeHost-own-target-headers.hmap -Xcc -I/tmp/solosoul-fe2-ios-root-viewport-ui-20261008/DerivedData/Build/Intermediates.noindex/SoloSoulFE2UIProbe.build/Debug-iphonesimulator/ProbeHost.build/ProbeHost-all-target-headers.hmap -Xcc -iquote -Xcc /tmp/solosoul-fe2-ios-root-viewport-ui-20261008/DerivedData/Build/Intermediates.noindex/SoloSoulFE2UIProbe.build/Debug-iphonesimulator/ProbeHost.build/ProbeHost-project-headers.hmap -Xcc -I/tmp/solosoul-fe2-ios-root-viewport-ui-20261008/DerivedData/Build/Products/Debug-iphonesimulator/include -Xcc -I/tmp/solosoul-fe2-ios-root-viewport-ui-20261008/DerivedData/Build/Intermediates.noindex/SoloSoulFE2UIProbe.build/Debug-iphonesimulator/ProbeHost.build/DerivedSources-normal/arm64 -Xcc -I/tmp/solosoul-fe2-ios-root-viewport-ui-20261008/DerivedData/Build/Intermediates.noindex/SoloSoulFE2UIProbe.build/Debug-iphonesimulator/ProbeHost.build/DerivedSources/arm64 -Xcc -I/tmp/solosoul-fe2-ios-root-viewport-ui-20261008/DerivedData/Build/Intermediates.noindex/SoloSoulFE2UIProbe.build/Debug-iphonesimulator/ProbeHost.build/DerivedSources -Xcc -DDEBUG\=1 -emit-objc-header -emit-objc-header-path /tmp/solosoul-fe2-ios-root-viewport-ui-20261008/DerivedData/Build/Intermediates.noindex/SoloSoulFE2UIProbe.build/Debug-iphonesimulator/ProbeHost.build/Objects-normal/arm64/ProbeHost-Swift.h -working-directory /tmp/solosoul-fe2-ios-root-viewport-ui-20261008 -experimental-emit-module-separately -disable-cmo

SwiftDriver\ Compilation\ Requirements ProbeHost normal x86_64 com.apple.xcode.tools.swift.compiler (in target 'ProbeHost' from project 'SoloSoulFE2UIProbe')
    cd /tmp/solosoul-fe2-ios-root-viewport-ui-20261008
    builtin-Swift-Compilation-Requirements -- /Applications/Xcode.app/Contents/Developer/Toolchains/XcodeDefault.xctoolchain/usr/bin/swiftc -module-name ProbeHost -Onone -enforce-exclusivity\=checked @/tmp/solosoul-fe2-ios-root-viewport-ui-20261008/DerivedData/Build/Intermediates.noindex/SoloSoulFE2UIProbe.build/Debug-iphonesimulator/ProbeHost.build/Objects-normal/x86_64/ProbeHost.SwiftFileList -DDEBUG -enable-bare-slash-regex -enable-experimental-feature DebugDescriptionMacro -sdk /Applications/Xcode.app/Contents/Developer/Platforms/iPhoneSimulator.platform/Developer/SDKs/iPhoneSimulator26.2.sdk -target x86_64-apple-ios14.0-simulator -g -module-cache-path /tmp/solosoul-fe2-ios-root-viewport-ui-20261008/DerivedData/ModuleCache.noindex -Xfrontend -serialize-debugging-options -enable-testing -index-store-path /tmp/solosoul-fe2-ios-root-viewport-ui-20261008/DerivedData/Index.noindex/DataStore -Xcc -D_LIBCPP_HARDENING_MODE\=_LIBCPP_HARDENING_MODE_DEBUG -swift-version 5 -I /tmp/solosoul-fe2-ios-root-viewport-ui-20261008/DerivedData/Build/Products/Debug-iphonesimulator -F /tmp/solosoul-fe2-ios-root-viewport-ui-20261008/DerivedData/Build/Products/Debug-iphonesimulator -parse-as-library -c -j8 -enable-batch-mode -incremental -Xcc -ivfsstatcache -Xcc /tmp/solosoul-fe2-ios-root-viewport-ui-20261008/DerivedData/SDKStatCaches.noindex/iphonesimulator26.2-23C57-7d00a8b37fbd7999ea79df8ebc024bf0.sdkstatcache -output-file-map /tmp/solosoul-fe2-ios-root-viewport-ui-20261008/DerivedData/Build/Intermediates.noindex/SoloSoulFE2UIProbe.build/Debug-iphonesimulator/ProbeHost.build/Objects-normal/x86_64/ProbeHost-OutputFileMap.json -use-frontend-parseable-output -save-temps -no-color-diagnostics -explicit-module-build -module-cache-path /tmp/solosoul-fe2-ios-root-viewport-ui-20261008/DerivedData/Build/Intermediates.noindex/SwiftExplicitPrecompiledModules -clang-scanner-module-cache-path /tmp/solosoul-fe2-ios-root-viewport-ui-20261008/DerivedData/ModuleCache.noindex -sdk-module-cache-path /tmp/solosoul-fe2-ios-root-viewport-ui-20261008/DerivedData/ModuleCache.noindex -serialize-diagnostics -emit-dependencies -emit-module -emit-module-path /tmp/solosoul-fe2-ios-root-viewport-ui-20261008/DerivedData/Build/Intermediates.noindex/SoloSoulFE2UIProbe.build/Debug-iphonesimulator/ProbeHost.build/Objects-normal/x86_64/ProbeHost.swiftmodule -validate-clang-modules-once -clang-build-session-file /tmp/solosoul-fe2-ios-root-viewport-ui-20261008/DerivedData/ModuleCache.noindex/Session.modulevalidation -Xcc -I/tmp/solosoul-fe2-ios-root-viewport-ui-20261008/DerivedData/Build/Intermediates.noindex/SoloSoulFE2UIProbe.build/Debug-iphonesimulator/ProbeHost.build/swift-overrides.hmap -emit-const-values -Xfrontend -const-gather-protocols-file -Xfrontend /tmp/solosoul-fe2-ios-root-viewport-ui-20261008/DerivedData/Build/Intermediates.noindex/SoloSoulFE2UIProbe.build/Debug-iphonesimulator/ProbeHost.build/Objects-normal/x86_64/ProbeHost_const_extract_protocols.json -Xcc -iquote -Xcc /tmp/solosoul-fe2-ios-root-viewport-ui-20261008/DerivedData/Build/Intermediates.noindex/SoloSoulFE2UIProbe.build/Debug-iphonesimulator/ProbeHost.build/ProbeHost-generated-files.hmap -Xcc -I/tmp/solosoul-fe2-ios-root-viewport-ui-20261008/DerivedData/Build/Intermediates.noindex/SoloSoulFE2UIProbe.build/Debug-iphonesimulator/ProbeHost.build/ProbeHost-own-target-headers.hmap -Xcc -I/tmp/solosoul-fe2-ios-root-viewport-ui-20261008/DerivedData/Build/Intermediates.noindex/SoloSoulFE2UIProbe.build/Debug-iphonesimulator/ProbeHost.build/ProbeHost-all-target-headers.hmap -Xcc -iquote -Xcc /tmp/solosoul-fe2-ios-root-viewport-ui-20261008/DerivedData/Build/Intermediates.noindex/SoloSoulFE2UIProbe.build/Debug-iphonesimulator/ProbeHost.build/ProbeHost-project-headers.hmap -Xcc -I/tmp/solosoul-fe2-ios-root-viewport-ui-20261008/DerivedData/Build/Products/Debug-iphonesimulator/include -Xcc -I/tmp/solosoul-fe2-ios-root-viewport-ui-20261008/DerivedData/Build/Intermediates.noindex/SoloSoulFE2UIProbe.build/Debug-iphonesimulator/ProbeHost.build/DerivedSources-normal/x86_64 -Xcc -I/tmp/solosoul-fe2-ios-root-viewport-ui-20261008/DerivedData/Build/Intermediates.noindex/SoloSoulFE2UIProbe.build/Debug-iphonesimulator/ProbeHost.build/DerivedSources/x86_64 -Xcc -I/tmp/solosoul-fe2-ios-root-viewport-ui-20261008/DerivedData/Build/Intermediates.noindex/SoloSoulFE2UIProbe.build/Debug-iphonesimulator/ProbeHost.build/DerivedSources -Xcc -DDEBUG\=1 -emit-objc-header -emit-objc-header-path /tmp/solosoul-fe2-ios-root-viewport-ui-20261008/DerivedData/Build/Intermediates.noindex/SoloSoulFE2UIProbe.build/Debug-iphonesimulator/ProbeHost.build/Objects-normal/x86_64/ProbeHost-Swift.h -working-directory /tmp/solosoul-fe2-ios-root-viewport-ui-20261008 -experimental-emit-module-separately -disable-cmo

SwiftMergeGeneratedHeaders /tmp/solosoul-fe2-ios-root-viewport-ui-20261008/DerivedData/Build/Intermediates.noindex/SoloSoulFE2UIProbe.build/Debug-iphonesimulator/ProbeHost.build/DerivedSources/ProbeHost-Swift.h /tmp/solosoul-fe2-ios-root-viewport-ui-20261008/DerivedData/Build/Intermediates.noindex/SoloSoulFE2UIProbe.build/Debug-iphonesimulator/ProbeHost.build/Objects-normal/arm64/ProbeHost-Swift.h /tmp/solosoul-fe2-ios-root-viewport-ui-20261008/DerivedData/Build/Intermediates.noindex/SoloSoulFE2UIProbe.build/Debug-iphonesimulator/ProbeHost.build/Objects-normal/x86_64/ProbeHost-Swift.h (in target 'ProbeHost' from project 'SoloSoulFE2UIProbe')
    cd /tmp/solosoul-fe2-ios-root-viewport-ui-20261008
    builtin-swiftHeaderTool -arch arm64 /tmp/solosoul-fe2-ios-root-viewport-ui-20261008/DerivedData/Build/Intermediates.noindex/SoloSoulFE2UIProbe.build/Debug-iphonesimulator/ProbeHost.build/Objects-normal/arm64/ProbeHost-Swift.h -arch x86_64 /tmp/solosoul-fe2-ios-root-viewport-ui-20261008/DerivedData/Build/Intermediates.noindex/SoloSoulFE2UIProbe.build/Debug-iphonesimulator/ProbeHost.build/Objects-normal/x86_64/ProbeHost-Swift.h -o /tmp/solosoul-fe2-ios-root-viewport-ui-20261008/DerivedData/Build/Intermediates.noindex/SoloSoulFE2UIProbe.build/Debug-iphonesimulator/ProbeHost.build/DerivedSources/ProbeHost-Swift.h

Copy /tmp/solosoul-fe2-ios-root-viewport-ui-20261008/DerivedData/Build/Products/Debug-iphonesimulator/ProbeHost.swiftmodule/x86_64-apple-ios-simulator.abi.json /tmp/solosoul-fe2-ios-root-viewport-ui-20261008/DerivedData/Build/Intermediates.noindex/SoloSoulFE2UIProbe.build/Debug-iphonesimulator/ProbeHost.build/Objects-normal/x86_64/ProbeHost.abi.json (in target 'ProbeHost' from project 'SoloSoulFE2UIProbe')
    cd /tmp/solosoul-fe2-ios-root-viewport-ui-20261008
    builtin-copy -exclude .DS_Store -exclude CVS -exclude .svn -exclude .git -exclude .hg -resolve-src-symlinks -rename /tmp/solosoul-fe2-ios-root-viewport-ui-20261008/DerivedData/Build/Intermediates.noindex/SoloSoulFE2UIProbe.build/Debug-iphonesimulator/ProbeHost.build/Objects-normal/x86_64/ProbeHost.abi.json /tmp/solosoul-fe2-ios-root-viewport-ui-20261008/DerivedData/Build/Products/Debug-iphonesimulator/ProbeHost.swiftmodule/x86_64-apple-ios-simulator.abi.json

Copy /tmp/solosoul-fe2-ios-root-viewport-ui-20261008/DerivedData/Build/Products/Debug-iphonesimulator/ProbeHost.swiftmodule/arm64-apple-ios-simulator.swiftmodule /tmp/solosoul-fe2-ios-root-viewport-ui-20261008/DerivedData/Build/Intermediates.noindex/SoloSoulFE2UIProbe.build/Debug-iphonesimulator/ProbeHost.build/Objects-normal/arm64/ProbeHost.swiftmodule (in target 'ProbeHost' from project 'SoloSoulFE2UIProbe')
    cd /tmp/solosoul-fe2-ios-root-viewport-ui-20261008
    builtin-copy -exclude .DS_Store -exclude CVS -exclude .svn -exclude .git -exclude .hg -resolve-src-symlinks -rename /tmp/solosoul-fe2-ios-root-viewport-ui-20261008/DerivedData/Build/Intermediates.noindex/SoloSoulFE2UIProbe.build/Debug-iphonesimulator/ProbeHost.build/Objects-normal/arm64/ProbeHost.swiftmodule /tmp/solosoul-fe2-ios-root-viewport-ui-20261008/DerivedData/Build/Products/Debug-iphonesimulator/ProbeHost.swiftmodule/arm64-apple-ios-simulator.swiftmodule

Copy /tmp/solosoul-fe2-ios-root-viewport-ui-20261008/DerivedData/Build/Products/Debug-iphonesimulator/ProbeHost.swiftmodule/arm64-apple-ios-simulator.swiftdoc /tmp/solosoul-fe2-ios-root-viewport-ui-20261008/DerivedData/Build/Intermediates.noindex/SoloSoulFE2UIProbe.build/Debug-iphonesimulator/ProbeHost.build/Objects-normal/arm64/ProbeHost.swiftdoc (in target 'ProbeHost' from project 'SoloSoulFE2UIProbe')
    cd /tmp/solosoul-fe2-ios-root-viewport-ui-20261008
    builtin-copy -exclude .DS_Store -exclude CVS -exclude .svn -exclude .git -exclude .hg -resolve-src-symlinks -rename /tmp/solosoul-fe2-ios-root-viewport-ui-20261008/DerivedData/Build/Intermediates.noindex/SoloSoulFE2UIProbe.build/Debug-iphonesimulator/ProbeHost.build/Objects-normal/arm64/ProbeHost.swiftdoc /tmp/solosoul-fe2-ios-root-viewport-ui-20261008/DerivedData/Build/Products/Debug-iphonesimulator/ProbeHost.swiftmodule/arm64-apple-ios-simulator.swiftdoc

Copy /tmp/solosoul-fe2-ios-root-viewport-ui-20261008/DerivedData/Build/Products/Debug-iphonesimulator/ProbeHost.swiftmodule/x86_64-apple-ios-simulator.swiftmodule /tmp/solosoul-fe2-ios-root-viewport-ui-20261008/DerivedData/Build/Intermediates.noindex/SoloSoulFE2UIProbe.build/Debug-iphonesimulator/ProbeHost.build/Objects-normal/x86_64/ProbeHost.swiftmodule (in target 'ProbeHost' from project 'SoloSoulFE2UIProbe')
    cd /tmp/solosoul-fe2-ios-root-viewport-ui-20261008
    builtin-copy -exclude .DS_Store -exclude CVS -exclude .svn -exclude .git -exclude .hg -resolve-src-symlinks -rename /tmp/solosoul-fe2-ios-root-viewport-ui-20261008/DerivedData/Build/Intermediates.noindex/SoloSoulFE2UIProbe.build/Debug-iphonesimulator/ProbeHost.build/Objects-normal/x86_64/ProbeHost.swiftmodule /tmp/solosoul-fe2-ios-root-viewport-ui-20261008/DerivedData/Build/Products/Debug-iphonesimulator/ProbeHost.swiftmodule/x86_64-apple-ios-simulator.swiftmodule

Copy /tmp/solosoul-fe2-ios-root-viewport-ui-20261008/DerivedData/Build/Products/Debug-iphonesimulator/ProbeHost.swiftmodule/x86_64-apple-ios-simulator.swiftdoc /tmp/solosoul-fe2-ios-root-viewport-ui-20261008/DerivedData/Build/Intermediates.noindex/SoloSoulFE2UIProbe.build/Debug-iphonesimulator/ProbeHost.build/Objects-normal/x86_64/ProbeHost.swiftdoc (in target 'ProbeHost' from project 'SoloSoulFE2UIProbe')
    cd /tmp/solosoul-fe2-ios-root-viewport-ui-20261008
    builtin-copy -exclude .DS_Store -exclude CVS -exclude .svn -exclude .git -exclude .hg -resolve-src-symlinks -rename /tmp/solosoul-fe2-ios-root-viewport-ui-20261008/DerivedData/Build/Intermediates.noindex/SoloSoulFE2UIProbe.build/Debug-iphonesimulator/ProbeHost.build/Objects-normal/x86_64/ProbeHost.swiftdoc /tmp/solosoul-fe2-ios-root-viewport-ui-20261008/DerivedData/Build/Products/Debug-iphonesimulator/ProbeHost.swiftmodule/x86_64-apple-ios-simulator.swiftdoc

Copy /tmp/solosoul-fe2-ios-root-viewport-ui-20261008/DerivedData/Build/Products/Debug-iphonesimulator/ProbeHost.swiftmodule/arm64-apple-ios-simulator.abi.json /tmp/solosoul-fe2-ios-root-viewport-ui-20261008/DerivedData/Build/Intermediates.noindex/SoloSoulFE2UIProbe.build/Debug-iphonesimulator/ProbeHost.build/Objects-normal/arm64/ProbeHost.abi.json (in target 'ProbeHost' from project 'SoloSoulFE2UIProbe')
    cd /tmp/solosoul-fe2-ios-root-viewport-ui-20261008
    builtin-copy -exclude .DS_Store -exclude CVS -exclude .svn -exclude .git -exclude .hg -resolve-src-symlinks -rename /tmp/solosoul-fe2-ios-root-viewport-ui-20261008/DerivedData/Build/Intermediates.noindex/SoloSoulFE2UIProbe.build/Debug-iphonesimulator/ProbeHost.build/Objects-normal/arm64/ProbeHost.abi.json /tmp/solosoul-fe2-ios-root-viewport-ui-20261008/DerivedData/Build/Products/Debug-iphonesimulator/ProbeHost.swiftmodule/arm64-apple-ios-simulator.abi.json

Copy /tmp/solosoul-fe2-ios-root-viewport-ui-20261008/DerivedData/Build/Products/Debug-iphonesimulator/ProbeHost.swiftmodule/Project/x86_64-apple-ios-simulator.swiftsourceinfo /tmp/solosoul-fe2-ios-root-viewport-ui-20261008/DerivedData/Build/Intermediates.noindex/SoloSoulFE2UIProbe.build/Debug-iphonesimulator/ProbeHost.build/Objects-normal/x86_64/ProbeHost.swiftsourceinfo (in target 'ProbeHost' from project 'SoloSoulFE2UIProbe')
    cd /tmp/solosoul-fe2-ios-root-viewport-ui-20261008
    builtin-copy -exclude .DS_Store -exclude CVS -exclude .svn -exclude .git -exclude .hg -resolve-src-symlinks -rename /tmp/solosoul-fe2-ios-root-viewport-ui-20261008/DerivedData/Build/Intermediates.noindex/SoloSoulFE2UIProbe.build/Debug-iphonesimulator/ProbeHost.build/Objects-normal/x86_64/ProbeHost.swiftsourceinfo /tmp/solosoul-fe2-ios-root-viewport-ui-20261008/DerivedData/Build/Products/Debug-iphonesimulator/ProbeHost.swiftmodule/Project/x86_64-apple-ios-simulator.swiftsourceinfo

Copy /tmp/solosoul-fe2-ios-root-viewport-ui-20261008/DerivedData/Build/Products/Debug-iphonesimulator/ProbeHost.swiftmodule/Project/arm64-apple-ios-simulator.swiftsourceinfo /tmp/solosoul-fe2-ios-root-viewport-ui-20261008/DerivedData/Build/Intermediates.noindex/SoloSoulFE2UIProbe.build/Debug-iphonesimulator/ProbeHost.build/Objects-normal/arm64/ProbeHost.swiftsourceinfo (in target 'ProbeHost' from project 'SoloSoulFE2UIProbe')
    cd /tmp/solosoul-fe2-ios-root-viewport-ui-20261008
    builtin-copy -exclude .DS_Store -exclude CVS -exclude .svn -exclude .git -exclude .hg -resolve-src-symlinks -rename /tmp/solosoul-fe2-ios-root-viewport-ui-20261008/DerivedData/Build/Intermediates.noindex/SoloSoulFE2UIProbe.build/Debug-iphonesimulator/ProbeHost.build/Objects-normal/arm64/ProbeHost.swiftsourceinfo /tmp/solosoul-fe2-ios-root-viewport-ui-20261008/DerivedData/Build/Products/Debug-iphonesimulator/ProbeHost.swiftmodule/Project/arm64-apple-ios-simulator.swiftsourceinfo

SwiftDriver ProbeTests normal arm64 com.apple.xcode.tools.swift.compiler (in target 'ProbeTests' from project 'SoloSoulFE2UIProbe')
    cd /tmp/solosoul-fe2-ios-root-viewport-ui-20261008
    builtin-SwiftDriver -- /Applications/Xcode.app/Contents/Developer/Toolchains/XcodeDefault.xctoolchain/usr/bin/swiftc -module-name ProbeTests -Onone -enforce-exclusivity\=checked @/tmp/solosoul-fe2-ios-root-viewport-ui-20261008/DerivedData/Build/Intermediates.noindex/SoloSoulFE2UIProbe.build/Debug-iphonesimulator/ProbeTests.build/Objects-normal/arm64/ProbeTests.SwiftFileList -DDEBUG -module-alias Testing\=_Testing_Unavailable -plugin-path /Applications/Xcode.app/Contents/Developer/Toolchains/XcodeDefault.xctoolchain/usr/lib/swift/host/plugins/testing -enable-bare-slash-regex -enable-experimental-feature DebugDescriptionMacro -sdk /Applications/Xcode.app/Contents/Developer/Platforms/iPhoneSimulator.platform/Developer/SDKs/iPhoneSimulator26.2.sdk -target arm64-apple-ios14.0-simulator -g -module-cache-path /tmp/solosoul-fe2-ios-root-viewport-ui-20261008/DerivedData/ModuleCache.noindex -Xfrontend -serialize-debugging-options -enable-testing -index-store-path /tmp/solosoul-fe2-ios-root-viewport-ui-20261008/DerivedData/Index.noindex/DataStore -Xcc -D_LIBCPP_HARDENING_MODE\=_LIBCPP_HARDENING_MODE_DEBUG -swift-version 5 -I /tmp/solosoul-fe2-ios-root-viewport-ui-20261008/DerivedData/Build/Products/Debug-iphonesimulator -Isystem /Applications/Xcode.app/Contents/Developer/Platforms/iPhoneSimulator.platform/Developer/usr/lib -F /tmp/solosoul-fe2-ios-root-viewport-ui-20261008/DerivedData/Build/Products/Debug-iphonesimulator -F /Applications/Xcode.app/Contents/Developer/Platforms/iPhoneSimulator.platform/Developer/Library/Frameworks -F /Applications/Xcode.app/Contents/Developer/Platforms/iPhoneSimulator.platform/Developer/SDKs/iPhoneSimulator26.2.sdk/Developer/Library/Frameworks -parse-as-library -c -j8 -enable-batch-mode -incremental -Xcc -ivfsstatcache -Xcc /tmp/solosoul-fe2-ios-root-viewport-ui-20261008/DerivedData/SDKStatCaches.noindex/iphonesimulator26.2-23C57-7d00a8b37fbd7999ea79df8ebc024bf0.sdkstatcache -output-file-map /tmp/solosoul-fe2-ios-root-viewport-ui-20261008/DerivedData/Build/Intermediates.noindex/SoloSoulFE2UIProbe.build/Debug-iphonesimulator/ProbeTests.build/Objects-normal/arm64/ProbeTests-OutputFileMap.json -use-frontend-parseable-output -save-temps -no-color-diagnostics -explicit-module-build -module-cache-path /tmp/solosoul-fe2-ios-root-viewport-ui-20261008/DerivedData/Build/Intermediates.noindex/SwiftExplicitPrecompiledModules -clang-scanner-module-cache-path /tmp/solosoul-fe2-ios-root-viewport-ui-20261008/DerivedData/ModuleCache.noindex -sdk-module-cache-path /tmp/solosoul-fe2-ios-root-viewport-ui-20261008/DerivedData/ModuleCache.noindex -serialize-diagnostics -emit-dependencies -emit-module -emit-module-path /tmp/solosoul-fe2-ios-root-viewport-ui-20261008/DerivedData/Build/Intermediates.noindex/SoloSoulFE2UIProbe.build/Debug-iphonesimulator/ProbeTests.build/Objects-normal/arm64/ProbeTests.swiftmodule -validate-clang-modules-once -clang-build-session-file /tmp/solosoul-fe2-ios-root-viewport-ui-20261008/DerivedData/ModuleCache.noindex/Session.modulevalidation -Xcc -I/tmp/solosoul-fe2-ios-root-viewport-ui-20261008/DerivedData/Build/Intermediates.noindex/SoloSoulFE2UIProbe.build/Debug-iphonesimulator/ProbeTests.build/swift-overrides.hmap -emit-const-values -Xfrontend -const-gather-protocols-file -Xfrontend /tmp/solosoul-fe2-ios-root-viewport-ui-20261008/DerivedData/Build/Intermediates.noindex/SoloSoulFE2UIProbe.build/Debug-iphonesimulator/ProbeTests.build/Objects-normal/arm64/ProbeTests_const_extract_protocols.json -Xcc -iquote -Xcc /tmp/solosoul-fe2-ios-root-viewport-ui-20261008/DerivedData/Build/Intermediates.noindex/SoloSoulFE2UIProbe.build/Debug-iphonesimulator/ProbeTests.build/ProbeTests-generated-files.hmap -Xcc -I/tmp/solosoul-fe2-ios-root-viewport-ui-20261008/DerivedData/Build/Intermediates.noindex/SoloSoulFE2UIProbe.build/Debug-iphonesimulator/ProbeTests.build/ProbeTests-own-target-headers.hmap -Xcc -I/tmp/solosoul-fe2-ios-root-viewport-ui-20261008/DerivedData/Build/Intermediates.noindex/SoloSoulFE2UIProbe.build/Debug-iphonesimulator/ProbeTests.build/ProbeTests-all-target-headers.hmap -Xcc -iquote -Xcc /tmp/solosoul-fe2-ios-root-viewport-ui-20261008/DerivedData/Build/Intermediates.noindex/SoloSoulFE2UIProbe.build/Debug-iphonesimulator/ProbeTests.build/ProbeTests-project-headers.hmap -Xcc -I/tmp/solosoul-fe2-ios-root-viewport-ui-20261008/DerivedData/Build/Products/Debug-iphonesimulator/include -Xcc -I/tmp/solosoul-fe2-ios-root-viewport-ui-20261008/DerivedData/Build/Intermediates.noindex/SoloSoulFE2UIProbe.build/Debug-iphonesimulator/ProbeTests.build/DerivedSources-normal/arm64 -Xcc -I/tmp/solosoul-fe2-ios-root-viewport-ui-20261008/DerivedData/Build/Intermediates.noindex/SoloSoulFE2UIProbe.build/Debug-iphonesimulator/ProbeTests.build/DerivedSources/arm64 -Xcc -I/tmp/solosoul-fe2-ios-root-viewport-ui-20261008/DerivedData/Build/Intermediates.noindex/SoloSoulFE2UIProbe.build/Debug-iphonesimulator/ProbeTests.build/DerivedSources -Xcc -DDEBUG\=1 -emit-objc-header -emit-objc-header-path /tmp/solosoul-fe2-ios-root-viewport-ui-20261008/DerivedData/Build/Intermediates.noindex/SoloSoulFE2UIProbe.build/Debug-iphonesimulator/ProbeTests.build/Objects-normal/arm64/ProbeTests-Swift.h -working-directory /tmp/solosoul-fe2-ios-root-viewport-ui-20261008 -experimental-emit-module-separately -disable-cmo

SwiftDriver ProbeTests normal x86_64 com.apple.xcode.tools.swift.compiler (in target 'ProbeTests' from project 'SoloSoulFE2UIProbe')
    cd /tmp/solosoul-fe2-ios-root-viewport-ui-20261008
    builtin-SwiftDriver -- /Applications/Xcode.app/Contents/Developer/Toolchains/XcodeDefault.xctoolchain/usr/bin/swiftc -module-name ProbeTests -Onone -enforce-exclusivity\=checked @/tmp/solosoul-fe2-ios-root-viewport-ui-20261008/DerivedData/Build/Intermediates.noindex/SoloSoulFE2UIProbe.build/Debug-iphonesimulator/ProbeTests.build/Objects-normal/x86_64/ProbeTests.SwiftFileList -DDEBUG -module-alias Testing\=_Testing_Unavailable -plugin-path /Applications/Xcode.app/Contents/Developer/Toolchains/XcodeDefault.xctoolchain/usr/lib/swift/host/plugins/testing -enable-bare-slash-regex -enable-experimental-feature DebugDescriptionMacro -sdk /Applications/Xcode.app/Contents/Developer/Platforms/iPhoneSimulator.platform/Developer/SDKs/iPhoneSimulator26.2.sdk -target x86_64-apple-ios14.0-simulator -g -module-cache-path /tmp/solosoul-fe2-ios-root-viewport-ui-20261008/DerivedData/ModuleCache.noindex -Xfrontend -serialize-debugging-options -enable-testing -index-store-path /tmp/solosoul-fe2-ios-root-viewport-ui-20261008/DerivedData/Index.noindex/DataStore -Xcc -D_LIBCPP_HARDENING_MODE\=_LIBCPP_HARDENING_MODE_DEBUG -swift-version 5 -I /tmp/solosoul-fe2-ios-root-viewport-ui-20261008/DerivedData/Build/Products/Debug-iphonesimulator -Isystem /Applications/Xcode.app/Contents/Developer/Platforms/iPhoneSimulator.platform/Developer/usr/lib -F /tmp/solosoul-fe2-ios-root-viewport-ui-20261008/DerivedData/Build/Products/Debug-iphonesimulator -F /Applications/Xcode.app/Contents/Developer/Platforms/iPhoneSimulator.platform/Developer/Library/Frameworks -F /Applications/Xcode.app/Contents/Developer/Platforms/iPhoneSimulator.platform/Developer/SDKs/iPhoneSimulator26.2.sdk/Developer/Library/Frameworks -parse-as-library -c -j8 -enable-batch-mode -incremental -Xcc -ivfsstatcache -Xcc /tmp/solosoul-fe2-ios-root-viewport-ui-20261008/DerivedData/SDKStatCaches.noindex/iphonesimulator26.2-23C57-7d00a8b37fbd7999ea79df8ebc024bf0.sdkstatcache -output-file-map /tmp/solosoul-fe2-ios-root-viewport-ui-20261008/DerivedData/Build/Intermediates.noindex/SoloSoulFE2UIProbe.build/Debug-iphonesimulator/ProbeTests.build/Objects-normal/x86_64/ProbeTests-OutputFileMap.json -use-frontend-parseable-output -save-temps -no-color-diagnostics -explicit-module-build -module-cache-path /tmp/solosoul-fe2-ios-root-viewport-ui-20261008/DerivedData/Build/Intermediates.noindex/SwiftExplicitPrecompiledModules -clang-scanner-module-cache-path /tmp/solosoul-fe2-ios-root-viewport-ui-20261008/DerivedData/ModuleCache.noindex -sdk-module-cache-path /tmp/solosoul-fe2-ios-root-viewport-ui-20261008/DerivedData/ModuleCache.noindex -serialize-diagnostics -emit-dependencies -emit-module -emit-module-path /tmp/solosoul-fe2-ios-root-viewport-ui-20261008/DerivedData/Build/Intermediates.noindex/SoloSoulFE2UIProbe.build/Debug-iphonesimulator/ProbeTests.build/Objects-normal/x86_64/ProbeTests.swiftmodule -validate-clang-modules-once -clang-build-session-file /tmp/solosoul-fe2-ios-root-viewport-ui-20261008/DerivedData/ModuleCache.noindex/Session.modulevalidation -Xcc -I/tmp/solosoul-fe2-ios-root-viewport-ui-20261008/DerivedData/Build/Intermediates.noindex/SoloSoulFE2UIProbe.build/Debug-iphonesimulator/ProbeTests.build/swift-overrides.hmap -emit-const-values -Xfrontend -const-gather-protocols-file -Xfrontend /tmp/solosoul-fe2-ios-root-viewport-ui-20261008/DerivedData/Build/Intermediates.noindex/SoloSoulFE2UIProbe.build/Debug-iphonesimulator/ProbeTests.build/Objects-normal/x86_64/ProbeTests_const_extract_protocols.json -Xcc -iquote -Xcc /tmp/solosoul-fe2-ios-root-viewport-ui-20261008/DerivedData/Build/Intermediates.noindex/SoloSoulFE2UIProbe.build/Debug-iphonesimulator/ProbeTests.build/ProbeTests-generated-files.hmap -Xcc -I/tmp/solosoul-fe2-ios-root-viewport-ui-20261008/DerivedData/Build/Intermediates.noindex/SoloSoulFE2UIProbe.build/Debug-iphonesimulator/ProbeTests.build/ProbeTests-own-target-headers.hmap -Xcc -I/tmp/solosoul-fe2-ios-root-viewport-ui-20261008/DerivedData/Build/Intermediates.noindex/SoloSoulFE2UIProbe.build/Debug-iphonesimulator/ProbeTests.build/ProbeTests-all-target-headers.hmap -Xcc -iquote -Xcc /tmp/solosoul-fe2-ios-root-viewport-ui-20261008/DerivedData/Build/Intermediates.noindex/SoloSoulFE2UIProbe.build/Debug-iphonesimulator/ProbeTests.build/ProbeTests-project-headers.hmap -Xcc -I/tmp/solosoul-fe2-ios-root-viewport-ui-20261008/DerivedData/Build/Products/Debug-iphonesimulator/include -Xcc -I/tmp/solosoul-fe2-ios-root-viewport-ui-20261008/DerivedData/Build/Intermediates.noindex/SoloSoulFE2UIProbe.build/Debug-iphonesimulator/ProbeTests.build/DerivedSources-normal/x86_64 -Xcc -I/tmp/solosoul-fe2-ios-root-viewport-ui-20261008/DerivedData/Build/Intermediates.noindex/SoloSoulFE2UIProbe.build/Debug-iphonesimulator/ProbeTests.build/DerivedSources/x86_64 -Xcc -I/tmp/solosoul-fe2-ios-root-viewport-ui-20261008/DerivedData/Build/Intermediates.noindex/SoloSoulFE2UIProbe.build/Debug-iphonesimulator/ProbeTests.build/DerivedSources -Xcc -DDEBUG\=1 -emit-objc-header -emit-objc-header-path /tmp/solosoul-fe2-ios-root-viewport-ui-20261008/DerivedData/Build/Intermediates.noindex/SoloSoulFE2UIProbe.build/Debug-iphonesimulator/ProbeTests.build/Objects-normal/x86_64/ProbeTests-Swift.h -working-directory /tmp/solosoul-fe2-ios-root-viewport-ui-20261008 -experimental-emit-module-separately -disable-cmo

SwiftExplicitDependencyGeneratePcm x86_64 /tmp/solosoul-fe2-ios-root-viewport-ui-20261008/DerivedData/Build/Intermediates.noindex/SwiftExplicitPrecompiledModules/XCUIAutomation-F3HJBR48GGBMHMCBZY9QMEMD8.pcm

SwiftExplicitDependencyGeneratePcm arm64 /tmp/solosoul-fe2-ios-root-viewport-ui-20261008/DerivedData/Build/Intermediates.noindex/SwiftExplicitPrecompiledModules/XCUIAutomation-D9BL3XMSY2YWDIZF6SLAOMLUB.pcm

SwiftExplicitDependencyGeneratePcm x86_64 /tmp/solosoul-fe2-ios-root-viewport-ui-20261008/DerivedData/Build/Intermediates.noindex/SwiftExplicitPrecompiledModules/XCTest-9NOJBXAPRTW12MR7ILHLKUWFP.pcm

SwiftExplicitDependencyCompileModuleFromInterface x86_64 /tmp/solosoul-fe2-ios-root-viewport-ui-20261008/DerivedData/Build/Intermediates.noindex/SwiftExplicitPrecompiledModules/XCUIAutomation-R3DC56S5KQZ5.swiftmodule

SwiftExplicitDependencyCompileModuleFromInterface arm64 /tmp/solosoul-fe2-ios-root-viewport-ui-20261008/DerivedData/Build/Intermediates.noindex/SwiftExplicitPrecompiledModules/XCUIAutomation-2IDM6S5DOK6QH.swiftmodule

SwiftExplicitDependencyGeneratePcm arm64 /tmp/solosoul-fe2-ios-root-viewport-ui-20261008/DerivedData/Build/Intermediates.noindex/SwiftExplicitPrecompiledModules/XCTest-CATMOR5V3HKIZWXU0FVAN545V.pcm

SwiftExplicitDependencyCompileModuleFromInterface x86_64 /tmp/solosoul-fe2-ios-root-viewport-ui-20261008/DerivedData/Build/Intermediates.noindex/SwiftExplicitPrecompiledModules/XCTest-KRVFDWCT9SYR.swiftmodule

SwiftExplicitDependencyCompileModuleFromInterface arm64 /tmp/solosoul-fe2-ios-root-viewport-ui-20261008/DerivedData/Build/Intermediates.noindex/SwiftExplicitPrecompiledModules/XCTest-8S0ZS5XYMR00.swiftmodule

SwiftCompile normal arm64 Compiling\ ProbeTests.swift /tmp/solosoul-fe2-ios-root-viewport-ui-20261008/Tests/ProbeTests.swift (in target 'ProbeTests' from project 'SoloSoulFE2UIProbe')
SwiftCompile normal arm64 /tmp/solosoul-fe2-ios-root-viewport-ui-20261008/Tests/ProbeTests.swift (in target 'ProbeTests' from project 'SoloSoulFE2UIProbe')
    cd /tmp/solosoul-fe2-ios-root-viewport-ui-20261008
    

SwiftCompile normal x86_64 Compiling\ ProbeTests.swift /tmp/solosoul-fe2-ios-root-viewport-ui-20261008/Tests/ProbeTests.swift (in target 'ProbeTests' from project 'SoloSoulFE2UIProbe')

SwiftCompile normal x86_64 /tmp/solosoul-fe2-ios-root-viewport-ui-20261008/Tests/ProbeTests.swift (in target 'ProbeTests' from project 'SoloSoulFE2UIProbe')
    cd /tmp/solosoul-fe2-ios-root-viewport-ui-20261008
    

SwiftEmitModule normal x86_64 Emitting\ module\ for\ ProbeTests (in target 'ProbeTests' from project 'SoloSoulFE2UIProbe')

SwiftCompile normal x86_64 /tmp/solosoul-fe2-ios-root-viewport-ui-20261008/Tests/ProbeTests.swift (in target 'ProbeTests' from project 'SoloSoulFE2UIProbe')
    cd /tmp/solosoul-fe2-ios-root-viewport-ui-20261008
    

SwiftEmitModule normal arm64 Emitting\ module\ for\ ProbeTests (in target 'ProbeTests' from project 'SoloSoulFE2UIProbe')

SwiftCompile normal arm64 /tmp/solosoul-fe2-ios-root-viewport-ui-20261008/Tests/ProbeTests.swift (in target 'ProbeTests' from project 'SoloSoulFE2UIProbe')
    cd /tmp/solosoul-fe2-ios-root-viewport-ui-20261008
    

SwiftDriverJobDiscovery normal arm64 Emitting module for ProbeTests (in target 'ProbeTests' from project 'SoloSoulFE2UIProbe')

SwiftDriver\ Compilation\ Requirements ProbeTests normal arm64 com.apple.xcode.tools.swift.compiler (in target 'ProbeTests' from project 'SoloSoulFE2UIProbe')
    cd /tmp/solosoul-fe2-ios-root-viewport-ui-20261008
    builtin-Swift-Compilation-Requirements -- /Applications/Xcode.app/Contents/Developer/Toolchains/XcodeDefault.xctoolchain/usr/bin/swiftc -module-name ProbeTests -Onone -enforce-exclusivity\=checked @/tmp/solosoul-fe2-ios-root-viewport-ui-20261008/DerivedData/Build/Intermediates.noindex/SoloSoulFE2UIProbe.build/Debug-iphonesimulator/ProbeTests.build/Objects-normal/arm64/ProbeTests.SwiftFileList -DDEBUG -module-alias Testing\=_Testing_Unavailable -plugin-path /Applications/Xcode.app/Contents/Developer/Toolchains/XcodeDefault.xctoolchain/usr/lib/swift/host/plugins/testing -enable-bare-slash-regex -enable-experimental-feature DebugDescriptionMacro -sdk /Applications/Xcode.app/Contents/Developer/Platforms/iPhoneSimulator.platform/Developer/SDKs/iPhoneSimulator26.2.sdk -target arm64-apple-ios14.0-simulator -g -module-cache-path /tmp/solosoul-fe2-ios-root-viewport-ui-20261008/DerivedData/ModuleCache.noindex -Xfrontend -serialize-debugging-options -enable-testing -index-store-path /tmp/solosoul-fe2-ios-root-viewport-ui-20261008/DerivedData/Index.noindex/DataStore -Xcc -D_LIBCPP_HARDENING_MODE\=_LIBCPP_HARDENING_MODE_DEBUG -swift-version 5 -I /tmp/solosoul-fe2-ios-root-viewport-ui-20261008/DerivedData/Build/Products/Debug-iphonesimulator -Isystem /Applications/Xcode.app/Contents/Developer/Platforms/iPhoneSimulator.platform/Developer/usr/lib -F /tmp/solosoul-fe2-ios-root-viewport-ui-20261008/DerivedData/Build/Products/Debug-iphonesimulator -F /Applications/Xcode.app/Contents/Developer/Platforms/iPhoneSimulator.platform/Developer/Library/Frameworks -F /Applications/Xcode.app/Contents/Developer/Platforms/iPhoneSimulator.platform/Developer/SDKs/iPhoneSimulator26.2.sdk/Developer/Library/Frameworks -parse-as-library -c -j8 -enable-batch-mode -incremental -Xcc -ivfsstatcache -Xcc /tmp/solosoul-fe2-ios-root-viewport-ui-20261008/DerivedData/SDKStatCaches.noindex/iphonesimulator26.2-23C57-7d00a8b37fbd7999ea79df8ebc024bf0.sdkstatcache -output-file-map /tmp/solosoul-fe2-ios-root-viewport-ui-20261008/DerivedData/Build/Intermediates.noindex/SoloSoulFE2UIProbe.build/Debug-iphonesimulator/ProbeTests.build/Objects-normal/arm64/ProbeTests-OutputFileMap.json -use-frontend-parseable-output -save-temps -no-color-diagnostics -explicit-module-build -module-cache-path /tmp/solosoul-fe2-ios-root-viewport-ui-20261008/DerivedData/Build/Intermediates.noindex/SwiftExplicitPrecompiledModules -clang-scanner-module-cache-path /tmp/solosoul-fe2-ios-root-viewport-ui-20261008/DerivedData/ModuleCache.noindex -sdk-module-cache-path /tmp/solosoul-fe2-ios-root-viewport-ui-20261008/DerivedData/ModuleCache.noindex -serialize-diagnostics -emit-dependencies -emit-module -emit-module-path /tmp/solosoul-fe2-ios-root-viewport-ui-20261008/DerivedData/Build/Intermediates.noindex/SoloSoulFE2UIProbe.build/Debug-iphonesimulator/ProbeTests.build/Objects-normal/arm64/ProbeTests.swiftmodule -validate-clang-modules-once -clang-build-session-file /tmp/solosoul-fe2-ios-root-viewport-ui-20261008/DerivedData/ModuleCache.noindex/Session.modulevalidation -Xcc -I/tmp/solosoul-fe2-ios-root-viewport-ui-20261008/DerivedData/Build/Intermediates.noindex/SoloSoulFE2UIProbe.build/Debug-iphonesimulator/ProbeTests.build/swift-overrides.hmap -emit-const-values -Xfrontend -const-gather-protocols-file -Xfrontend /tmp/solosoul-fe2-ios-root-viewport-ui-20261008/DerivedData/Build/Intermediates.noindex/SoloSoulFE2UIProbe.build/Debug-iphonesimulator/ProbeTests.build/Objects-normal/arm64/ProbeTests_const_extract_protocols.json -Xcc -iquote -Xcc /tmp/solosoul-fe2-ios-root-viewport-ui-20261008/DerivedData/Build/Intermediates.noindex/SoloSoulFE2UIProbe.build/Debug-iphonesimulator/ProbeTests.build/ProbeTests-generated-files.hmap -Xcc -I/tmp/solosoul-fe2-ios-root-viewport-ui-20261008/DerivedData/Build/Intermediates.noindex/SoloSoulFE2UIProbe.build/Debug-iphonesimulator/ProbeTests.build/ProbeTests-own-target-headers.hmap -Xcc -I/tmp/solosoul-fe2-ios-root-viewport-ui-20261008/DerivedData/Build/Intermediates.noindex/SoloSoulFE2UIProbe.build/Debug-iphonesimulator/ProbeTests.build/ProbeTests-all-target-headers.hmap -Xcc -iquote -Xcc /tmp/solosoul-fe2-ios-root-viewport-ui-20261008/DerivedData/Build/Intermediates.noindex/SoloSoulFE2UIProbe.build/Debug-iphonesimulator/ProbeTests.build/ProbeTests-project-headers.hmap -Xcc -I/tmp/solosoul-fe2-ios-root-viewport-ui-20261008/DerivedData/Build/Products/Debug-iphonesimulator/include -Xcc -I/tmp/solosoul-fe2-ios-root-viewport-ui-20261008/DerivedData/Build/Intermediates.noindex/SoloSoulFE2UIProbe.build/Debug-iphonesimulator/ProbeTests.build/DerivedSources-normal/arm64 -Xcc -I/tmp/solosoul-fe2-ios-root-viewport-ui-20261008/DerivedData/Build/Intermediates.noindex/SoloSoulFE2UIProbe.build/Debug-iphonesimulator/ProbeTests.build/DerivedSources/arm64 -Xcc -I/tmp/solosoul-fe2-ios-root-viewport-ui-20261008/DerivedData/Build/Intermediates.noindex/SoloSoulFE2UIProbe.build/Debug-iphonesimulator/ProbeTests.build/DerivedSources -Xcc -DDEBUG\=1 -emit-objc-header -emit-objc-header-path /tmp/solosoul-fe2-ios-root-viewport-ui-20261008/DerivedData/Build/Intermediates.noindex/SoloSoulFE2UIProbe.build/Debug-iphonesimulator/ProbeTests.build/Objects-normal/arm64/ProbeTests-Swift.h -working-directory /tmp/solosoul-fe2-ios-root-viewport-ui-20261008 -experimental-emit-module-separately -disable-cmo

Copy /tmp/solosoul-fe2-ios-root-viewport-ui-20261008/DerivedData/Build/Products/Debug-iphonesimulator/ProbeTests.swiftmodule/arm64-apple-ios-simulator.swiftmodule /tmp/solosoul-fe2-ios-root-viewport-ui-20261008/DerivedData/Build/Intermediates.noindex/SoloSoulFE2UIProbe.build/Debug-iphonesimulator/ProbeTests.build/Objects-normal/arm64/ProbeTests.swiftmodule (in target 'ProbeTests' from project 'SoloSoulFE2UIProbe')
    cd /tmp/solosoul-fe2-ios-root-viewport-ui-20261008
    builtin-copy -exclude .DS_Store -exclude CVS -exclude .svn -exclude .git -exclude .hg -resolve-src-symlinks -rename /tmp/solosoul-fe2-ios-root-viewport-ui-20261008/DerivedData/Build/Intermediates.noindex/SoloSoulFE2UIProbe.build/Debug-iphonesimulator/ProbeTests.build/Objects-normal/arm64/ProbeTests.swiftmodule /tmp/solosoul-fe2-ios-root-viewport-ui-20261008/DerivedData/Build/Products/Debug-iphonesimulator/ProbeTests.swiftmodule/arm64-apple-ios-simulator.swiftmodule

Copy /tmp/solosoul-fe2-ios-root-viewport-ui-20261008/DerivedData/Build/Products/Debug-iphonesimulator/ProbeTests.swiftmodule/arm64-apple-ios-simulator.abi.json /tmp/solosoul-fe2-ios-root-viewport-ui-20261008/DerivedData/Build/Intermediates.noindex/SoloSoulFE2UIProbe.build/Debug-iphonesimulator/ProbeTests.build/Objects-normal/arm64/ProbeTests.abi.json (in target 'ProbeTests' from project 'SoloSoulFE2UIProbe')
    cd /tmp/solosoul-fe2-ios-root-viewport-ui-20261008
    builtin-copy -exclude .DS_Store -exclude CVS -exclude .svn -exclude .git -exclude .hg -resolve-src-symlinks -rename /tmp/solosoul-fe2-ios-root-viewport-ui-20261008/DerivedData/Build/Intermediates.noindex/SoloSoulFE2UIProbe.build/Debug-iphonesimulator/ProbeTests.build/Objects-normal/arm64/ProbeTests.abi.json /tmp/solosoul-fe2-ios-root-viewport-ui-20261008/DerivedData/Build/Products/Debug-iphonesimulator/ProbeTests.swiftmodule/arm64-apple-ios-simulator.abi.json

Copy /tmp/solosoul-fe2-ios-root-viewport-ui-20261008/DerivedData/Build/Products/Debug-iphonesimulator/ProbeTests.swiftmodule/arm64-apple-ios-simulator.swiftdoc /tmp/solosoul-fe2-ios-root-viewport-ui-20261008/DerivedData/Build/Intermediates.noindex/SoloSoulFE2UIProbe.build/Debug-iphonesimulator/ProbeTests.build/Objects-normal/arm64/ProbeTests.swiftdoc (in target 'ProbeTests' from project 'SoloSoulFE2UIProbe')
    cd /tmp/solosoul-fe2-ios-root-viewport-ui-20261008
    builtin-copy -exclude .DS_Store -exclude CVS -exclude .svn -exclude .git -exclude .hg -resolve-src-symlinks -rename /tmp/solosoul-fe2-ios-root-viewport-ui-20261008/DerivedData/Build/Intermediates.noindex/SoloSoulFE2UIProbe.build/Debug-iphonesimulator/ProbeTests.build/Objects-normal/arm64/ProbeTests.swiftdoc /tmp/solosoul-fe2-ios-root-viewport-ui-20261008/DerivedData/Build/Products/Debug-iphonesimulator/ProbeTests.swiftmodule/arm64-apple-ios-simulator.swiftdoc

Copy /tmp/solosoul-fe2-ios-root-viewport-ui-20261008/DerivedData/Build/Products/Debug-iphonesimulator/ProbeTests.swiftmodule/Project/arm64-apple-ios-simulator.swiftsourceinfo /tmp/solosoul-fe2-ios-root-viewport-ui-20261008/DerivedData/Build/Intermediates.noindex/SoloSoulFE2UIProbe.build/Debug-iphonesimulator/ProbeTests.build/Objects-normal/arm64/ProbeTests.swiftsourceinfo (in target 'ProbeTests' from project 'SoloSoulFE2UIProbe')
    cd /tmp/solosoul-fe2-ios-root-viewport-ui-20261008
    builtin-copy -exclude .DS_Store -exclude CVS -exclude .svn -exclude .git -exclude .hg -resolve-src-symlinks -rename /tmp/solosoul-fe2-ios-root-viewport-ui-20261008/DerivedData/Build/Intermediates.noindex/SoloSoulFE2UIProbe.build/Debug-iphonesimulator/ProbeTests.build/Objects-normal/arm64/ProbeTests.swiftsourceinfo /tmp/solosoul-fe2-ios-root-viewport-ui-20261008/DerivedData/Build/Products/Debug-iphonesimulator/ProbeTests.swiftmodule/Project/arm64-apple-ios-simulator.swiftsourceinfo

SwiftDriverJobDiscovery normal x86_64 Emitting module for ProbeTests (in target 'ProbeTests' from project 'SoloSoulFE2UIProbe')

SwiftDriver\ Compilation\ Requirements ProbeTests normal x86_64 com.apple.xcode.tools.swift.compiler (in target 'ProbeTests' from project 'SoloSoulFE2UIProbe')
    cd /tmp/solosoul-fe2-ios-root-viewport-ui-20261008
    builtin-Swift-Compilation-Requirements -- /Applications/Xcode.app/Contents/Developer/Toolchains/XcodeDefault.xctoolchain/usr/bin/swiftc -module-name ProbeTests -Onone -enforce-exclusivity\=checked @/tmp/solosoul-fe2-ios-root-viewport-ui-20261008/DerivedData/Build/Intermediates.noindex/SoloSoulFE2UIProbe.build/Debug-iphonesimulator/ProbeTests.build/Objects-normal/x86_64/ProbeTests.SwiftFileList -DDEBUG -module-alias Testing\=_Testing_Unavailable -plugin-path /Applications/Xcode.app/Contents/Developer/Toolchains/XcodeDefault.xctoolchain/usr/lib/swift/host/plugins/testing -enable-bare-slash-regex -enable-experimental-feature DebugDescriptionMacro -sdk /Applications/Xcode.app/Contents/Developer/Platforms/iPhoneSimulator.platform/Developer/SDKs/iPhoneSimulator26.2.sdk -target x86_64-apple-ios14.0-simulator -g -module-cache-path /tmp/solosoul-fe2-ios-root-viewport-ui-20261008/DerivedData/ModuleCache.noindex -Xfrontend -serialize-debugging-options -enable-testing -index-store-path /tmp/solosoul-fe2-ios-root-viewport-ui-20261008/DerivedData/Index.noindex/DataStore -Xcc -D_LIBCPP_HARDENING_MODE\=_LIBCPP_HARDENING_MODE_DEBUG -swift-version 5 -I /tmp/solosoul-fe2-ios-root-viewport-ui-20261008/DerivedData/Build/Products/Debug-iphonesimulator -Isystem /Applications/Xcode.app/Contents/Developer/Platforms/iPhoneSimulator.platform/Developer/usr/lib -F /tmp/solosoul-fe2-ios-root-viewport-ui-20261008/DerivedData/Build/Products/Debug-iphonesimulator -F /Applications/Xcode.app/Contents/Developer/Platforms/iPhoneSimulator.platform/Developer/Library/Frameworks -F /Applications/Xcode.app/Contents/Developer/Platforms/iPhoneSimulator.platform/Developer/SDKs/iPhoneSimulator26.2.sdk/Developer/Library/Frameworks -parse-as-library -c -j8 -enable-batch-mode -incremental -Xcc -ivfsstatcache -Xcc /tmp/solosoul-fe2-ios-root-viewport-ui-20261008/DerivedData/SDKStatCaches.noindex/iphonesimulator26.2-23C57-7d00a8b37fbd7999ea79df8ebc024bf0.sdkstatcache -output-file-map /tmp/solosoul-fe2-ios-root-viewport-ui-20261008/DerivedData/Build/Intermediates.noindex/SoloSoulFE2UIProbe.build/Debug-iphonesimulator/ProbeTests.build/Objects-normal/x86_64/ProbeTests-OutputFileMap.json -use-frontend-parseable-output -save-temps -no-color-diagnostics -explicit-module-build -module-cache-path /tmp/solosoul-fe2-ios-root-viewport-ui-20261008/DerivedData/Build/Intermediates.noindex/SwiftExplicitPrecompiledModules -clang-scanner-module-cache-path /tmp/solosoul-fe2-ios-root-viewport-ui-20261008/DerivedData/ModuleCache.noindex -sdk-module-cache-path /tmp/solosoul-fe2-ios-root-viewport-ui-20261008/DerivedData/ModuleCache.noindex -serialize-diagnostics -emit-dependencies -emit-module -emit-module-path /tmp/solosoul-fe2-ios-root-viewport-ui-20261008/DerivedData/Build/Intermediates.noindex/SoloSoulFE2UIProbe.build/Debug-iphonesimulator/ProbeTests.build/Objects-normal/x86_64/ProbeTests.swiftmodule -validate-clang-modules-once -clang-build-session-file /tmp/solosoul-fe2-ios-root-viewport-ui-20261008/DerivedData/ModuleCache.noindex/Session.modulevalidation -Xcc -I/tmp/solosoul-fe2-ios-root-viewport-ui-20261008/DerivedData/Build/Intermediates.noindex/SoloSoulFE2UIProbe.build/Debug-iphonesimulator/ProbeTests.build/swift-overrides.hmap -emit-const-values -Xfrontend -const-gather-protocols-file -Xfrontend /tmp/solosoul-fe2-ios-root-viewport-ui-20261008/DerivedData/Build/Intermediates.noindex/SoloSoulFE2UIProbe.build/Debug-iphonesimulator/ProbeTests.build/Objects-normal/x86_64/ProbeTests_const_extract_protocols.json -Xcc -iquote -Xcc /tmp/solosoul-fe2-ios-root-viewport-ui-20261008/DerivedData/Build/Intermediates.noindex/SoloSoulFE2UIProbe.build/Debug-iphonesimulator/ProbeTests.build/ProbeTests-generated-files.hmap -Xcc -I/tmp/solosoul-fe2-ios-root-viewport-ui-20261008/DerivedData/Build/Intermediates.noindex/SoloSoulFE2UIProbe.build/Debug-iphonesimulator/ProbeTests.build/ProbeTests-own-target-headers.hmap -Xcc -I/tmp/solosoul-fe2-ios-root-viewport-ui-20261008/DerivedData/Build/Intermediates.noindex/SoloSoulFE2UIProbe.build/Debug-iphonesimulator/ProbeTests.build/ProbeTests-all-target-headers.hmap -Xcc -iquote -Xcc /tmp/solosoul-fe2-ios-root-viewport-ui-20261008/DerivedData/Build/Intermediates.noindex/SoloSoulFE2UIProbe.build/Debug-iphonesimulator/ProbeTests.build/ProbeTests-project-headers.hmap -Xcc -I/tmp/solosoul-fe2-ios-root-viewport-ui-20261008/DerivedData/Build/Products/Debug-iphonesimulator/include -Xcc -I/tmp/solosoul-fe2-ios-root-viewport-ui-20261008/DerivedData/Build/Intermediates.noindex/SoloSoulFE2UIProbe.build/Debug-iphonesimulator/ProbeTests.build/DerivedSources-normal/x86_64 -Xcc -I/tmp/solosoul-fe2-ios-root-viewport-ui-20261008/DerivedData/Build/Intermediates.noindex/SoloSoulFE2UIProbe.build/Debug-iphonesimulator/ProbeTests.build/DerivedSources/x86_64 -Xcc -I/tmp/solosoul-fe2-ios-root-viewport-ui-20261008/DerivedData/Build/Intermediates.noindex/SoloSoulFE2UIProbe.build/Debug-iphonesimulator/ProbeTests.build/DerivedSources -Xcc -DDEBUG\=1 -emit-objc-header -emit-objc-header-path /tmp/solosoul-fe2-ios-root-viewport-ui-20261008/DerivedData/Build/Intermediates.noindex/SoloSoulFE2UIProbe.build/Debug-iphonesimulator/ProbeTests.build/Objects-normal/x86_64/ProbeTests-Swift.h -working-directory /tmp/solosoul-fe2-ios-root-viewport-ui-20261008 -experimental-emit-module-separately -disable-cmo

Copy /tmp/solosoul-fe2-ios-root-viewport-ui-20261008/DerivedData/Build/Products/Debug-iphonesimulator/ProbeTests.swiftmodule/x86_64-apple-ios-simulator.swiftmodule /tmp/solosoul-fe2-ios-root-viewport-ui-20261008/DerivedData/Build/Intermediates.noindex/SoloSoulFE2UIProbe.build/Debug-iphonesimulator/ProbeTests.build/Objects-normal/x86_64/ProbeTests.swiftmodule (in target 'ProbeTests' from project 'SoloSoulFE2UIProbe')
    cd /tmp/solosoul-fe2-ios-root-viewport-ui-20261008
    builtin-copy -exclude .DS_Store -exclude CVS -exclude .svn -exclude .git -exclude .hg -resolve-src-symlinks -rename /tmp/solosoul-fe2-ios-root-viewport-ui-20261008/DerivedData/Build/Intermediates.noindex/SoloSoulFE2UIProbe.build/Debug-iphonesimulator/ProbeTests.build/Objects-normal/x86_64/ProbeTests.swiftmodule /tmp/solosoul-fe2-ios-root-viewport-ui-20261008/DerivedData/Build/Products/Debug-iphonesimulator/ProbeTests.swiftmodule/x86_64-apple-ios-simulator.swiftmodule

SwiftMergeGeneratedHeaders /tmp/solosoul-fe2-ios-root-viewport-ui-20261008/DerivedData/Build/Intermediates.noindex/SoloSoulFE2UIProbe.build/Debug-iphonesimulator/ProbeTests.build/DerivedSources/ProbeTests-Swift.h /tmp/solosoul-fe2-ios-root-viewport-ui-20261008/DerivedData/Build/Intermediates.noindex/SoloSoulFE2UIProbe.build/Debug-iphonesimulator/ProbeTests.build/Objects-normal/arm64/ProbeTests-Swift.h /tmp/solosoul-fe2-ios-root-viewport-ui-20261008/DerivedData/Build/Intermediates.noindex/SoloSoulFE2UIProbe.build/Debug-iphonesimulator/ProbeTests.build/Objects-normal/x86_64/ProbeTests-Swift.h (in target 'ProbeTests' from project 'SoloSoulFE2UIProbe')
    cd /tmp/solosoul-fe2-ios-root-viewport-ui-20261008
    builtin-swiftHeaderTool -arch arm64 /tmp/solosoul-fe2-ios-root-viewport-ui-20261008/DerivedData/Build/Intermediates.noindex/SoloSoulFE2UIProbe.build/Debug-iphonesimulator/ProbeTests.build/Objects-normal/arm64/ProbeTests-Swift.h -arch x86_64 /tmp/solosoul-fe2-ios-root-viewport-ui-20261008/DerivedData/Build/Intermediates.noindex/SoloSoulFE2UIProbe.build/Debug-iphonesimulator/ProbeTests.build/Objects-normal/x86_64/ProbeTests-Swift.h -o /tmp/solosoul-fe2-ios-root-viewport-ui-20261008/DerivedData/Build/Intermediates.noindex/SoloSoulFE2UIProbe.build/Debug-iphonesimulator/ProbeTests.build/DerivedSources/ProbeTests-Swift.h

Copy /tmp/solosoul-fe2-ios-root-viewport-ui-20261008/DerivedData/Build/Products/Debug-iphonesimulator/ProbeTests.swiftmodule/x86_64-apple-ios-simulator.swiftdoc /tmp/solosoul-fe2-ios-root-viewport-ui-20261008/DerivedData/Build/Intermediates.noindex/SoloSoulFE2UIProbe.build/Debug-iphonesimulator/ProbeTests.build/Objects-normal/x86_64/ProbeTests.swiftdoc (in target 'ProbeTests' from project 'SoloSoulFE2UIProbe')
    cd /tmp/solosoul-fe2-ios-root-viewport-ui-20261008
    builtin-copy -exclude .DS_Store -exclude CVS -exclude .svn -exclude .git -exclude .hg -resolve-src-symlinks -rename /tmp/solosoul-fe2-ios-root-viewport-ui-20261008/DerivedData/Build/Intermediates.noindex/SoloSoulFE2UIProbe.build/Debug-iphonesimulator/ProbeTests.build/Objects-normal/x86_64/ProbeTests.swiftdoc /tmp/solosoul-fe2-ios-root-viewport-ui-20261008/DerivedData/Build/Products/Debug-iphonesimulator/ProbeTests.swiftmodule/x86_64-apple-ios-simulator.swiftdoc

Copy /tmp/solosoul-fe2-ios-root-viewport-ui-20261008/DerivedData/Build/Products/Debug-iphonesimulator/ProbeTests.swiftmodule/x86_64-apple-ios-simulator.abi.json /tmp/solosoul-fe2-ios-root-viewport-ui-20261008/DerivedData/Build/Intermediates.noindex/SoloSoulFE2UIProbe.build/Debug-iphonesimulator/ProbeTests.build/Objects-normal/x86_64/ProbeTests.abi.json (in target 'ProbeTests' from project 'SoloSoulFE2UIProbe')
    cd /tmp/solosoul-fe2-ios-root-viewport-ui-20261008
    builtin-copy -exclude .DS_Store -exclude CVS -exclude .svn -exclude .git -exclude .hg -resolve-src-symlinks -rename /tmp/solosoul-fe2-ios-root-viewport-ui-20261008/DerivedData/Build/Intermediates.noindex/SoloSoulFE2UIProbe.build/Debug-iphonesimulator/ProbeTests.build/Objects-normal/x86_64/ProbeTests.abi.json /tmp/solosoul-fe2-ios-root-viewport-ui-20261008/DerivedData/Build/Products/Debug-iphonesimulator/ProbeTests.swiftmodule/x86_64-apple-ios-simulator.abi.json

Copy /tmp/solosoul-fe2-ios-root-viewport-ui-20261008/DerivedData/Build/Products/Debug-iphonesimulator/ProbeTests.swiftmodule/Project/x86_64-apple-ios-simulator.swiftsourceinfo /tmp/solosoul-fe2-ios-root-viewport-ui-20261008/DerivedData/Build/Intermediates.noindex/SoloSoulFE2UIProbe.build/Debug-iphonesimulator/ProbeTests.build/Objects-normal/x86_64/ProbeTests.swiftsourceinfo (in target 'ProbeTests' from project 'SoloSoulFE2UIProbe')
    cd /tmp/solosoul-fe2-ios-root-viewport-ui-20261008
    builtin-copy -exclude .DS_Store -exclude CVS -exclude .svn -exclude .git -exclude .hg -resolve-src-symlinks -rename /tmp/solosoul-fe2-ios-root-viewport-ui-20261008/DerivedData/Build/Intermediates.noindex/SoloSoulFE2UIProbe.build/Debug-iphonesimulator/ProbeTests.build/Objects-normal/x86_64/ProbeTests.swiftsourceinfo /tmp/solosoul-fe2-ios-root-viewport-ui-20261008/DerivedData/Build/Products/Debug-iphonesimulator/ProbeTests.swiftmodule/Project/x86_64-apple-ios-simulator.swiftsourceinfo

SwiftDriverJobDiscovery normal arm64 Compiling App.swift (in target 'ProbeHost' from project 'SoloSoulFE2UIProbe')

SwiftDriverJobDiscovery normal x86_64 Compiling App.swift (in target 'ProbeHost' from project 'SoloSoulFE2UIProbe')

SwiftDriver\ Compilation ProbeHost normal arm64 com.apple.xcode.tools.swift.compiler (in target 'ProbeHost' from project 'SoloSoulFE2UIProbe')
    cd /tmp/solosoul-fe2-ios-root-viewport-ui-20261008
    builtin-Swift-Compilation -- /Applications/Xcode.app/Contents/Developer/Toolchains/XcodeDefault.xctoolchain/usr/bin/swiftc -module-name ProbeHost -Onone -enforce-exclusivity\=checked @/tmp/solosoul-fe2-ios-root-viewport-ui-20261008/DerivedData/Build/Intermediates.noindex/SoloSoulFE2UIProbe.build/Debug-iphonesimulator/ProbeHost.build/Objects-normal/arm64/ProbeHost.SwiftFileList -DDEBUG -enable-bare-slash-regex -enable-experimental-feature DebugDescriptionMacro -sdk /Applications/Xcode.app/Contents/Developer/Platforms/iPhoneSimulator.platform/Developer/SDKs/iPhoneSimulator26.2.sdk -target arm64-apple-ios14.0-simulator -g -module-cache-path /tmp/solosoul-fe2-ios-root-viewport-ui-20261008/DerivedData/ModuleCache.noindex -Xfrontend -serialize-debugging-options -enable-testing -index-store-path /tmp/solosoul-fe2-ios-root-viewport-ui-20261008/DerivedData/Index.noindex/DataStore -Xcc -D_LIBCPP_HARDENING_MODE\=_LIBCPP_HARDENING_MODE_DEBUG -swift-version 5 -I /tmp/solosoul-fe2-ios-root-viewport-ui-20261008/DerivedData/Build/Products/Debug-iphonesimulator -F /tmp/solosoul-fe2-ios-root-viewport-ui-20261008/DerivedData/Build/Products/Debug-iphonesimulator -parse-as-library -c -j8 -enable-batch-mode -incremental -Xcc -ivfsstatcache -Xcc /tmp/solosoul-fe2-ios-root-viewport-ui-20261008/DerivedData/SDKStatCaches.noindex/iphonesimulator26.2-23C57-7d00a8b37fbd7999ea79df8ebc024bf0.sdkstatcache -output-file-map /tmp/solosoul-fe2-ios-root-viewport-ui-20261008/DerivedData/Build/Intermediates.noindex/SoloSoulFE2UIProbe.build/Debug-iphonesimulator/ProbeHost.build/Objects-normal/arm64/ProbeHost-OutputFileMap.json -use-frontend-parseable-output -save-temps -no-color-diagnostics -explicit-module-build -module-cache-path /tmp/solosoul-fe2-ios-root-viewport-ui-20261008/DerivedData/Build/Intermediates.noindex/SwiftExplicitPrecompiledModules -clang-scanner-module-cache-path /tmp/solosoul-fe2-ios-root-viewport-ui-20261008/DerivedData/ModuleCache.noindex -sdk-module-cache-path /tmp/solosoul-fe2-ios-root-viewport-ui-20261008/DerivedData/ModuleCache.noindex -serialize-diagnostics -emit-dependencies -emit-module -emit-module-path /tmp/solosoul-fe2-ios-root-viewport-ui-20261008/DerivedData/Build/Intermediates.noindex/SoloSoulFE2UIProbe.build/Debug-iphonesimulator/ProbeHost.build/Objects-normal/arm64/ProbeHost.swiftmodule -validate-clang-modules-once -clang-build-session-file /tmp/solosoul-fe2-ios-root-viewport-ui-20261008/DerivedData/ModuleCache.noindex/Session.modulevalidation -Xcc -I/tmp/solosoul-fe2-ios-root-viewport-ui-20261008/DerivedData/Build/Intermediates.noindex/SoloSoulFE2UIProbe.build/Debug-iphonesimulator/ProbeHost.build/swift-overrides.hmap -emit-const-values -Xfrontend -const-gather-protocols-file -Xfrontend /tmp/solosoul-fe2-ios-root-viewport-ui-20261008/DerivedData/Build/Intermediates.noindex/SoloSoulFE2UIProbe.build/Debug-iphonesimulator/ProbeHost.build/Objects-normal/arm64/ProbeHost_const_extract_protocols.json -Xcc -iquote -Xcc /tmp/solosoul-fe2-ios-root-viewport-ui-20261008/DerivedData/Build/Intermediates.noindex/SoloSoulFE2UIProbe.build/Debug-iphonesimulator/ProbeHost.build/ProbeHost-generated-files.hmap -Xcc -I/tmp/solosoul-fe2-ios-root-viewport-ui-20261008/DerivedData/Build/Intermediates.noindex/SoloSoulFE2UIProbe.build/Debug-iphonesimulator/ProbeHost.build/ProbeHost-own-target-headers.hmap -Xcc -I/tmp/solosoul-fe2-ios-root-viewport-ui-20261008/DerivedData/Build/Intermediates.noindex/SoloSoulFE2UIProbe.build/Debug-iphonesimulator/ProbeHost.build/ProbeHost-all-target-headers.hmap -Xcc -iquote -Xcc /tmp/solosoul-fe2-ios-root-viewport-ui-20261008/DerivedData/Build/Intermediates.noindex/SoloSoulFE2UIProbe.build/Debug-iphonesimulator/ProbeHost.build/ProbeHost-project-headers.hmap -Xcc -I/tmp/solosoul-fe2-ios-root-viewport-ui-20261008/DerivedData/Build/Products/Debug-iphonesimulator/include -Xcc -I/tmp/solosoul-fe2-ios-root-viewport-ui-20261008/DerivedData/Build/Intermediates.noindex/SoloSoulFE2UIProbe.build/Debug-iphonesimulator/ProbeHost.build/DerivedSources-normal/arm64 -Xcc -I/tmp/solosoul-fe2-ios-root-viewport-ui-20261008/DerivedData/Build/Intermediates.noindex/SoloSoulFE2UIProbe.build/Debug-iphonesimulator/ProbeHost.build/DerivedSources/arm64 -Xcc -I/tmp/solosoul-fe2-ios-root-viewport-ui-20261008/DerivedData/Build/Intermediates.noindex/SoloSoulFE2UIProbe.build/Debug-iphonesimulator/ProbeHost.build/DerivedSources -Xcc -DDEBUG\=1 -emit-objc-header -emit-objc-header-path /tmp/solosoul-fe2-ios-root-viewport-ui-20261008/DerivedData/Build/Intermediates.noindex/SoloSoulFE2UIProbe.build/Debug-iphonesimulator/ProbeHost.build/Objects-normal/arm64/ProbeHost-Swift.h -working-directory /tmp/solosoul-fe2-ios-root-viewport-ui-20261008 -experimental-emit-module-separately -disable-cmo

SwiftDriver\ Compilation ProbeHost normal x86_64 com.apple.xcode.tools.swift.compiler (in target 'ProbeHost' from project 'SoloSoulFE2UIProbe')
    cd /tmp/solosoul-fe2-ios-root-viewport-ui-20261008
    builtin-Swift-Compilation -- /Applications/Xcode.app/Contents/Developer/Toolchains/XcodeDefault.xctoolchain/usr/bin/swiftc -module-name ProbeHost -Onone -enforce-exclusivity\=checked @/tmp/solosoul-fe2-ios-root-viewport-ui-20261008/DerivedData/Build/Intermediates.noindex/SoloSoulFE2UIProbe.build/Debug-iphonesimulator/ProbeHost.build/Objects-normal/x86_64/ProbeHost.SwiftFileList -DDEBUG -enable-bare-slash-regex -enable-experimental-feature DebugDescriptionMacro -sdk /Applications/Xcode.app/Contents/Developer/Platforms/iPhoneSimulator.platform/Developer/SDKs/iPhoneSimulator26.2.sdk -target x86_64-apple-ios14.0-simulator -g -module-cache-path /tmp/solosoul-fe2-ios-root-viewport-ui-20261008/DerivedData/ModuleCache.noindex -Xfrontend -serialize-debugging-options -enable-testing -index-store-path /tmp/solosoul-fe2-ios-root-viewport-ui-20261008/DerivedData/Index.noindex/DataStore -Xcc -D_LIBCPP_HARDENING_MODE\=_LIBCPP_HARDENING_MODE_DEBUG -swift-version 5 -I /tmp/solosoul-fe2-ios-root-viewport-ui-20261008/DerivedData/Build/Products/Debug-iphonesimulator -F /tmp/solosoul-fe2-ios-root-viewport-ui-20261008/DerivedData/Build/Products/Debug-iphonesimulator -parse-as-library -c -j8 -enable-batch-mode -incremental -Xcc -ivfsstatcache -Xcc /tmp/solosoul-fe2-ios-root-viewport-ui-20261008/DerivedData/SDKStatCaches.noindex/iphonesimulator26.2-23C57-7d00a8b37fbd7999ea79df8ebc024bf0.sdkstatcache -output-file-map /tmp/solosoul-fe2-ios-root-viewport-ui-20261008/DerivedData/Build/Intermediates.noindex/SoloSoulFE2UIProbe.build/Debug-iphonesimulator/ProbeHost.build/Objects-normal/x86_64/ProbeHost-OutputFileMap.json -use-frontend-parseable-output -save-temps -no-color-diagnostics -explicit-module-build -module-cache-path /tmp/solosoul-fe2-ios-root-viewport-ui-20261008/DerivedData/Build/Intermediates.noindex/SwiftExplicitPrecompiledModules -clang-scanner-module-cache-path /tmp/solosoul-fe2-ios-root-viewport-ui-20261008/DerivedData/ModuleCache.noindex -sdk-module-cache-path /tmp/solosoul-fe2-ios-root-viewport-ui-20261008/DerivedData/ModuleCache.noindex -serialize-diagnostics -emit-dependencies -emit-module -emit-module-path /tmp/solosoul-fe2-ios-root-viewport-ui-20261008/DerivedData/Build/Intermediates.noindex/SoloSoulFE2UIProbe.build/Debug-iphonesimulator/ProbeHost.build/Objects-normal/x86_64/ProbeHost.swiftmodule -validate-clang-modules-once -clang-build-session-file /tmp/solosoul-fe2-ios-root-viewport-ui-20261008/DerivedData/ModuleCache.noindex/Session.modulevalidation -Xcc -I/tmp/solosoul-fe2-ios-root-viewport-ui-20261008/DerivedData/Build/Intermediates.noindex/SoloSoulFE2UIProbe.build/Debug-iphonesimulator/ProbeHost.build/swift-overrides.hmap -emit-const-values -Xfrontend -const-gather-protocols-file -Xfrontend /tmp/solosoul-fe2-ios-root-viewport-ui-20261008/DerivedData/Build/Intermediates.noindex/SoloSoulFE2UIProbe.build/Debug-iphonesimulator/ProbeHost.build/Objects-normal/x86_64/ProbeHost_const_extract_protocols.json -Xcc -iquote -Xcc /tmp/solosoul-fe2-ios-root-viewport-ui-20261008/DerivedData/Build/Intermediates.noindex/SoloSoulFE2UIProbe.build/Debug-iphonesimulator/ProbeHost.build/ProbeHost-generated-files.hmap -Xcc -I/tmp/solosoul-fe2-ios-root-viewport-ui-20261008/DerivedData/Build/Intermediates.noindex/SoloSoulFE2UIProbe.build/Debug-iphonesimulator/ProbeHost.build/ProbeHost-own-target-headers.hmap -Xcc -I/tmp/solosoul-fe2-ios-root-viewport-ui-20261008/DerivedData/Build/Intermediates.noindex/SoloSoulFE2UIProbe.build/Debug-iphonesimulator/ProbeHost.build/ProbeHost-all-target-headers.hmap -Xcc -iquote -Xcc /tmp/solosoul-fe2-ios-root-viewport-ui-20261008/DerivedData/Build/Intermediates.noindex/SoloSoulFE2UIProbe.build/Debug-iphonesimulator/ProbeHost.build/ProbeHost-project-headers.hmap -Xcc -I/tmp/solosoul-fe2-ios-root-viewport-ui-20261008/DerivedData/Build/Products/Debug-iphonesimulator/include -Xcc -I/tmp/solosoul-fe2-ios-root-viewport-ui-20261008/DerivedData/Build/Intermediates.noindex/SoloSoulFE2UIProbe.build/Debug-iphonesimulator/ProbeHost.build/DerivedSources-normal/x86_64 -Xcc -I/tmp/solosoul-fe2-ios-root-viewport-ui-20261008/DerivedData/Build/Intermediates.noindex/SoloSoulFE2UIProbe.build/Debug-iphonesimulator/ProbeHost.build/DerivedSources/x86_64 -Xcc -I/tmp/solosoul-fe2-ios-root-viewport-ui-20261008/DerivedData/Build/Intermediates.noindex/SoloSoulFE2UIProbe.build/Debug-iphonesimulator/ProbeHost.build/DerivedSources -Xcc -DDEBUG\=1 -emit-objc-header -emit-objc-header-path /tmp/solosoul-fe2-ios-root-viewport-ui-20261008/DerivedData/Build/Intermediates.noindex/SoloSoulFE2UIProbe.build/Debug-iphonesimulator/ProbeHost.build/Objects-normal/x86_64/ProbeHost-Swift.h -working-directory /tmp/solosoul-fe2-ios-root-viewport-ui-20261008 -experimental-emit-module-separately -disable-cmo

Ld /tmp/solosoul-fe2-ios-root-viewport-ui-20261008/DerivedData/Build/Intermediates.noindex/SoloSoulFE2UIProbe.build/Debug-iphonesimulator/ProbeHost.build/Objects-normal/arm64/Binary/ProbeHost.debug.dylib normal arm64 (in target 'ProbeHost' from project 'SoloSoulFE2UIProbe')
    cd /tmp/solosoul-fe2-ios-root-viewport-ui-20261008
    /Applications/Xcode.app/Contents/Developer/Toolchains/XcodeDefault.xctoolchain/usr/bin/clang -Xlinker -reproducible -target arm64-apple-ios14.0-simulator -dynamiclib -isysroot /Applications/Xcode.app/Contents/Developer/Platforms/iPhoneSimulator.platform/Developer/SDKs/iPhoneSimulator26.2.sdk -O0 -L/tmp/solosoul-fe2-ios-root-viewport-ui-20261008/DerivedData/Build/Intermediates.noindex/EagerLinkingTBDs/Debug-iphonesimulator -L/tmp/solosoul-fe2-ios-root-viewport-ui-20261008/DerivedData/Build/Products/Debug-iphonesimulator -F/tmp/solosoul-fe2-ios-root-viewport-ui-20261008/DerivedData/Build/Intermediates.noindex/EagerLinkingTBDs/Debug-iphonesimulator -F/tmp/solosoul-fe2-ios-root-viewport-ui-20261008/DerivedData/Build/Products/Debug-iphonesimulator -filelist /tmp/solosoul-fe2-ios-root-viewport-ui-20261008/DerivedData/Build/Intermediates.noindex/SoloSoulFE2UIProbe.build/Debug-iphonesimulator/ProbeHost.build/Objects-normal/arm64/ProbeHost.LinkFileList -install_name @rpath/ProbeHost.debug.dylib -Xlinker -rpath -Xlinker /usr/lib/swift -Xlinker -rpath -Xlinker @executable_path/Frameworks -dead_strip -Xlinker -object_path_lto -Xlinker /tmp/solosoul-fe2-ios-root-viewport-ui-20261008/DerivedData/Build/Intermediates.noindex/SoloSoulFE2UIProbe.build/Debug-iphonesimulator/ProbeHost.build/Objects-normal/arm64/ProbeHost_lto.o -rdynamic -Xlinker -no_deduplicate -Xlinker -objc_abi_version -Xlinker 2 -Xlinker -dependency_info -Xlinker /tmp/solosoul-fe2-ios-root-viewport-ui-20261008/DerivedData/Build/Intermediates.noindex/SoloSoulFE2UIProbe.build/Debug-iphonesimulator/ProbeHost.build/Objects-normal/arm64/ProbeHost_dependency_info.dat -fobjc-link-runtime -L/Applications/Xcode.app/Contents/Developer/Toolchains/XcodeDefault.xctoolchain/usr/lib/swift/iphonesimulator -L/usr/lib/swift -Xlinker -add_ast_path -Xlinker /tmp/solosoul-fe2-ios-root-viewport-ui-20261008/DerivedData/Build/Intermediates.noindex/SoloSoulFE2UIProbe.build/Debug-iphonesimulator/ProbeHost.build/Objects-normal/arm64/ProbeHost.swiftmodule @/tmp/solosoul-fe2-ios-root-viewport-ui-20261008/DerivedData/Build/Intermediates.noindex/SoloSoulFE2UIProbe.build/Debug-iphonesimulator/ProbeHost.build/Objects-normal/arm64/ProbeHost-linker-args.resp -Xlinker -alias -Xlinker _main -Xlinker ___debug_main_executable_dylib_entry_point -o /tmp/solosoul-fe2-ios-root-viewport-ui-20261008/DerivedData/Build/Intermediates.noindex/SoloSoulFE2UIProbe.build/Debug-iphonesimulator/ProbeHost.build/Objects-normal/arm64/Binary/ProbeHost.debug.dylib

Ld /tmp/solosoul-fe2-ios-root-viewport-ui-20261008/DerivedData/Build/Intermediates.noindex/SoloSoulFE2UIProbe.build/Debug-iphonesimulator/ProbeHost.build/Objects-normal/x86_64/Binary/ProbeHost.debug.dylib normal x86_64 (in target 'ProbeHost' from project 'SoloSoulFE2UIProbe')
    cd /tmp/solosoul-fe2-ios-root-viewport-ui-20261008
    /Applications/Xcode.app/Contents/Developer/Toolchains/XcodeDefault.xctoolchain/usr/bin/clang -Xlinker -reproducible -target x86_64-apple-ios14.0-simulator -dynamiclib -isysroot /Applications/Xcode.app/Contents/Developer/Platforms/iPhoneSimulator.platform/Developer/SDKs/iPhoneSimulator26.2.sdk -O0 -L/tmp/solosoul-fe2-ios-root-viewport-ui-20261008/DerivedData/Build/Intermediates.noindex/EagerLinkingTBDs/Debug-iphonesimulator -L/tmp/solosoul-fe2-ios-root-viewport-ui-20261008/DerivedData/Build/Products/Debug-iphonesimulator -F/tmp/solosoul-fe2-ios-root-viewport-ui-20261008/DerivedData/Build/Intermediates.noindex/EagerLinkingTBDs/Debug-iphonesimulator -F/tmp/solosoul-fe2-ios-root-viewport-ui-20261008/DerivedData/Build/Products/Debug-iphonesimulator -filelist /tmp/solosoul-fe2-ios-root-viewport-ui-20261008/DerivedData/Build/Intermediates.noindex/SoloSoulFE2UIProbe.build/Debug-iphonesimulator/ProbeHost.build/Objects-normal/x86_64/ProbeHost.LinkFileList -install_name @rpath/ProbeHost.debug.dylib -Xlinker -rpath -Xlinker /usr/lib/swift -Xlinker -rpath -Xlinker @executable_path/Frameworks -dead_strip -Xlinker -object_path_lto -Xlinker /tmp/solosoul-fe2-ios-root-viewport-ui-20261008/DerivedData/Build/Intermediates.noindex/SoloSoulFE2UIProbe.build/Debug-iphonesimulator/ProbeHost.build/Objects-normal/x86_64/ProbeHost_lto.o -rdynamic -Xlinker -no_deduplicate -Xlinker -objc_abi_version -Xlinker 2 -Xlinker -dependency_info -Xlinker /tmp/solosoul-fe2-ios-root-viewport-ui-20261008/DerivedData/Build/Intermediates.noindex/SoloSoulFE2UIProbe.build/Debug-iphonesimulator/ProbeHost.build/Objects-normal/x86_64/ProbeHost_dependency_info.dat -fobjc-link-runtime -L/Applications/Xcode.app/Contents/Developer/Toolchains/XcodeDefault.xctoolchain/usr/lib/swift/iphonesimulator -L/usr/lib/swift -Xlinker -add_ast_path -Xlinker /tmp/solosoul-fe2-ios-root-viewport-ui-20261008/DerivedData/Build/Intermediates.noindex/SoloSoulFE2UIProbe.build/Debug-iphonesimulator/ProbeHost.build/Objects-normal/x86_64/ProbeHost.swiftmodule @/tmp/solosoul-fe2-ios-root-viewport-ui-20261008/DerivedData/Build/Intermediates.noindex/SoloSoulFE2UIProbe.build/Debug-iphonesimulator/ProbeHost.build/Objects-normal/x86_64/ProbeHost-linker-args.resp -Xlinker -alias -Xlinker _main -Xlinker ___debug_main_executable_dylib_entry_point -o /tmp/solosoul-fe2-ios-root-viewport-ui-20261008/DerivedData/Build/Intermediates.noindex/SoloSoulFE2UIProbe.build/Debug-iphonesimulator/ProbeHost.build/Objects-normal/x86_64/Binary/ProbeHost.debug.dylib

SwiftDriverJobDiscovery normal x86_64 Compiling ProbeTests.swift (in target 'ProbeTests' from project 'SoloSoulFE2UIProbe')

SwiftDriver\ Compilation ProbeTests normal x86_64 com.apple.xcode.tools.swift.compiler (in target 'ProbeTests' from project 'SoloSoulFE2UIProbe')
    cd /tmp/solosoul-fe2-ios-root-viewport-ui-20261008
    builtin-Swift-Compilation -- /Applications/Xcode.app/Contents/Developer/Toolchains/XcodeDefault.xctoolchain/usr/bin/swiftc -module-name ProbeTests -Onone -enforce-exclusivity\=checked @/tmp/solosoul-fe2-ios-root-viewport-ui-20261008/DerivedData/Build/Intermediates.noindex/SoloSoulFE2UIProbe.build/Debug-iphonesimulator/ProbeTests.build/Objects-normal/x86_64/ProbeTests.SwiftFileList -DDEBUG -module-alias Testing\=_Testing_Unavailable -plugin-path /Applications/Xcode.app/Contents/Developer/Toolchains/XcodeDefault.xctoolchain/usr/lib/swift/host/plugins/testing -enable-bare-slash-regex -enable-experimental-feature DebugDescriptionMacro -sdk /Applications/Xcode.app/Contents/Developer/Platforms/iPhoneSimulator.platform/Developer/SDKs/iPhoneSimulator26.2.sdk -target x86_64-apple-ios14.0-simulator -g -module-cache-path /tmp/solosoul-fe2-ios-root-viewport-ui-20261008/DerivedData/ModuleCache.noindex -Xfrontend -serialize-debugging-options -enable-testing -index-store-path /tmp/solosoul-fe2-ios-root-viewport-ui-20261008/DerivedData/Index.noindex/DataStore -Xcc -D_LIBCPP_HARDENING_MODE\=_LIBCPP_HARDENING_MODE_DEBUG -swift-version 5 -I /tmp/solosoul-fe2-ios-root-viewport-ui-20261008/DerivedData/Build/Products/Debug-iphonesimulator -Isystem /Applications/Xcode.app/Contents/Developer/Platforms/iPhoneSimulator.platform/Developer/usr/lib -F /tmp/solosoul-fe2-ios-root-viewport-ui-20261008/DerivedData/Build/Products/Debug-iphonesimulator -F /Applications/Xcode.app/Contents/Developer/Platforms/iPhoneSimulator.platform/Developer/Library/Frameworks -F /Applications/Xcode.app/Contents/Developer/Platforms/iPhoneSimulator.platform/Developer/SDKs/iPhoneSimulator26.2.sdk/Developer/Library/Frameworks -parse-as-library -c -j8 -enable-batch-mode -incremental -Xcc -ivfsstatcache -Xcc /tmp/solosoul-fe2-ios-root-viewport-ui-20261008/DerivedData/SDKStatCaches.noindex/iphonesimulator26.2-23C57-7d00a8b37fbd7999ea79df8ebc024bf0.sdkstatcache -output-file-map /tmp/solosoul-fe2-ios-root-viewport-ui-20261008/DerivedData/Build/Intermediates.noindex/SoloSoulFE2UIProbe.build/Debug-iphonesimulator/ProbeTests.build/Objects-normal/x86_64/ProbeTests-OutputFileMap.json -use-frontend-parseable-output -save-temps -no-color-diagnostics -explicit-module-build -module-cache-path /tmp/solosoul-fe2-ios-root-viewport-ui-20261008/DerivedData/Build/Intermediates.noindex/SwiftExplicitPrecompiledModules -clang-scanner-module-cache-path /tmp/solosoul-fe2-ios-root-viewport-ui-20261008/DerivedData/ModuleCache.noindex -sdk-module-cache-path /tmp/solosoul-fe2-ios-root-viewport-ui-20261008/DerivedData/ModuleCache.noindex -serialize-diagnostics -emit-dependencies -emit-module -emit-module-path /tmp/solosoul-fe2-ios-root-viewport-ui-20261008/DerivedData/Build/Intermediates.noindex/SoloSoulFE2UIProbe.build/Debug-iphonesimulator/ProbeTests.build/Objects-normal/x86_64/ProbeTests.swiftmodule -validate-clang-modules-once -clang-build-session-file /tmp/solosoul-fe2-ios-root-viewport-ui-20261008/DerivedData/ModuleCache.noindex/Session.modulevalidation -Xcc -I/tmp/solosoul-fe2-ios-root-viewport-ui-20261008/DerivedData/Build/Intermediates.noindex/SoloSoulFE2UIProbe.build/Debug-iphonesimulator/ProbeTests.build/swift-overrides.hmap -emit-const-values -Xfrontend -const-gather-protocols-file -Xfrontend /tmp/solosoul-fe2-ios-root-viewport-ui-20261008/DerivedData/Build/Intermediates.noindex/SoloSoulFE2UIProbe.build/Debug-iphonesimulator/ProbeTests.build/Objects-normal/x86_64/ProbeTests_const_extract_protocols.json -Xcc -iquote -Xcc /tmp/solosoul-fe2-ios-root-viewport-ui-20261008/DerivedData/Build/Intermediates.noindex/SoloSoulFE2UIProbe.build/Debug-iphonesimulator/ProbeTests.build/ProbeTests-generated-files.hmap -Xcc -I/tmp/solosoul-fe2-ios-root-viewport-ui-20261008/DerivedData/Build/Intermediates.noindex/SoloSoulFE2UIProbe.build/Debug-iphonesimulator/ProbeTests.build/ProbeTests-own-target-headers.hmap -Xcc -I/tmp/solosoul-fe2-ios-root-viewport-ui-20261008/DerivedData/Build/Intermediates.noindex/SoloSoulFE2UIProbe.build/Debug-iphonesimulator/ProbeTests.build/ProbeTests-all-target-headers.hmap -Xcc -iquote -Xcc /tmp/solosoul-fe2-ios-root-viewport-ui-20261008/DerivedData/Build/Intermediates.noindex/SoloSoulFE2UIProbe.build/Debug-iphonesimulator/ProbeTests.build/ProbeTests-project-headers.hmap -Xcc -I/tmp/solosoul-fe2-ios-root-viewport-ui-20261008/DerivedData/Build/Products/Debug-iphonesimulator/include -Xcc -I/tmp/solosoul-fe2-ios-root-viewport-ui-20261008/DerivedData/Build/Intermediates.noindex/SoloSoulFE2UIProbe.build/Debug-iphonesimulator/ProbeTests.build/DerivedSources-normal/x86_64 -Xcc -I/tmp/solosoul-fe2-ios-root-viewport-ui-20261008/DerivedData/Build/Intermediates.noindex/SoloSoulFE2UIProbe.build/Debug-iphonesimulator/ProbeTests.build/DerivedSources/x86_64 -Xcc -I/tmp/solosoul-fe2-ios-root-viewport-ui-20261008/DerivedData/Build/Intermediates.noindex/SoloSoulFE2UIProbe.build/Debug-iphonesimulator/ProbeTests.build/DerivedSources -Xcc -DDEBUG\=1 -emit-objc-header -emit-objc-header-path /tmp/solosoul-fe2-ios-root-viewport-ui-20261008/DerivedData/Build/Intermediates.noindex/SoloSoulFE2UIProbe.build/Debug-iphonesimulator/ProbeTests.build/Objects-normal/x86_64/ProbeTests-Swift.h -working-directory /tmp/solosoul-fe2-ios-root-viewport-ui-20261008 -experimental-emit-module-separately -disable-cmo

SwiftDriverJobDiscovery normal arm64 Compiling ProbeTests.swift (in target 'ProbeTests' from project 'SoloSoulFE2UIProbe')

SwiftDriver\ Compilation ProbeTests normal arm64 com.apple.xcode.tools.swift.compiler (in target 'ProbeTests' from project 'SoloSoulFE2UIProbe')
    cd /tmp/solosoul-fe2-ios-root-viewport-ui-20261008
    builtin-Swift-Compilation -- /Applications/Xcode.app/Contents/Developer/Toolchains/XcodeDefault.xctoolchain/usr/bin/swiftc -module-name ProbeTests -Onone -enforce-exclusivity\=checked @/tmp/solosoul-fe2-ios-root-viewport-ui-20261008/DerivedData/Build/Intermediates.noindex/SoloSoulFE2UIProbe.build/Debug-iphonesimulator/ProbeTests.build/Objects-normal/arm64/ProbeTests.SwiftFileList -DDEBUG -module-alias Testing\=_Testing_Unavailable -plugin-path /Applications/Xcode.app/Contents/Developer/Toolchains/XcodeDefault.xctoolchain/usr/lib/swift/host/plugins/testing -enable-bare-slash-regex -enable-experimental-feature DebugDescriptionMacro -sdk /Applications/Xcode.app/Contents/Developer/Platforms/iPhoneSimulator.platform/Developer/SDKs/iPhoneSimulator26.2.sdk -target arm64-apple-ios14.0-simulator -g -module-cache-path /tmp/solosoul-fe2-ios-root-viewport-ui-20261008/DerivedData/ModuleCache.noindex -Xfrontend -serialize-debugging-options -enable-testing -index-store-path /tmp/solosoul-fe2-ios-root-viewport-ui-20261008/DerivedData/Index.noindex/DataStore -Xcc -D_LIBCPP_HARDENING_MODE\=_LIBCPP_HARDENING_MODE_DEBUG -swift-version 5 -I /tmp/solosoul-fe2-ios-root-viewport-ui-20261008/DerivedData/Build/Products/Debug-iphonesimulator -Isystem /Applications/Xcode.app/Contents/Developer/Platforms/iPhoneSimulator.platform/Developer/usr/lib -F /tmp/solosoul-fe2-ios-root-viewport-ui-20261008/DerivedData/Build/Products/Debug-iphonesimulator -F /Applications/Xcode.app/Contents/Developer/Platforms/iPhoneSimulator.platform/Developer/Library/Frameworks -F /Applications/Xcode.app/Contents/Developer/Platforms/iPhoneSimulator.platform/Developer/SDKs/iPhoneSimulator26.2.sdk/Developer/Library/Frameworks -parse-as-library -c -j8 -enable-batch-mode -incremental -Xcc -ivfsstatcache -Xcc /tmp/solosoul-fe2-ios-root-viewport-ui-20261008/DerivedData/SDKStatCaches.noindex/iphonesimulator26.2-23C57-7d00a8b37fbd7999ea79df8ebc024bf0.sdkstatcache -output-file-map /tmp/solosoul-fe2-ios-root-viewport-ui-20261008/DerivedData/Build/Intermediates.noindex/SoloSoulFE2UIProbe.build/Debug-iphonesimulator/ProbeTests.build/Objects-normal/arm64/ProbeTests-OutputFileMap.json -use-frontend-parseable-output -save-temps -no-color-diagnostics -explicit-module-build -module-cache-path /tmp/solosoul-fe2-ios-root-viewport-ui-20261008/DerivedData/Build/Intermediates.noindex/SwiftExplicitPrecompiledModules -clang-scanner-module-cache-path /tmp/solosoul-fe2-ios-root-viewport-ui-20261008/DerivedData/ModuleCache.noindex -sdk-module-cache-path /tmp/solosoul-fe2-ios-root-viewport-ui-20261008/DerivedData/ModuleCache.noindex -serialize-diagnostics -emit-dependencies -emit-module -emit-module-path /tmp/solosoul-fe2-ios-root-viewport-ui-20261008/DerivedData/Build/Intermediates.noindex/SoloSoulFE2UIProbe.build/Debug-iphonesimulator/ProbeTests.build/Objects-normal/arm64/ProbeTests.swiftmodule -validate-clang-modules-once -clang-build-session-file /tmp/solosoul-fe2-ios-root-viewport-ui-20261008/DerivedData/ModuleCache.noindex/Session.modulevalidation -Xcc -I/tmp/solosoul-fe2-ios-root-viewport-ui-20261008/DerivedData/Build/Intermediates.noindex/SoloSoulFE2UIProbe.build/Debug-iphonesimulator/ProbeTests.build/swift-overrides.hmap -emit-const-values -Xfrontend -const-gather-protocols-file -Xfrontend /tmp/solosoul-fe2-ios-root-viewport-ui-20261008/DerivedData/Build/Intermediates.noindex/SoloSoulFE2UIProbe.build/Debug-iphonesimulator/ProbeTests.build/Objects-normal/arm64/ProbeTests_const_extract_protocols.json -Xcc -iquote -Xcc /tmp/solosoul-fe2-ios-root-viewport-ui-20261008/DerivedData/Build/Intermediates.noindex/SoloSoulFE2UIProbe.build/Debug-iphonesimulator/ProbeTests.build/ProbeTests-generated-files.hmap -Xcc -I/tmp/solosoul-fe2-ios-root-viewport-ui-20261008/DerivedData/Build/Intermediates.noindex/SoloSoulFE2UIProbe.build/Debug-iphonesimulator/ProbeTests.build/ProbeTests-own-target-headers.hmap -Xcc -I/tmp/solosoul-fe2-ios-root-viewport-ui-20261008/DerivedData/Build/Intermediates.noindex/SoloSoulFE2UIProbe.build/Debug-iphonesimulator/ProbeTests.build/ProbeTests-all-target-headers.hmap -Xcc -iquote -Xcc /tmp/solosoul-fe2-ios-root-viewport-ui-20261008/DerivedData/Build/Intermediates.noindex/SoloSoulFE2UIProbe.build/Debug-iphonesimulator/ProbeTests.build/ProbeTests-project-headers.hmap -Xcc -I/tmp/solosoul-fe2-ios-root-viewport-ui-20261008/DerivedData/Build/Products/Debug-iphonesimulator/include -Xcc -I/tmp/solosoul-fe2-ios-root-viewport-ui-20261008/DerivedData/Build/Intermediates.noindex/SoloSoulFE2UIProbe.build/Debug-iphonesimulator/ProbeTests.build/DerivedSources-normal/arm64 -Xcc -I/tmp/solosoul-fe2-ios-root-viewport-ui-20261008/DerivedData/Build/Intermediates.noindex/SoloSoulFE2UIProbe.build/Debug-iphonesimulator/ProbeTests.build/DerivedSources/arm64 -Xcc -I/tmp/solosoul-fe2-ios-root-viewport-ui-20261008/DerivedData/Build/Intermediates.noindex/SoloSoulFE2UIProbe.build/Debug-iphonesimulator/ProbeTests.build/DerivedSources -Xcc -DDEBUG\=1 -emit-objc-header -emit-objc-header-path /tmp/solosoul-fe2-ios-root-viewport-ui-20261008/DerivedData/Build/Intermediates.noindex/SoloSoulFE2UIProbe.build/Debug-iphonesimulator/ProbeTests.build/Objects-normal/arm64/ProbeTests-Swift.h -working-directory /tmp/solosoul-fe2-ios-root-viewport-ui-20261008 -experimental-emit-module-separately -disable-cmo

ConstructStubExecutorLinkFileList /tmp/solosoul-fe2-ios-root-viewport-ui-20261008/DerivedData/Build/Intermediates.noindex/SoloSoulFE2UIProbe.build/Debug-iphonesimulator/ProbeHost.build/ProbeHost-ExecutorLinkFileList-normal-x86_64.txt (in target 'ProbeHost' from project 'SoloSoulFE2UIProbe')
    cd /tmp/solosoul-fe2-ios-root-viewport-ui-20261008
    construct-stub-executor-link-file-list /tmp/solosoul-fe2-ios-root-viewport-ui-20261008/DerivedData/Build/Intermediates.noindex/SoloSoulFE2UIProbe.build/Debug-iphonesimulator/ProbeHost.build/Objects-normal/x86_64/Binary/ProbeHost.debug.dylib /Applications/Xcode.app/Contents/Developer/Platforms/iPhoneSimulator.platform/Developer/usr/lib/libPreviewsJITStubExecutor_no_swift_entry_point.a /Applications/Xcode.app/Contents/Developer/Platforms/iPhoneSimulator.platform/Developer/usr/lib/libPreviewsJITStubExecutor.a --output /tmp/solosoul-fe2-ios-root-viewport-ui-20261008/DerivedData/Build/Intermediates.noindex/SoloSoulFE2UIProbe.build/Debug-iphonesimulator/ProbeHost.build/ProbeHost-ExecutorLinkFileList-normal-x86_64.txt
note: Using stub executor library with Swift entry point. (in target 'ProbeHost' from project 'SoloSoulFE2UIProbe')

Ld /tmp/solosoul-fe2-ios-root-viewport-ui-20261008/DerivedData/Build/Intermediates.noindex/SoloSoulFE2UIProbe.build/Debug-iphonesimulator/ProbeHost.build/Objects-normal/x86_64/Binary/ProbeHost normal x86_64 (in target 'ProbeHost' from project 'SoloSoulFE2UIProbe')
    cd /tmp/solosoul-fe2-ios-root-viewport-ui-20261008
    /Applications/Xcode.app/Contents/Developer/Toolchains/XcodeDefault.xctoolchain/usr/bin/clang -Xlinker -reproducible -target x86_64-apple-ios14.0-simulator -isysroot /Applications/Xcode.app/Contents/Developer/Platforms/iPhoneSimulator.platform/Developer/SDKs/iPhoneSimulator26.2.sdk -O0 -L/tmp/solosoul-fe2-ios-root-viewport-ui-20261008/DerivedData/Build/Products/Debug-iphonesimulator -F/tmp/solosoul-fe2-ios-root-viewport-ui-20261008/DerivedData/Build/Products/Debug-iphonesimulator -Xlinker -rpath -Xlinker @executable_path -Xlinker -rpath -Xlinker @executable_path/Frameworks -rdynamic -Xlinker -no_deduplicate -Xlinker -objc_abi_version -Xlinker 2 -e ___debug_blank_executor_main -Xlinker -sectcreate -Xlinker __TEXT -Xlinker __debug_dylib -Xlinker /tmp/solosoul-fe2-ios-root-viewport-ui-20261008/DerivedData/Build/Intermediates.noindex/SoloSoulFE2UIProbe.build/Debug-iphonesimulator/ProbeHost.build/ProbeHost-DebugDylibPath-normal-x86_64.txt -Xlinker -sectcreate -Xlinker __TEXT -Xlinker __debug_instlnm -Xlinker /tmp/solosoul-fe2-ios-root-viewport-ui-20261008/DerivedData/Build/Intermediates.noindex/SoloSoulFE2UIProbe.build/Debug-iphonesimulator/ProbeHost.build/ProbeHost-DebugDylibInstallName-normal-x86_64.txt -Xlinker -filelist -Xlinker /tmp/solosoul-fe2-ios-root-viewport-ui-20261008/DerivedData/Build/Intermediates.noindex/SoloSoulFE2UIProbe.build/Debug-iphonesimulator/ProbeHost.build/ProbeHost-ExecutorLinkFileList-normal-x86_64.txt /tmp/solosoul-fe2-ios-root-viewport-ui-20261008/DerivedData/Build/Intermediates.noindex/SoloSoulFE2UIProbe.build/Debug-iphonesimulator/ProbeHost.build/Objects-normal/x86_64/Binary/ProbeHost.debug.dylib -o /tmp/solosoul-fe2-ios-root-viewport-ui-20261008/DerivedData/Build/Intermediates.noindex/SoloSoulFE2UIProbe.build/Debug-iphonesimulator/ProbeHost.build/Objects-normal/x86_64/Binary/ProbeHost

CreateUniversalBinary /tmp/solosoul-fe2-ios-root-viewport-ui-20261008/DerivedData/Build/Products/Debug-iphonesimulator/ProbeHost.app/ProbeHost.debug.dylib normal arm64\ x86_64 (in target 'ProbeHost' from project 'SoloSoulFE2UIProbe')
    cd /tmp/solosoul-fe2-ios-root-viewport-ui-20261008
    /Applications/Xcode.app/Contents/Developer/Toolchains/XcodeDefault.xctoolchain/usr/bin/lipo -create /tmp/solosoul-fe2-ios-root-viewport-ui-20261008/DerivedData/Build/Intermediates.noindex/SoloSoulFE2UIProbe.build/Debug-iphonesimulator/ProbeHost.build/Objects-normal/arm64/Binary/ProbeHost.debug.dylib /tmp/solosoul-fe2-ios-root-viewport-ui-20261008/DerivedData/Build/Intermediates.noindex/SoloSoulFE2UIProbe.build/Debug-iphonesimulator/ProbeHost.build/Objects-normal/x86_64/Binary/ProbeHost.debug.dylib -output /tmp/solosoul-fe2-ios-root-viewport-ui-20261008/DerivedData/Build/Products/Debug-iphonesimulator/ProbeHost.app/ProbeHost.debug.dylib

ConstructStubExecutorLinkFileList /tmp/solosoul-fe2-ios-root-viewport-ui-20261008/DerivedData/Build/Intermediates.noindex/SoloSoulFE2UIProbe.build/Debug-iphonesimulator/ProbeHost.build/ProbeHost-ExecutorLinkFileList-normal-arm64.txt (in target 'ProbeHost' from project 'SoloSoulFE2UIProbe')
    cd /tmp/solosoul-fe2-ios-root-viewport-ui-20261008
    construct-stub-executor-link-file-list /tmp/solosoul-fe2-ios-root-viewport-ui-20261008/DerivedData/Build/Intermediates.noindex/SoloSoulFE2UIProbe.build/Debug-iphonesimulator/ProbeHost.build/Objects-normal/arm64/Binary/ProbeHost.debug.dylib /Applications/Xcode.app/Contents/Developer/Platforms/iPhoneSimulator.platform/Developer/usr/lib/libPreviewsJITStubExecutor_no_swift_entry_point.a /Applications/Xcode.app/Contents/Developer/Platforms/iPhoneSimulator.platform/Developer/usr/lib/libPreviewsJITStubExecutor.a --output /tmp/solosoul-fe2-ios-root-viewport-ui-20261008/DerivedData/Build/Intermediates.noindex/SoloSoulFE2UIProbe.build/Debug-iphonesimulator/ProbeHost.build/ProbeHost-ExecutorLinkFileList-normal-arm64.txt
note: Using stub executor library with Swift entry point. (in target 'ProbeHost' from project 'SoloSoulFE2UIProbe')

Ld /tmp/solosoul-fe2-ios-root-viewport-ui-20261008/DerivedData/Build/Intermediates.noindex/SoloSoulFE2UIProbe.build/Debug-iphonesimulator/ProbeHost.build/Objects-normal/arm64/Binary/ProbeHost normal arm64 (in target 'ProbeHost' from project 'SoloSoulFE2UIProbe')
    cd /tmp/solosoul-fe2-ios-root-viewport-ui-20261008
    /Applications/Xcode.app/Contents/Developer/Toolchains/XcodeDefault.xctoolchain/usr/bin/clang -Xlinker -reproducible -target arm64-apple-ios14.0-simulator -isysroot /Applications/Xcode.app/Contents/Developer/Platforms/iPhoneSimulator.platform/Developer/SDKs/iPhoneSimulator26.2.sdk -O0 -L/tmp/solosoul-fe2-ios-root-viewport-ui-20261008/DerivedData/Build/Products/Debug-iphonesimulator -F/tmp/solosoul-fe2-ios-root-viewport-ui-20261008/DerivedData/Build/Products/Debug-iphonesimulator -Xlinker -rpath -Xlinker @executable_path -Xlinker -rpath -Xlinker @executable_path/Frameworks -rdynamic -Xlinker -no_deduplicate -Xlinker -objc_abi_version -Xlinker 2 -e ___debug_blank_executor_main -Xlinker -sectcreate -Xlinker __TEXT -Xlinker __debug_dylib -Xlinker /tmp/solosoul-fe2-ios-root-viewport-ui-20261008/DerivedData/Build/Intermediates.noindex/SoloSoulFE2UIProbe.build/Debug-iphonesimulator/ProbeHost.build/ProbeHost-DebugDylibPath-normal-arm64.txt -Xlinker -sectcreate -Xlinker __TEXT -Xlinker __debug_instlnm -Xlinker /tmp/solosoul-fe2-ios-root-viewport-ui-20261008/DerivedData/Build/Intermediates.noindex/SoloSoulFE2UIProbe.build/Debug-iphonesimulator/ProbeHost.build/ProbeHost-DebugDylibInstallName-normal-arm64.txt -Xlinker -filelist -Xlinker /tmp/solosoul-fe2-ios-root-viewport-ui-20261008/DerivedData/Build/Intermediates.noindex/SoloSoulFE2UIProbe.build/Debug-iphonesimulator/ProbeHost.build/ProbeHost-ExecutorLinkFileList-normal-arm64.txt /tmp/solosoul-fe2-ios-root-viewport-ui-20261008/DerivedData/Build/Intermediates.noindex/SoloSoulFE2UIProbe.build/Debug-iphonesimulator/ProbeHost.build/Objects-normal/arm64/Binary/ProbeHost.debug.dylib -o /tmp/solosoul-fe2-ios-root-viewport-ui-20261008/DerivedData/Build/Intermediates.noindex/SoloSoulFE2UIProbe.build/Debug-iphonesimulator/ProbeHost.build/Objects-normal/arm64/Binary/ProbeHost

CreateUniversalBinary /tmp/solosoul-fe2-ios-root-viewport-ui-20261008/DerivedData/Build/Products/Debug-iphonesimulator/ProbeHost.app/ProbeHost normal arm64\ x86_64 (in target 'ProbeHost' from project 'SoloSoulFE2UIProbe')
    cd /tmp/solosoul-fe2-ios-root-viewport-ui-20261008
    /Applications/Xcode.app/Contents/Developer/Toolchains/XcodeDefault.xctoolchain/usr/bin/lipo -create /tmp/solosoul-fe2-ios-root-viewport-ui-20261008/DerivedData/Build/Intermediates.noindex/SoloSoulFE2UIProbe.build/Debug-iphonesimulator/ProbeHost.build/Objects-normal/arm64/Binary/ProbeHost /tmp/solosoul-fe2-ios-root-viewport-ui-20261008/DerivedData/Build/Intermediates.noindex/SoloSoulFE2UIProbe.build/Debug-iphonesimulator/ProbeHost.build/Objects-normal/x86_64/Binary/ProbeHost -output /tmp/solosoul-fe2-ios-root-viewport-ui-20261008/DerivedData/Build/Products/Debug-iphonesimulator/ProbeHost.app/ProbeHost

CopySwiftLibs /tmp/solosoul-fe2-ios-root-viewport-ui-20261008/DerivedData/Build/Products/Debug-iphonesimulator/ProbeHost.app (in target 'ProbeHost' from project 'SoloSoulFE2UIProbe')
    cd /tmp/solosoul-fe2-ios-root-viewport-ui-20261008
    builtin-swiftStdLibTool --copy --verbose --scan-executable /tmp/solosoul-fe2-ios-root-viewport-ui-20261008/DerivedData/Build/Products/Debug-iphonesimulator/ProbeHost.app/ProbeHost.debug.dylib --scan-folder /tmp/solosoul-fe2-ios-root-viewport-ui-20261008/DerivedData/Build/Products/Debug-iphonesimulator/ProbeHost.app/Frameworks --scan-folder /tmp/solosoul-fe2-ios-root-viewport-ui-20261008/DerivedData/Build/Products/Debug-iphonesimulator/ProbeHost.app/PlugIns --scan-folder /tmp/solosoul-fe2-ios-root-viewport-ui-20261008/DerivedData/Build/Products/Debug-iphonesimulator/ProbeHost.app/SystemExtensions --scan-folder /tmp/solosoul-fe2-ios-root-viewport-ui-20261008/DerivedData/Build/Products/Debug-iphonesimulator/ProbeHost.app/Extensions --platform iphonesimulator --toolchain /Applications/Xcode.app/Contents/Developer/Toolchains/XcodeDefault.xctoolchain --destination /tmp/solosoul-fe2-ios-root-viewport-ui-20261008/DerivedData/Build/Products/Debug-iphonesimulator/ProbeHost.app/Frameworks --strip-bitcode --strip-bitcode-tool /Applications/Xcode.app/Contents/Developer/Toolchains/XcodeDefault.xctoolchain/usr/bin/bitcode_strip --emit-dependency-info /tmp/solosoul-fe2-ios-root-viewport-ui-20261008/DerivedData/Build/Intermediates.noindex/SoloSoulFE2UIProbe.build/Debug-iphonesimulator/ProbeHost.build/SwiftStdLibToolInputDependencies.dep --filter-for-swift-os --back-deploy-swift-concurrency --back-deploy-swift-span
Ignoring --strip-bitcode because --sign was not passed

ExtractAppIntentsMetadata (in target 'ProbeHost' from project 'SoloSoulFE2UIProbe')
    cd /tmp/solosoul-fe2-ios-root-viewport-ui-20261008
    /Applications/Xcode.app/Contents/Developer/Toolchains/XcodeDefault.xctoolchain/usr/bin/appintentsmetadataprocessor --toolchain-dir /Applications/Xcode.app/Contents/Developer/Toolchains/XcodeDefault.xctoolchain --module-name ProbeHost --sdk-root /Applications/Xcode.app/Contents/Developer/Platforms/iPhoneSimulator.platform/Developer/SDKs/iPhoneSimulator26.2.sdk --xcode-version 17C529 --platform-family iOS --deployment-target 14.0 --bundle-identifier com.solosoul.fe2.ios.probehost --output /tmp/solosoul-fe2-ios-root-viewport-ui-20261008/DerivedData/Build/Products/Debug-iphonesimulator/ProbeHost.app --target-triple arm64-apple-ios14.0-simulator --target-triple x86_64-apple-ios14.0-simulator --binary-file /tmp/solosoul-fe2-ios-root-viewport-ui-20261008/DerivedData/Build/Products/Debug-iphonesimulator/ProbeHost.app/ProbeHost --dependency-file /tmp/solosoul-fe2-ios-root-viewport-ui-20261008/DerivedData/Build/Intermediates.noindex/SoloSoulFE2UIProbe.build/Debug-iphonesimulator/ProbeHost.build/Objects-normal/arm64/ProbeHost_dependency_info.dat --dependency-file /tmp/solosoul-fe2-ios-root-viewport-ui-20261008/DerivedData/Build/Intermediates.noindex/SoloSoulFE2UIProbe.build/Debug-iphonesimulator/ProbeHost.build/Objects-normal/x86_64/ProbeHost_dependency_info.dat --stringsdata-file /tmp/solosoul-fe2-ios-root-viewport-ui-20261008/DerivedData/Build/Intermediates.noindex/SoloSoulFE2UIProbe.build/Debug-iphonesimulator/ProbeHost.build/Objects-normal/arm64/ExtractedAppShortcutsMetadata.stringsdata --stringsdata-file /tmp/solosoul-fe2-ios-root-viewport-ui-20261008/DerivedData/Build/Intermediates.noindex/SoloSoulFE2UIProbe.build/Debug-iphonesimulator/ProbeHost.build/Objects-normal/x86_64/ExtractedAppShortcutsMetadata.stringsdata --source-file-list /tmp/solosoul-fe2-ios-root-viewport-ui-20261008/DerivedData/Build/Intermediates.noindex/SoloSoulFE2UIProbe.build/Debug-iphonesimulator/ProbeHost.build/Objects-normal/arm64/ProbeHost.SwiftFileList --source-file-list /tmp/solosoul-fe2-ios-root-viewport-ui-20261008/DerivedData/Build/Intermediates.noindex/SoloSoulFE2UIProbe.build/Debug-iphonesimulator/ProbeHost.build/Objects-normal/x86_64/ProbeHost.SwiftFileList --metadata-file-list /tmp/solosoul-fe2-ios-root-viewport-ui-20261008/DerivedData/Build/Intermediates.noindex/SoloSoulFE2UIProbe.build/Debug-iphonesimulator/ProbeHost.build/ProbeHost.DependencyMetadataFileList --static-metadata-file-list /tmp/solosoul-fe2-ios-root-viewport-ui-20261008/DerivedData/Build/Intermediates.noindex/SoloSoulFE2UIProbe.build/Debug-iphonesimulator/ProbeHost.build/ProbeHost.DependencyStaticMetadataFileList --swift-const-vals-list /tmp/solosoul-fe2-ios-root-viewport-ui-20261008/DerivedData/Build/Intermediates.noindex/SoloSoulFE2UIProbe.build/Debug-iphonesimulator/ProbeHost.build/Objects-normal/arm64/ProbeHost.SwiftConstValuesFileList --swift-const-vals-list /tmp/solosoul-fe2-ios-root-viewport-ui-20261008/DerivedData/Build/Intermediates.noindex/SoloSoulFE2UIProbe.build/Debug-iphonesimulator/ProbeHost.build/Objects-normal/x86_64/ProbeHost.SwiftConstValuesFileList --compile-time-extraction --deployment-aware-processing --validate-assistant-intents --no-app-shortcuts-localization
2026-10-08 07:33:56.707 appintentsmetadataprocessor[12559:246726969] Starting appintentsmetadataprocessor export
2026-10-08 07:33:56.708 appintentsmetadataprocessor[12559:246726969] warning: Metadata extraction skipped. No AppIntents.framework dependency found.

AppIntentsSSUTraining (in target 'ProbeHost' from project 'SoloSoulFE2UIProbe')
    cd /tmp/solosoul-fe2-ios-root-viewport-ui-20261008
    /Applications/Xcode.app/Contents/Developer/Toolchains/XcodeDefault.xctoolchain/usr/bin/appintentsnltrainingprocessor --infoplist-path /tmp/solosoul-fe2-ios-root-viewport-ui-20261008/DerivedData/Build/Products/Debug-iphonesimulator/ProbeHost.app/Info.plist --temp-dir-path /tmp/solosoul-fe2-ios-root-viewport-ui-20261008/DerivedData/Build/Intermediates.noindex/SoloSoulFE2UIProbe.build/Debug-iphonesimulator/ProbeHost.build/ssu --bundle-id com.solosoul.fe2.ios.probehost --product-path /tmp/solosoul-fe2-ios-root-viewport-ui-20261008/DerivedData/Build/Products/Debug-iphonesimulator/ProbeHost.app --extracted-metadata-path /tmp/solosoul-fe2-ios-root-viewport-ui-20261008/DerivedData/Build/Products/Debug-iphonesimulator/ProbeHost.app/Metadata.appintents --metadata-file-list /tmp/solosoul-fe2-ios-root-viewport-ui-20261008/DerivedData/Build/Intermediates.noindex/SoloSoulFE2UIProbe.build/Debug-iphonesimulator/ProbeHost.build/ProbeHost.DependencyMetadataFileList --archive-ssu-assets
2026-10-08 07:33:56.725 appintentsnltrainingprocessor[12560:246726971] Parsing options for appintentsnltrainingprocessor
2026-10-08 07:33:56.726 appintentsnltrainingprocessor[12560:246726971] No AppShortcuts found - Skipping.

RegisterExecutionPolicyException /tmp/solosoul-fe2-ios-root-viewport-ui-20261008/DerivedData/Build/Products/Debug-iphonesimulator/ProbeHost.app (in target 'ProbeHost' from project 'SoloSoulFE2UIProbe')
    cd /tmp/solosoul-fe2-ios-root-viewport-ui-20261008
    builtin-RegisterExecutionPolicyException /tmp/solosoul-fe2-ios-root-viewport-ui-20261008/DerivedData/Build/Products/Debug-iphonesimulator/ProbeHost.app

Validate /tmp/solosoul-fe2-ios-root-viewport-ui-20261008/DerivedData/Build/Products/Debug-iphonesimulator/ProbeHost.app (in target 'ProbeHost' from project 'SoloSoulFE2UIProbe')
    cd /tmp/solosoul-fe2-ios-root-viewport-ui-20261008
    builtin-validationUtility /tmp/solosoul-fe2-ios-root-viewport-ui-20261008/DerivedData/Build/Products/Debug-iphonesimulator/ProbeHost.app -shallow-bundle -infoplist-subpath Info.plist

Touch /tmp/solosoul-fe2-ios-root-viewport-ui-20261008/DerivedData/Build/Products/Debug-iphonesimulator/ProbeHost.app (in target 'ProbeHost' from project 'SoloSoulFE2UIProbe')
    cd /tmp/solosoul-fe2-ios-root-viewport-ui-20261008
    /usr/bin/touch -c /tmp/solosoul-fe2-ios-root-viewport-ui-20261008/DerivedData/Build/Products/Debug-iphonesimulator/ProbeHost.app

ProcessInfoPlistFile /tmp/solosoul-fe2-ios-root-viewport-ui-20261008/DerivedData/Build/Products/Debug-iphonesimulator/ProbeTests-Runner.app/PlugIns/ProbeTests.xctest/Info.plist /tmp/solosoul-fe2-ios-root-viewport-ui-20261008/DerivedData/Build/Intermediates.noindex/SoloSoulFE2UIProbe.build/Debug-iphonesimulator/ProbeTests.build/empty-ProbeTests.plist (in target 'ProbeTests' from project 'SoloSoulFE2UIProbe')
    cd /tmp/solosoul-fe2-ios-root-viewport-ui-20261008
    builtin-infoPlistUtility /tmp/solosoul-fe2-ios-root-viewport-ui-20261008/DerivedData/Build/Intermediates.noindex/SoloSoulFE2UIProbe.build/Debug-iphonesimulator/ProbeTests.build/empty-ProbeTests.plist -producttype com.apple.product-type.bundle.ui-testing -expandbuildsettings -format binary -platform iphonesimulator -additionalcontentfile /tmp/solosoul-fe2-ios-root-viewport-ui-20261008/DerivedData/Build/Intermediates.noindex/SoloSoulFE2UIProbe.build/Debug-iphonesimulator/ProbeTests.build/ProductTypeInfoPlistAdditions.plist -o /tmp/solosoul-fe2-ios-root-viewport-ui-20261008/DerivedData/Build/Products/Debug-iphonesimulator/ProbeTests-Runner.app/PlugIns/ProbeTests.xctest/Info.plist

Ld /tmp/solosoul-fe2-ios-root-viewport-ui-20261008/DerivedData/Build/Intermediates.noindex/SoloSoulFE2UIProbe.build/Debug-iphonesimulator/ProbeTests.build/Objects-normal/x86_64/Binary/ProbeTests normal x86_64 (in target 'ProbeTests' from project 'SoloSoulFE2UIProbe')
    cd /tmp/solosoul-fe2-ios-root-viewport-ui-20261008
    /Applications/Xcode.app/Contents/Developer/Toolchains/XcodeDefault.xctoolchain/usr/bin/clang -Xlinker -reproducible -target x86_64-apple-ios14.0-simulator -bundle -isysroot /Applications/Xcode.app/Contents/Developer/Platforms/iPhoneSimulator.platform/Developer/SDKs/iPhoneSimulator26.2.sdk -O0 -L/tmp/solosoul-fe2-ios-root-viewport-ui-20261008/DerivedData/Build/Intermediates.noindex/EagerLinkingTBDs/Debug-iphonesimulator -L/tmp/solosoul-fe2-ios-root-viewport-ui-20261008/DerivedData/Build/Products/Debug-iphonesimulator -L/Applications/Xcode.app/Contents/Developer/Platforms/iPhoneSimulator.platform/Developer/usr/lib -F/tmp/solosoul-fe2-ios-root-viewport-ui-20261008/DerivedData/Build/Intermediates.noindex/EagerLinkingTBDs/Debug-iphonesimulator -F/tmp/solosoul-fe2-ios-root-viewport-ui-20261008/DerivedData/Build/Products/Debug-iphonesimulator -iframework /Applications/Xcode.app/Contents/Developer/Platforms/iPhoneSimulator.platform/Developer/Library/Frameworks -iframework /Applications/Xcode.app/Contents/Developer/Platforms/iPhoneSimulator.platform/Developer/SDKs/iPhoneSimulator26.2.sdk/Developer/Library/Frameworks -filelist /tmp/solosoul-fe2-ios-root-viewport-ui-20261008/DerivedData/Build/Intermediates.noindex/SoloSoulFE2UIProbe.build/Debug-iphonesimulator/ProbeTests.build/Objects-normal/x86_64/ProbeTests.LinkFileList -Xlinker -rpath -Xlinker /usr/lib/swift -Xlinker -rpath -Xlinker @loader_path/Frameworks -Xlinker -rpath -Xlinker @executable_path/Frameworks -dead_strip -Xlinker -object_path_lto -Xlinker /tmp/solosoul-fe2-ios-root-viewport-ui-20261008/DerivedData/Build/Intermediates.noindex/SoloSoulFE2UIProbe.build/Debug-iphonesimulator/ProbeTests.build/Objects-normal/x86_64/ProbeTests_lto.o -rdynamic -Xlinker -no_deduplicate -Xlinker -objc_abi_version -Xlinker 2 -Xlinker -dependency_info -Xlinker /tmp/solosoul-fe2-ios-root-viewport-ui-20261008/DerivedData/Build/Intermediates.noindex/SoloSoulFE2UIProbe.build/Debug-iphonesimulator/ProbeTests.build/Objects-normal/x86_64/ProbeTests_dependency_info.dat -fobjc-link-runtime -L/Applications/Xcode.app/Contents/Developer/Toolchains/XcodeDefault.xctoolchain/usr/lib/swift/iphonesimulator -L/usr/lib/swift -Xlinker -add_ast_path -Xlinker /tmp/solosoul-fe2-ios-root-viewport-ui-20261008/DerivedData/Build/Intermediates.noindex/SoloSoulFE2UIProbe.build/Debug-iphonesimulator/ProbeTests.build/Objects-normal/x86_64/ProbeTests.swiftmodule @/tmp/solosoul-fe2-ios-root-viewport-ui-20261008/DerivedData/Build/Intermediates.noindex/SoloSoulFE2UIProbe.build/Debug-iphonesimulator/ProbeTests.build/Objects-normal/x86_64/ProbeTests-linker-args.resp -Xlinker -needed_framework -Xlinker XCTest -framework XCTest -Xlinker -needed-lXCTestSwiftSupport -lXCTestSwiftSupport -o /tmp/solosoul-fe2-ios-root-viewport-ui-20261008/DerivedData/Build/Intermediates.noindex/SoloSoulFE2UIProbe.build/Debug-iphonesimulator/ProbeTests.build/Objects-normal/x86_64/Binary/ProbeTests

Ld /tmp/solosoul-fe2-ios-root-viewport-ui-20261008/DerivedData/Build/Intermediates.noindex/SoloSoulFE2UIProbe.build/Debug-iphonesimulator/ProbeTests.build/Objects-normal/arm64/Binary/ProbeTests normal arm64 (in target 'ProbeTests' from project 'SoloSoulFE2UIProbe')
    cd /tmp/solosoul-fe2-ios-root-viewport-ui-20261008
    /Applications/Xcode.app/Contents/Developer/Toolchains/XcodeDefault.xctoolchain/usr/bin/clang -Xlinker -reproducible -target arm64-apple-ios14.0-simulator -bundle -isysroot /Applications/Xcode.app/Contents/Developer/Platforms/iPhoneSimulator.platform/Developer/SDKs/iPhoneSimulator26.2.sdk -O0 -L/tmp/solosoul-fe2-ios-root-viewport-ui-20261008/DerivedData/Build/Intermediates.noindex/EagerLinkingTBDs/Debug-iphonesimulator -L/tmp/solosoul-fe2-ios-root-viewport-ui-20261008/DerivedData/Build/Products/Debug-iphonesimulator -L/Applications/Xcode.app/Contents/Developer/Platforms/iPhoneSimulator.platform/Developer/usr/lib -F/tmp/solosoul-fe2-ios-root-viewport-ui-20261008/DerivedData/Build/Intermediates.noindex/EagerLinkingTBDs/Debug-iphonesimulator -F/tmp/solosoul-fe2-ios-root-viewport-ui-20261008/DerivedData/Build/Products/Debug-iphonesimulator -iframework /Applications/Xcode.app/Contents/Developer/Platforms/iPhoneSimulator.platform/Developer/Library/Frameworks -iframework /Applications/Xcode.app/Contents/Developer/Platforms/iPhoneSimulator.platform/Developer/SDKs/iPhoneSimulator26.2.sdk/Developer/Library/Frameworks -filelist /tmp/solosoul-fe2-ios-root-viewport-ui-20261008/DerivedData/Build/Intermediates.noindex/SoloSoulFE2UIProbe.build/Debug-iphonesimulator/ProbeTests.build/Objects-normal/arm64/ProbeTests.LinkFileList -Xlinker -rpath -Xlinker /usr/lib/swift -Xlinker -rpath -Xlinker @loader_path/Frameworks -Xlinker -rpath -Xlinker @executable_path/Frameworks -dead_strip -Xlinker -object_path_lto -Xlinker /tmp/solosoul-fe2-ios-root-viewport-ui-20261008/DerivedData/Build/Intermediates.noindex/SoloSoulFE2UIProbe.build/Debug-iphonesimulator/ProbeTests.build/Objects-normal/arm64/ProbeTests_lto.o -rdynamic -Xlinker -no_deduplicate -Xlinker -objc_abi_version -Xlinker 2 -Xlinker -dependency_info -Xlinker /tmp/solosoul-fe2-ios-root-viewport-ui-20261008/DerivedData/Build/Intermediates.noindex/SoloSoulFE2UIProbe.build/Debug-iphonesimulator/ProbeTests.build/Objects-normal/arm64/ProbeTests_dependency_info.dat -fobjc-link-runtime -L/Applications/Xcode.app/Contents/Developer/Toolchains/XcodeDefault.xctoolchain/usr/lib/swift/iphonesimulator -L/usr/lib/swift -Xlinker -add_ast_path -Xlinker /tmp/solosoul-fe2-ios-root-viewport-ui-20261008/DerivedData/Build/Intermediates.noindex/SoloSoulFE2UIProbe.build/Debug-iphonesimulator/ProbeTests.build/Objects-normal/arm64/ProbeTests.swiftmodule @/tmp/solosoul-fe2-ios-root-viewport-ui-20261008/DerivedData/Build/Intermediates.noindex/SoloSoulFE2UIProbe.build/Debug-iphonesimulator/ProbeTests.build/Objects-normal/arm64/ProbeTests-linker-args.resp -Xlinker -needed_framework -Xlinker XCTest -framework XCTest -Xlinker -needed-lXCTestSwiftSupport -lXCTestSwiftSupport -o /tmp/solosoul-fe2-ios-root-viewport-ui-20261008/DerivedData/Build/Intermediates.noindex/SoloSoulFE2UIProbe.build/Debug-iphonesimulator/ProbeTests.build/Objects-normal/arm64/Binary/ProbeTests

CreateUniversalBinary /tmp/solosoul-fe2-ios-root-viewport-ui-20261008/DerivedData/Build/Products/Debug-iphonesimulator/ProbeTests-Runner.app/PlugIns/ProbeTests.xctest/ProbeTests normal arm64\ x86_64 (in target 'ProbeTests' from project 'SoloSoulFE2UIProbe')
    cd /tmp/solosoul-fe2-ios-root-viewport-ui-20261008
    /Applications/Xcode.app/Contents/Developer/Toolchains/XcodeDefault.xctoolchain/usr/bin/lipo -create /tmp/solosoul-fe2-ios-root-viewport-ui-20261008/DerivedData/Build/Intermediates.noindex/SoloSoulFE2UIProbe.build/Debug-iphonesimulator/ProbeTests.build/Objects-normal/arm64/Binary/ProbeTests /tmp/solosoul-fe2-ios-root-viewport-ui-20261008/DerivedData/Build/Intermediates.noindex/SoloSoulFE2UIProbe.build/Debug-iphonesimulator/ProbeTests.build/Objects-normal/x86_64/Binary/ProbeTests -output /tmp/solosoul-fe2-ios-root-viewport-ui-20261008/DerivedData/Build/Products/Debug-iphonesimulator/ProbeTests-Runner.app/PlugIns/ProbeTests.xctest/ProbeTests

CopySwiftLibs /tmp/solosoul-fe2-ios-root-viewport-ui-20261008/DerivedData/Build/Products/Debug-iphonesimulator/ProbeTests-Runner.app/PlugIns/ProbeTests.xctest (in target 'ProbeTests' from project 'SoloSoulFE2UIProbe')
    cd /tmp/solosoul-fe2-ios-root-viewport-ui-20261008
    builtin-swiftStdLibTool --copy --verbose --scan-executable /tmp/solosoul-fe2-ios-root-viewport-ui-20261008/DerivedData/Build/Products/Debug-iphonesimulator/ProbeTests-Runner.app/PlugIns/ProbeTests.xctest/ProbeTests --scan-folder /tmp/solosoul-fe2-ios-root-viewport-ui-20261008/DerivedData/Build/Products/Debug-iphonesimulator/ProbeTests-Runner.app/PlugIns/ProbeTests.xctest/Frameworks --scan-folder /tmp/solosoul-fe2-ios-root-viewport-ui-20261008/DerivedData/Build/Products/Debug-iphonesimulator/ProbeTests-Runner.app/PlugIns/ProbeTests.xctest/PlugIns --scan-folder /tmp/solosoul-fe2-ios-root-viewport-ui-20261008/DerivedData/Build/Products/Debug-iphonesimulator/ProbeTests-Runner.app/PlugIns/ProbeTests.xctest/SystemExtensions --scan-folder /tmp/solosoul-fe2-ios-root-viewport-ui-20261008/DerivedData/Build/Products/Debug-iphonesimulator/ProbeTests-Runner.app/PlugIns/ProbeTests.xctest/Extensions --platform iphonesimulator --toolchain /Applications/Xcode.app/Contents/Developer/Toolchains/XcodeDefault.xctoolchain --destination /tmp/solosoul-fe2-ios-root-viewport-ui-20261008/DerivedData/Build/Products/Debug-iphonesimulator/ProbeTests-Runner.app/PlugIns/ProbeTests.xctest/Frameworks --strip-bitcode --scan-executable /Applications/Xcode.app/Contents/Developer/Platforms/iPhoneSimulator.platform/Developer/usr/lib/libXCTestSwiftSupport.dylib --strip-bitcode-tool /Applications/Xcode.app/Contents/Developer/Toolchains/XcodeDefault.xctoolchain/usr/bin/bitcode_strip --emit-dependency-info /tmp/solosoul-fe2-ios-root-viewport-ui-20261008/DerivedData/Build/Intermediates.noindex/SoloSoulFE2UIProbe.build/Debug-iphonesimulator/ProbeTests.build/SwiftStdLibToolInputDependencies.dep --filter-for-swift-os --back-deploy-swift-concurrency --back-deploy-swift-span
Ignoring --strip-bitcode because --sign was not passed
Copying /Applications/Xcode.app/Contents/Developer/Toolchains/XcodeDefault.xctoolchain/usr/lib/swift-5.5/iphonesimulator/libswift_Concurrency.dylib to /tmp/solosoul-fe2-ios-root-viewport-ui-20261008/DerivedData/Build/Products/Debug-iphonesimulator/ProbeTests-Runner.app/PlugIns/ProbeTests.xctest/Frameworks/libswift_Concurrency.dylib

ExtractAppIntentsMetadata (in target 'ProbeTests' from project 'SoloSoulFE2UIProbe')
    cd /tmp/solosoul-fe2-ios-root-viewport-ui-20261008
    /Applications/Xcode.app/Contents/Developer/Toolchains/XcodeDefault.xctoolchain/usr/bin/appintentsmetadataprocessor --toolchain-dir /Applications/Xcode.app/Contents/Developer/Toolchains/XcodeDefault.xctoolchain --module-name ProbeTests --sdk-root /Applications/Xcode.app/Contents/Developer/Platforms/iPhoneSimulator.platform/Developer/SDKs/iPhoneSimulator26.2.sdk --xcode-version 17C529 --platform-family iOS --deployment-target 14.0 --bundle-identifier com.solosoul.fe2.ios.probetests --output /tmp/solosoul-fe2-ios-root-viewport-ui-20261008/DerivedData/Build/Products/Debug-iphonesimulator/ProbeTests-Runner.app/PlugIns/ProbeTests.xctest --target-triple arm64-apple-ios14.0-simulator --target-triple x86_64-apple-ios14.0-simulator --binary-file /tmp/solosoul-fe2-ios-root-viewport-ui-20261008/DerivedData/Build/Products/Debug-iphonesimulator/ProbeTests-Runner.app/PlugIns/ProbeTests.xctest/ProbeTests --dependency-file /tmp/solosoul-fe2-ios-root-viewport-ui-20261008/DerivedData/Build/Intermediates.noindex/SoloSoulFE2UIProbe.build/Debug-iphonesimulator/ProbeTests.build/Objects-normal/arm64/ProbeTests_dependency_info.dat --dependency-file /tmp/solosoul-fe2-ios-root-viewport-ui-20261008/DerivedData/Build/Intermediates.noindex/SoloSoulFE2UIProbe.build/Debug-iphonesimulator/ProbeTests.build/Objects-normal/x86_64/ProbeTests_dependency_info.dat --stringsdata-file /tmp/solosoul-fe2-ios-root-viewport-ui-20261008/DerivedData/Build/Intermediates.noindex/SoloSoulFE2UIProbe.build/Debug-iphonesimulator/ProbeTests.build/Objects-normal/arm64/ExtractedAppShortcutsMetadata.stringsdata --stringsdata-file /tmp/solosoul-fe2-ios-root-viewport-ui-20261008/DerivedData/Build/Intermediates.noindex/SoloSoulFE2UIProbe.build/Debug-iphonesimulator/ProbeTests.build/Objects-normal/x86_64/ExtractedAppShortcutsMetadata.stringsdata --source-file-list /tmp/solosoul-fe2-ios-root-viewport-ui-20261008/DerivedData/Build/Intermediates.noindex/SoloSoulFE2UIProbe.build/Debug-iphonesimulator/ProbeTests.build/Objects-normal/arm64/ProbeTests.SwiftFileList --source-file-list /tmp/solosoul-fe2-ios-root-viewport-ui-20261008/DerivedData/Build/Intermediates.noindex/SoloSoulFE2UIProbe.build/Debug-iphonesimulator/ProbeTests.build/Objects-normal/x86_64/ProbeTests.SwiftFileList --metadata-file-list /tmp/solosoul-fe2-ios-root-viewport-ui-20261008/DerivedData/Build/Intermediates.noindex/SoloSoulFE2UIProbe.build/Debug-iphonesimulator/ProbeTests.build/ProbeTests.DependencyMetadataFileList --static-metadata-file-list /tmp/solosoul-fe2-ios-root-viewport-ui-20261008/DerivedData/Build/Intermediates.noindex/SoloSoulFE2UIProbe.build/Debug-iphonesimulator/ProbeTests.build/ProbeTests.DependencyStaticMetadataFileList --swift-const-vals-list /tmp/solosoul-fe2-ios-root-viewport-ui-20261008/DerivedData/Build/Intermediates.noindex/SoloSoulFE2UIProbe.build/Debug-iphonesimulator/ProbeTests.build/Objects-normal/arm64/ProbeTests.SwiftConstValuesFileList --swift-const-vals-list /tmp/solosoul-fe2-ios-root-viewport-ui-20261008/DerivedData/Build/Intermediates.noindex/SoloSoulFE2UIProbe.build/Debug-iphonesimulator/ProbeTests.build/Objects-normal/x86_64/ProbeTests.SwiftConstValuesFileList --compile-time-extraction --deployment-aware-processing --validate-assistant-intents --no-app-shortcuts-localization
2026-10-08 07:33:56.953 appintentsmetadataprocessor[12567:246726995] Starting appintentsmetadataprocessor export
2026-10-08 07:33:56.954 appintentsmetadataprocessor[12567:246726995] warning: Metadata extraction skipped. No AppIntents.framework dependency found.

AppIntentsSSUTraining (in target 'ProbeTests' from project 'SoloSoulFE2UIProbe')
    cd /tmp/solosoul-fe2-ios-root-viewport-ui-20261008
    /Applications/Xcode.app/Contents/Developer/Toolchains/XcodeDefault.xctoolchain/usr/bin/appintentsnltrainingprocessor --infoplist-path /tmp/solosoul-fe2-ios-root-viewport-ui-20261008/DerivedData/Build/Products/Debug-iphonesimulator/ProbeTests-Runner.app/PlugIns/ProbeTests.xctest/Info.plist --temp-dir-path /tmp/solosoul-fe2-ios-root-viewport-ui-20261008/DerivedData/Build/Intermediates.noindex/SoloSoulFE2UIProbe.build/Debug-iphonesimulator/ProbeTests.build/ssu --bundle-id com.solosoul.fe2.ios.probetests --product-path /tmp/solosoul-fe2-ios-root-viewport-ui-20261008/DerivedData/Build/Products/Debug-iphonesimulator/ProbeTests-Runner.app/PlugIns/ProbeTests.xctest --extracted-metadata-path /tmp/solosoul-fe2-ios-root-viewport-ui-20261008/DerivedData/Build/Products/Debug-iphonesimulator/ProbeTests-Runner.app/PlugIns/ProbeTests.xctest/Metadata.appintents --metadata-file-list /tmp/solosoul-fe2-ios-root-viewport-ui-20261008/DerivedData/Build/Intermediates.noindex/SoloSoulFE2UIProbe.build/Debug-iphonesimulator/ProbeTests.build/ProbeTests.DependencyMetadataFileList --archive-ssu-assets
2026-10-08 07:33:56.967 appintentsnltrainingprocessor[12568:246726996] Parsing options for appintentsnltrainingprocessor
2026-10-08 07:33:56.967 appintentsnltrainingprocessor[12568:246726996] No AppShortcuts found - Skipping.

CopyPlistFile /tmp/solosoul-fe2-ios-root-viewport-ui-20261008/DerivedData/Build/Products/Debug-iphonesimulator/ProbeTests-Runner.app/Info.plist /Applications/Xcode.app/Contents/Developer/Platforms/iPhoneSimulator.platform/Developer/Library/Xcode/Agents/XCTRunner.app/Info.plist (in target 'ProbeTests' from project 'SoloSoulFE2UIProbe')
    cd /tmp/solosoul-fe2-ios-root-viewport-ui-20261008
    builtin-copyPlist --validate --convert xml1 --macro-expansion WRAPPEDPRODUCTNAME ProbeTests-Runner --macro-expansion WRAPPEDPRODUCTBUNDLEIDENTIFIER com.solosoul.fe2.ios.probetests.xctrunner --macro-expansion TESTPRODUCTNAME ProbeTests --macro-expansion TESTPRODUCTBUNDLEIDENTIFIER com.solosoul.fe2.ios.probetests --copy-value UIDeviceFamily /tmp/solosoul-fe2-ios-root-viewport-ui-20261008/DerivedData/Build/Products/Debug-iphonesimulator/ProbeTests-Runner.app/PlugIns/ProbeTests.xctest/Info.plist --outdir /tmp/solosoul-fe2-ios-root-viewport-ui-20261008/DerivedData/Build/Products/Debug-iphonesimulator/ProbeTests-Runner.app -- /Applications/Xcode.app/Contents/Developer/Platforms/iPhoneSimulator.platform/Developer/Library/Xcode/Agents/XCTRunner.app/Info.plist

MkDir /tmp/solosoul-fe2-ios-root-viewport-ui-20261008/DerivedData/Build/Products/Debug-iphonesimulator/ProbeTests-Runner.app (in target 'ProbeTests' from project 'SoloSoulFE2UIProbe')
    cd /tmp/solosoul-fe2-ios-root-viewport-ui-20261008
    /bin/mkdir -p /tmp/solosoul-fe2-ios-root-viewport-ui-20261008/DerivedData/Build/Products/Debug-iphonesimulator/ProbeTests-Runner.app

Copy /tmp/solosoul-fe2-ios-root-viewport-ui-20261008/DerivedData/Build/Products/Debug-iphonesimulator/ProbeTests-Runner.app/PkgInfo /Applications/Xcode.app/Contents/Developer/Platforms/iPhoneSimulator.platform/Developer/Library/Xcode/Agents/XCTRunner.app/PkgInfo (in target 'ProbeTests' from project 'SoloSoulFE2UIProbe')
    cd /tmp/solosoul-fe2-ios-root-viewport-ui-20261008
    builtin-copy -exclude .DS_Store -exclude CVS -exclude .svn -exclude .git -exclude .hg -resolve-src-symlinks /Applications/Xcode.app/Contents/Developer/Platforms/iPhoneSimulator.platform/Developer/Library/Xcode/Agents/XCTRunner.app/PkgInfo /tmp/solosoul-fe2-ios-root-viewport-ui-20261008/DerivedData/Build/Products/Debug-iphonesimulator/ProbeTests-Runner.app

CopyAndPreserveArchs /tmp/solosoul-fe2-ios-root-viewport-ui-20261008/DerivedData/Build/Products/Debug-iphonesimulator/ProbeTests-Runner.app/ProbeTests-Runner (in target 'ProbeTests' from project 'SoloSoulFE2UIProbe')
    cd /tmp/solosoul-fe2-ios-root-viewport-ui-20261008
    /Applications/Xcode.app/Contents/Developer/Toolchains/XcodeDefault.xctoolchain/usr/bin/lipo /Applications/Xcode.app/Contents/Developer/Platforms/iPhoneSimulator.platform/Developer/Library/Xcode/Agents/XCTRunner.app/XCTRunner -output /tmp/solosoul-fe2-ios-root-viewport-ui-20261008/DerivedData/Build/Products/Debug-iphonesimulator/ProbeTests-Runner.app/ProbeTests-Runner -extract arm64 -extract x86_64

Copy /tmp/solosoul-fe2-ios-root-viewport-ui-20261008/DerivedData/Build/Products/Debug-iphonesimulator/ProbeTests-Runner.app/Frameworks/XCTestSupport.framework /Applications/Xcode.app/Contents/Developer/Platforms/iPhoneSimulator.platform/Developer/Library/PrivateFrameworks/XCTestSupport.framework (in target 'ProbeTests' from project 'SoloSoulFE2UIProbe')
    cd /tmp/solosoul-fe2-ios-root-viewport-ui-20261008
    builtin-copy -exclude .DS_Store -exclude CVS -exclude .svn -exclude .git -exclude .hg -exclude Headers -exclude PrivateHeaders -exclude Modules -exclude \*.tbd -resolve-src-symlinks /Applications/Xcode.app/Contents/Developer/Platforms/iPhoneSimulator.platform/Developer/Library/PrivateFrameworks/XCTestSupport.framework /tmp/solosoul-fe2-ios-root-viewport-ui-20261008/DerivedData/Build/Products/Debug-iphonesimulator/ProbeTests-Runner.app/Frameworks

Copy /tmp/solosoul-fe2-ios-root-viewport-ui-20261008/DerivedData/Build/Products/Debug-iphonesimulator/ProbeTests-Runner.app/Frameworks/XCUnit.framework /Applications/Xcode.app/Contents/Developer/Platforms/iPhoneSimulator.platform/Developer/Library/PrivateFrameworks/XCUnit.framework (in target 'ProbeTests' from project 'SoloSoulFE2UIProbe')
    cd /tmp/solosoul-fe2-ios-root-viewport-ui-20261008
    builtin-copy -exclude .DS_Store -exclude CVS -exclude .svn -exclude .git -exclude .hg -exclude Headers -exclude PrivateHeaders -exclude Modules -exclude \*.tbd -resolve-src-symlinks /Applications/Xcode.app/Contents/Developer/Platforms/iPhoneSimulator.platform/Developer/Library/PrivateFrameworks/XCUnit.framework /tmp/solosoul-fe2-ios-root-viewport-ui-20261008/DerivedData/Build/Products/Debug-iphonesimulator/ProbeTests-Runner.app/Frameworks

Copy /tmp/solosoul-fe2-ios-root-viewport-ui-20261008/DerivedData/Build/Products/Debug-iphonesimulator/ProbeTests-Runner.app/Frameworks/libXCTestSwiftSupport.dylib /Applications/Xcode.app/Contents/Developer/Platforms/iPhoneSimulator.platform/Developer/usr/lib/libXCTestSwiftSupport.dylib (in target 'ProbeTests' from project 'SoloSoulFE2UIProbe')
    cd /tmp/solosoul-fe2-ios-root-viewport-ui-20261008
    builtin-copy -exclude .DS_Store -exclude CVS -exclude .svn -exclude .git -exclude .hg -exclude Headers -exclude PrivateHeaders -exclude Modules -exclude \*.tbd -resolve-src-symlinks /Applications/Xcode.app/Contents/Developer/Platforms/iPhoneSimulator.platform/Developer/usr/lib/libXCTestSwiftSupport.dylib /tmp/solosoul-fe2-ios-root-viewport-ui-20261008/DerivedData/Build/Products/Debug-iphonesimulator/ProbeTests-Runner.app/Frameworks

Copy /tmp/solosoul-fe2-ios-root-viewport-ui-20261008/DerivedData/Build/Products/Debug-iphonesimulator/ProbeTests-Runner.app/Frameworks/XCUIAutomation.framework /Applications/Xcode.app/Contents/Developer/Platforms/iPhoneSimulator.platform/Developer/Library/Frameworks/XCUIAutomation.framework (in target 'ProbeTests' from project 'SoloSoulFE2UIProbe')
    cd /tmp/solosoul-fe2-ios-root-viewport-ui-20261008
    builtin-copy -exclude .DS_Store -exclude CVS -exclude .svn -exclude .git -exclude .hg -exclude Headers -exclude PrivateHeaders -exclude Modules -exclude \*.tbd -resolve-src-symlinks /Applications/Xcode.app/Contents/Developer/Platforms/iPhoneSimulator.platform/Developer/Library/Frameworks/XCUIAutomation.framework /tmp/solosoul-fe2-ios-root-viewport-ui-20261008/DerivedData/Build/Products/Debug-iphonesimulator/ProbeTests-Runner.app/Frameworks

Copy /tmp/solosoul-fe2-ios-root-viewport-ui-20261008/DerivedData/Build/Products/Debug-iphonesimulator/ProbeTests-Runner.app/Frameworks/XCTestCore.framework /Applications/Xcode.app/Contents/Developer/Platforms/iPhoneSimulator.platform/Developer/Library/PrivateFrameworks/XCTestCore.framework (in target 'ProbeTests' from project 'SoloSoulFE2UIProbe')
    cd /tmp/solosoul-fe2-ios-root-viewport-ui-20261008
    builtin-copy -exclude .DS_Store -exclude CVS -exclude .svn -exclude .git -exclude .hg -exclude Headers -exclude PrivateHeaders -exclude Modules -exclude \*.tbd -resolve-src-symlinks /Applications/Xcode.app/Contents/Developer/Platforms/iPhoneSimulator.platform/Developer/Library/PrivateFrameworks/XCTestCore.framework /tmp/solosoul-fe2-ios-root-viewport-ui-20261008/DerivedData/Build/Products/Debug-iphonesimulator/ProbeTests-Runner.app/Frameworks

Copy /tmp/solosoul-fe2-ios-root-viewport-ui-20261008/DerivedData/Build/Products/Debug-iphonesimulator/ProbeTests-Runner.app/Frameworks/XCTest.framework /Applications/Xcode.app/Contents/Developer/Platforms/iPhoneSimulator.platform/Developer/Library/Frameworks/XCTest.framework (in target 'ProbeTests' from project 'SoloSoulFE2UIProbe')
    cd /tmp/solosoul-fe2-ios-root-viewport-ui-20261008
    builtin-copy -exclude .DS_Store -exclude CVS -exclude .svn -exclude .git -exclude .hg -exclude Headers -exclude PrivateHeaders -exclude Modules -exclude \*.tbd -resolve-src-symlinks /Applications/Xcode.app/Contents/Developer/Platforms/iPhoneSimulator.platform/Developer/Library/Frameworks/XCTest.framework /tmp/solosoul-fe2-ios-root-viewport-ui-20261008/DerivedData/Build/Products/Debug-iphonesimulator/ProbeTests-Runner.app/Frameworks

Copy /tmp/solosoul-fe2-ios-root-viewport-ui-20261008/DerivedData/Build/Products/Debug-iphonesimulator/ProbeTests-Runner.app/Frameworks/XCTAutomationSupport.framework /Applications/Xcode.app/Contents/Developer/Platforms/iPhoneSimulator.platform/Developer/Library/PrivateFrameworks/XCTAutomationSupport.framework (in target 'ProbeTests' from project 'SoloSoulFE2UIProbe')
    cd /tmp/solosoul-fe2-ios-root-viewport-ui-20261008
    builtin-copy -exclude .DS_Store -exclude CVS -exclude .svn -exclude .git -exclude .hg -exclude Headers -exclude PrivateHeaders -exclude Modules -exclude \*.tbd -resolve-src-symlinks /Applications/Xcode.app/Contents/Developer/Platforms/iPhoneSimulator.platform/Developer/Library/PrivateFrameworks/XCTAutomationSupport.framework /tmp/solosoul-fe2-ios-root-viewport-ui-20261008/DerivedData/Build/Products/Debug-iphonesimulator/ProbeTests-Runner.app/Frameworks

Copy /tmp/solosoul-fe2-ios-root-viewport-ui-20261008/DerivedData/Build/Products/Debug-iphonesimulator/ProbeTests-Runner.app/Frameworks/Testing.framework /Applications/Xcode.app/Contents/Developer/Platforms/iPhoneSimulator.platform/Developer/Library/Frameworks/Testing.framework (in target 'ProbeTests' from project 'SoloSoulFE2UIProbe')
    cd /tmp/solosoul-fe2-ios-root-viewport-ui-20261008
    builtin-copy -exclude .DS_Store -exclude CVS -exclude .svn -exclude .git -exclude .hg -exclude Headers -exclude PrivateHeaders -exclude Modules -exclude \*.tbd -resolve-src-symlinks /Applications/Xcode.app/Contents/Developer/Platforms/iPhoneSimulator.platform/Developer/Library/Frameworks/Testing.framework /tmp/solosoul-fe2-ios-root-viewport-ui-20261008/DerivedData/Build/Products/Debug-iphonesimulator/ProbeTests-Runner.app/Frameworks

RegisterExecutionPolicyException /tmp/solosoul-fe2-ios-root-viewport-ui-20261008/DerivedData/Build/Products/Debug-iphonesimulator/ProbeTests-Runner.app/PlugIns/ProbeTests.xctest (in target 'ProbeTests' from project 'SoloSoulFE2UIProbe')
    cd /tmp/solosoul-fe2-ios-root-viewport-ui-20261008
    builtin-RegisterExecutionPolicyException /tmp/solosoul-fe2-ios-root-viewport-ui-20261008/DerivedData/Build/Products/Debug-iphonesimulator/ProbeTests-Runner.app/PlugIns/ProbeTests.xctest

Touch /tmp/solosoul-fe2-ios-root-viewport-ui-20261008/DerivedData/Build/Products/Debug-iphonesimulator/ProbeTests-Runner.app/PlugIns/ProbeTests.xctest (in target 'ProbeTests' from project 'SoloSoulFE2UIProbe')
    cd /tmp/solosoul-fe2-ios-root-viewport-ui-20261008
    /usr/bin/touch -c /tmp/solosoul-fe2-ios-root-viewport-ui-20261008/DerivedData/Build/Products/Debug-iphonesimulator/ProbeTests-Runner.app/PlugIns/ProbeTests.xctest

** TEST BUILD SUCCEEDED **

