Command line invocation:
    /Applications/Xcode.app/Contents/Developer/usr/bin/xcodebuild -project /tmp/solosoul-fe2-ios-visual-offset-ui-20261008/SoloSoulFE2UIProbe.xcodeproj -scheme Probe -destination "generic/platform=iOS Simulator" -derivedDataPath /tmp/solosoul-fe2-ios-visual-offset-ui-20261008/DerivedData build-for-testing CODE_SIGNING_ALLOWED=NO

Build settings from command line:
    CODE_SIGNING_ALLOWED = NO

ComputePackagePrebuildTargetDependencyGraph

Prepare packages

CreateBuildRequest

SendProjectDescription

CreateBuildOperation

ComputeTargetDependencyGraph
note: Building targets in dependency order
note: Target dependency graph (2 targets)
    Target 'ProbeTests' in project 'SoloSoulFE2UIProbe'
        ➜ Explicit dependency on target 'ProbeHost' in project 'SoloSoulFE2UIProbe'
    Target 'ProbeHost' in project 'SoloSoulFE2UIProbe' (no dependencies)

GatherProvisioningInputs

CreateBuildDescription

ExecuteExternalTool /Applications/Xcode.app/Contents/Developer/Toolchains/XcodeDefault.xctoolchain/usr/bin/clang -v -E -dM -isysroot /Applications/Xcode.app/Contents/Developer/Platforms/iPhoneSimulator.platform/Developer/SDKs/iPhoneSimulator26.2.sdk -x c -c /dev/null

ExecuteExternalTool /Applications/Xcode.app/Contents/Developer/Toolchains/XcodeDefault.xctoolchain/usr/bin/swiftc --version

ExecuteExternalTool /Applications/Xcode.app/Contents/Developer/Toolchains/XcodeDefault.xctoolchain/usr/bin/ld -version_details

Build description signature: dcc1189c48b9261670708b6152b37ce2
Build description path: /tmp/solosoul-fe2-ios-visual-offset-ui-20261008/DerivedData/Build/Intermediates.noindex/XCBuildData/dcc1189c48b9261670708b6152b37ce2.xcbuilddata
CreateBuildDirectory /tmp/solosoul-fe2-ios-visual-offset-ui-20261008/DerivedData/Build/Products
    cd /tmp/solosoul-fe2-ios-visual-offset-ui-20261008/SoloSoulFE2UIProbe.xcodeproj
    builtin-create-build-directory /tmp/solosoul-fe2-ios-visual-offset-ui-20261008/DerivedData/Build/Products

ClangStatCache /Applications/Xcode.app/Contents/Developer/Toolchains/XcodeDefault.xctoolchain/usr/bin/clang-stat-cache /Applications/Xcode.app/Contents/Developer/Platforms/iPhoneSimulator.platform/Developer/SDKs/iPhoneSimulator26.2.sdk /tmp/solosoul-fe2-ios-visual-offset-ui-20261008/DerivedData/SDKStatCaches.noindex/iphonesimulator26.2-23C57-7d00a8b37fbd7999ea79df8ebc024bf0.sdkstatcache
    cd /tmp/solosoul-fe2-ios-visual-offset-ui-20261008/SoloSoulFE2UIProbe.xcodeproj
    /Applications/Xcode.app/Contents/Developer/Toolchains/XcodeDefault.xctoolchain/usr/bin/clang-stat-cache /Applications/Xcode.app/Contents/Developer/Platforms/iPhoneSimulator.platform/Developer/SDKs/iPhoneSimulator26.2.sdk -o /tmp/solosoul-fe2-ios-visual-offset-ui-20261008/DerivedData/SDKStatCaches.noindex/iphonesimulator26.2-23C57-7d00a8b37fbd7999ea79df8ebc024bf0.sdkstatcache

CreateBuildDirectory /tmp/solosoul-fe2-ios-visual-offset-ui-20261008/DerivedData/Build/Intermediates.noindex
    cd /tmp/solosoul-fe2-ios-visual-offset-ui-20261008/SoloSoulFE2UIProbe.xcodeproj
    builtin-create-build-directory /tmp/solosoul-fe2-ios-visual-offset-ui-20261008/DerivedData/Build/Intermediates.noindex

CreateBuildDirectory /tmp/solosoul-fe2-ios-visual-offset-ui-20261008/DerivedData/Build/Products/Debug-iphonesimulator
    cd /tmp/solosoul-fe2-ios-visual-offset-ui-20261008/SoloSoulFE2UIProbe.xcodeproj
    builtin-create-build-directory /tmp/solosoul-fe2-ios-visual-offset-ui-20261008/DerivedData/Build/Products/Debug-iphonesimulator

CreateBuildDirectory /tmp/solosoul-fe2-ios-visual-offset-ui-20261008/DerivedData/Build/Intermediates.noindex/SwiftExplicitPrecompiledModules
    cd /tmp/solosoul-fe2-ios-visual-offset-ui-20261008/SoloSoulFE2UIProbe.xcodeproj
    builtin-create-build-directory /tmp/solosoul-fe2-ios-visual-offset-ui-20261008/DerivedData/Build/Intermediates.noindex/SwiftExplicitPrecompiledModules

CreateBuildDirectory /tmp/solosoul-fe2-ios-visual-offset-ui-20261008/DerivedData/Build/Intermediates.noindex/ExplicitPrecompiledModules
    cd /tmp/solosoul-fe2-ios-visual-offset-ui-20261008/SoloSoulFE2UIProbe.xcodeproj
    builtin-create-build-directory /tmp/solosoul-fe2-ios-visual-offset-ui-20261008/DerivedData/Build/Intermediates.noindex/ExplicitPrecompiledModules

WriteAuxiliaryFile /tmp/solosoul-fe2-ios-visual-offset-ui-20261008/DerivedData/Build/Intermediates.noindex/SoloSoulFE2UIProbe.build/Debug-iphonesimulator/SoloSoulFE2UIProbe-d1986adb4e39e782fecb2443eef57a8f-VFS-iphonesimulator/all-product-headers.yaml
    cd /tmp/solosoul-fe2-ios-visual-offset-ui-20261008/SoloSoulFE2UIProbe.xcodeproj
    write-file /tmp/solosoul-fe2-ios-visual-offset-ui-20261008/DerivedData/Build/Intermediates.noindex/SoloSoulFE2UIProbe.build/Debug-iphonesimulator/SoloSoulFE2UIProbe-d1986adb4e39e782fecb2443eef57a8f-VFS-iphonesimulator/all-product-headers.yaml

CreateBuildDirectory /tmp/solosoul-fe2-ios-visual-offset-ui-20261008/DerivedData/Build/Intermediates.noindex/EagerLinkingTBDs/Debug-iphonesimulator
    cd /tmp/solosoul-fe2-ios-visual-offset-ui-20261008/SoloSoulFE2UIProbe.xcodeproj
    builtin-create-build-directory /tmp/solosoul-fe2-ios-visual-offset-ui-20261008/DerivedData/Build/Intermediates.noindex/EagerLinkingTBDs/Debug-iphonesimulator

WriteAuxiliaryFile /tmp/solosoul-fe2-ios-visual-offset-ui-20261008/DerivedData/Build/Intermediates.noindex/SoloSoulFE2UIProbe.build/Debug-iphonesimulator/ProbeHost.build/ProbeHost-project-headers.hmap (in target 'ProbeHost' from project 'SoloSoulFE2UIProbe')
    cd /tmp/solosoul-fe2-ios-visual-offset-ui-20261008
    write-file /tmp/solosoul-fe2-ios-visual-offset-ui-20261008/DerivedData/Build/Intermediates.noindex/SoloSoulFE2UIProbe.build/Debug-iphonesimulator/ProbeHost.build/ProbeHost-project-headers.hmap

WriteAuxiliaryFile /tmp/solosoul-fe2-ios-visual-offset-ui-20261008/DerivedData/Build/Intermediates.noindex/SoloSoulFE2UIProbe.build/Debug-iphonesimulator/ProbeHost.build/ProbeHost.hmap (in target 'ProbeHost' from project 'SoloSoulFE2UIProbe')
    cd /tmp/solosoul-fe2-ios-visual-offset-ui-20261008
    write-file /tmp/solosoul-fe2-ios-visual-offset-ui-20261008/DerivedData/Build/Intermediates.noindex/SoloSoulFE2UIProbe.build/Debug-iphonesimulator/ProbeHost.build/ProbeHost.hmap

WriteAuxiliaryFile /tmp/solosoul-fe2-ios-visual-offset-ui-20261008/DerivedData/Build/Intermediates.noindex/SoloSoulFE2UIProbe.build/Debug-iphonesimulator/ProbeHost.build/empty-ProbeHost.plist (in target 'ProbeHost' from project 'SoloSoulFE2UIProbe')
    cd /tmp/solosoul-fe2-ios-visual-offset-ui-20261008
    write-file /tmp/solosoul-fe2-ios-visual-offset-ui-20261008/DerivedData/Build/Intermediates.noindex/SoloSoulFE2UIProbe.build/Debug-iphonesimulator/ProbeHost.build/empty-ProbeHost.plist

WriteAuxiliaryFile /tmp/solosoul-fe2-ios-visual-offset-ui-20261008/DerivedData/Build/Intermediates.noindex/SoloSoulFE2UIProbe.build/Debug-iphonesimulator/ProbeTests.build/ProbeTests.DependencyStaticMetadataFileList (in target 'ProbeTests' from project 'SoloSoulFE2UIProbe')
    cd /tmp/solosoul-fe2-ios-visual-offset-ui-20261008
    write-file /tmp/solosoul-fe2-ios-visual-offset-ui-20261008/DerivedData/Build/Intermediates.noindex/SoloSoulFE2UIProbe.build/Debug-iphonesimulator/ProbeTests.build/ProbeTests.DependencyStaticMetadataFileList

WriteAuxiliaryFile /tmp/solosoul-fe2-ios-visual-offset-ui-20261008/DerivedData/Build/Intermediates.noindex/SoloSoulFE2UIProbe.build/Debug-iphonesimulator/ProbeTests.build/empty-ProbeTests.plist (in target 'ProbeTests' from project 'SoloSoulFE2UIProbe')
    cd /tmp/solosoul-fe2-ios-visual-offset-ui-20261008
    write-file /tmp/solosoul-fe2-ios-visual-offset-ui-20261008/DerivedData/Build/Intermediates.noindex/SoloSoulFE2UIProbe.build/Debug-iphonesimulator/ProbeTests.build/empty-ProbeTests.plist

WriteAuxiliaryFile /tmp/solosoul-fe2-ios-visual-offset-ui-20261008/DerivedData/Build/Intermediates.noindex/SoloSoulFE2UIProbe.build/Debug-iphonesimulator/ProbeTests.build/ProductTypeInfoPlistAdditions.plist (in target 'ProbeTests' from project 'SoloSoulFE2UIProbe')
    cd /tmp/solosoul-fe2-ios-visual-offset-ui-20261008
    write-file /tmp/solosoul-fe2-ios-visual-offset-ui-20261008/DerivedData/Build/Intermediates.noindex/SoloSoulFE2UIProbe.build/Debug-iphonesimulator/ProbeTests.build/ProductTypeInfoPlistAdditions.plist

WriteAuxiliaryFile /tmp/solosoul-fe2-ios-visual-offset-ui-20261008/DerivedData/Build/Intermediates.noindex/SoloSoulFE2UIProbe.build/Debug-iphonesimulator/ProbeTests.build/ProbeTests.hmap (in target 'ProbeTests' from project 'SoloSoulFE2UIProbe')
    cd /tmp/solosoul-fe2-ios-visual-offset-ui-20261008
    write-file /tmp/solosoul-fe2-ios-visual-offset-ui-20261008/DerivedData/Build/Intermediates.noindex/SoloSoulFE2UIProbe.build/Debug-iphonesimulator/ProbeTests.build/ProbeTests.hmap

WriteAuxiliaryFile /tmp/solosoul-fe2-ios-visual-offset-ui-20261008/DerivedData/Build/Intermediates.noindex/SoloSoulFE2UIProbe.build/Debug-iphonesimulator/ProbeTests.build/ProbeTests.DependencyMetadataFileList (in target 'ProbeTests' from project 'SoloSoulFE2UIProbe')
    cd /tmp/solosoul-fe2-ios-visual-offset-ui-20261008
    write-file /tmp/solosoul-fe2-ios-visual-offset-ui-20261008/DerivedData/Build/Intermediates.noindex/SoloSoulFE2UIProbe.build/Debug-iphonesimulator/ProbeTests.build/ProbeTests.DependencyMetadataFileList

WriteAuxiliaryFile /tmp/solosoul-fe2-ios-visual-offset-ui-20261008/DerivedData/Build/Intermediates.noindex/SoloSoulFE2UIProbe.build/Debug-iphonesimulator/ProbeTests.build/ProbeTests-project-headers.hmap (in target 'ProbeTests' from project 'SoloSoulFE2UIProbe')
    cd /tmp/solosoul-fe2-ios-visual-offset-ui-20261008
    write-file /tmp/solosoul-fe2-ios-visual-offset-ui-20261008/DerivedData/Build/Intermediates.noindex/SoloSoulFE2UIProbe.build/Debug-iphonesimulator/ProbeTests.build/ProbeTests-project-headers.hmap

WriteAuxiliaryFile /tmp/solosoul-fe2-ios-visual-offset-ui-20261008/DerivedData/Build/Intermediates.noindex/SoloSoulFE2UIProbe.build/Debug-iphonesimulator/ProbeTests.build/ProbeTests-generated-files.hmap (in target 'ProbeTests' from project 'SoloSoulFE2UIProbe')
    cd /tmp/solosoul-fe2-ios-visual-offset-ui-20261008
    write-file /tmp/solosoul-fe2-ios-visual-offset-ui-20261008/DerivedData/Build/Intermediates.noindex/SoloSoulFE2UIProbe.build/Debug-iphonesimulator/ProbeTests.build/ProbeTests-generated-files.hmap

WriteAuxiliaryFile /tmp/solosoul-fe2-ios-visual-offset-ui-20261008/DerivedData/Build/Intermediates.noindex/SoloSoulFE2UIProbe.build/Debug-iphonesimulator/ProbeTests.build/ProbeTests-own-target-headers.hmap (in target 'ProbeTests' from project 'SoloSoulFE2UIProbe')
    cd /tmp/solosoul-fe2-ios-visual-offset-ui-20261008
    write-file /tmp/solosoul-fe2-ios-visual-offset-ui-20261008/DerivedData/Build/Intermediates.noindex/SoloSoulFE2UIProbe.build/Debug-iphonesimulator/ProbeTests.build/ProbeTests-own-target-headers.hmap

WriteAuxiliaryFile /tmp/solosoul-fe2-ios-visual-offset-ui-20261008/DerivedData/Build/Intermediates.noindex/SoloSoulFE2UIProbe.build/Debug-iphonesimulator/ProbeTests.build/ProbeTests-all-target-headers.hmap (in target 'ProbeTests' from project 'SoloSoulFE2UIProbe')
    cd /tmp/solosoul-fe2-ios-visual-offset-ui-20261008
    write-file /tmp/solosoul-fe2-ios-visual-offset-ui-20261008/DerivedData/Build/Intermediates.noindex/SoloSoulFE2UIProbe.build/Debug-iphonesimulator/ProbeTests.build/ProbeTests-all-target-headers.hmap

WriteAuxiliaryFile /tmp/solosoul-fe2-ios-visual-offset-ui-20261008/DerivedData/Build/Intermediates.noindex/SoloSoulFE2UIProbe.build/Debug-iphonesimulator/ProbeTests.build/ProbeTests-all-non-framework-target-headers.hmap (in target 'ProbeTests' from project 'SoloSoulFE2UIProbe')
    cd /tmp/solosoul-fe2-ios-visual-offset-ui-20261008
    write-file /tmp/solosoul-fe2-ios-visual-offset-ui-20261008/DerivedData/Build/Intermediates.noindex/SoloSoulFE2UIProbe.build/Debug-iphonesimulator/ProbeTests.build/ProbeTests-all-non-framework-target-headers.hmap

WriteAuxiliaryFile /tmp/solosoul-fe2-ios-visual-offset-ui-20261008/DerivedData/Build/Intermediates.noindex/SoloSoulFE2UIProbe.build/Debug-iphonesimulator/ProbeTests.build/Objects-normal/x86_64/ProbeTests_const_extract_protocols.json (in target 'ProbeTests' from project 'SoloSoulFE2UIProbe')
    cd /tmp/solosoul-fe2-ios-visual-offset-ui-20261008
    write-file /tmp/solosoul-fe2-ios-visual-offset-ui-20261008/DerivedData/Build/Intermediates.noindex/SoloSoulFE2UIProbe.build/Debug-iphonesimulator/ProbeTests.build/Objects-normal/x86_64/ProbeTests_const_extract_protocols.json

WriteAuxiliaryFile /tmp/solosoul-fe2-ios-visual-offset-ui-20261008/DerivedData/Build/Intermediates.noindex/SoloSoulFE2UIProbe.build/Debug-iphonesimulator/ProbeTests.build/Objects-normal/x86_64/ProbeTests.SwiftFileList (in target 'ProbeTests' from project 'SoloSoulFE2UIProbe')
    cd /tmp/solosoul-fe2-ios-visual-offset-ui-20261008
    write-file /tmp/solosoul-fe2-ios-visual-offset-ui-20261008/DerivedData/Build/Intermediates.noindex/SoloSoulFE2UIProbe.build/Debug-iphonesimulator/ProbeTests.build/Objects-normal/x86_64/ProbeTests.SwiftFileList

WriteAuxiliaryFile /tmp/solosoul-fe2-ios-visual-offset-ui-20261008/DerivedData/Build/Intermediates.noindex/SoloSoulFE2UIProbe.build/Debug-iphonesimulator/ProbeTests.build/Objects-normal/x86_64/ProbeTests.SwiftConstValuesFileList (in target 'ProbeTests' from project 'SoloSoulFE2UIProbe')
    cd /tmp/solosoul-fe2-ios-visual-offset-ui-20261008
    write-file /tmp/solosoul-fe2-ios-visual-offset-ui-20261008/DerivedData/Build/Intermediates.noindex/SoloSoulFE2UIProbe.build/Debug-iphonesimulator/ProbeTests.build/Objects-normal/x86_64/ProbeTests.SwiftConstValuesFileList

WriteAuxiliaryFile /tmp/solosoul-fe2-ios-visual-offset-ui-20261008/DerivedData/Build/Intermediates.noindex/SoloSoulFE2UIProbe.build/Debug-iphonesimulator/ProbeTests.build/Objects-normal/x86_64/ProbeTests.LinkFileList (in target 'ProbeTests' from project 'SoloSoulFE2UIProbe')
    cd /tmp/solosoul-fe2-ios-visual-offset-ui-20261008
    write-file /tmp/solosoul-fe2-ios-visual-offset-ui-20261008/DerivedData/Build/Intermediates.noindex/SoloSoulFE2UIProbe.build/Debug-iphonesimulator/ProbeTests.build/Objects-normal/x86_64/ProbeTests.LinkFileList

WriteAuxiliaryFile /tmp/solosoul-fe2-ios-visual-offset-ui-20261008/DerivedData/Build/Intermediates.noindex/SoloSoulFE2UIProbe.build/Debug-iphonesimulator/ProbeTests.build/Objects-normal/x86_64/ProbeTests-OutputFileMap.json (in target 'ProbeTests' from project 'SoloSoulFE2UIProbe')
    cd /tmp/solosoul-fe2-ios-visual-offset-ui-20261008
    write-file /tmp/solosoul-fe2-ios-visual-offset-ui-20261008/DerivedData/Build/Intermediates.noindex/SoloSoulFE2UIProbe.build/Debug-iphonesimulator/ProbeTests.build/Objects-normal/x86_64/ProbeTests-OutputFileMap.json

WriteAuxiliaryFile /tmp/solosoul-fe2-ios-visual-offset-ui-20261008/DerivedData/Build/Intermediates.noindex/SoloSoulFE2UIProbe.build/Debug-iphonesimulator/ProbeTests.build/Objects-normal/arm64/ProbeTests.SwiftFileList (in target 'ProbeTests' from project 'SoloSoulFE2UIProbe')
    cd /tmp/solosoul-fe2-ios-visual-offset-ui-20261008
    write-file /tmp/solosoul-fe2-ios-visual-offset-ui-20261008/DerivedData/Build/Intermediates.noindex/SoloSoulFE2UIProbe.build/Debug-iphonesimulator/ProbeTests.build/Objects-normal/arm64/ProbeTests.SwiftFileList

WriteAuxiliaryFile /tmp/solosoul-fe2-ios-visual-offset-ui-20261008/DerivedData/Build/Intermediates.noindex/SoloSoulFE2UIProbe.build/Debug-iphonesimulator/ProbeTests.build/Objects-normal/arm64/ProbeTests_const_extract_protocols.json (in target 'ProbeTests' from project 'SoloSoulFE2UIProbe')
    cd /tmp/solosoul-fe2-ios-visual-offset-ui-20261008
    write-file /tmp/solosoul-fe2-ios-visual-offset-ui-20261008/DerivedData/Build/Intermediates.noindex/SoloSoulFE2UIProbe.build/Debug-iphonesimulator/ProbeTests.build/Objects-normal/arm64/ProbeTests_const_extract_protocols.json

WriteAuxiliaryFile /tmp/solosoul-fe2-ios-visual-offset-ui-20261008/DerivedData/Build/Intermediates.noindex/SoloSoulFE2UIProbe.build/Debug-iphonesimulator/ProbeTests.build/Objects-normal/arm64/ProbeTests.SwiftConstValuesFileList (in target 'ProbeTests' from project 'SoloSoulFE2UIProbe')
    cd /tmp/solosoul-fe2-ios-visual-offset-ui-20261008
    write-file /tmp/solosoul-fe2-ios-visual-offset-ui-20261008/DerivedData/Build/Intermediates.noindex/SoloSoulFE2UIProbe.build/Debug-iphonesimulator/ProbeTests.build/Objects-normal/arm64/ProbeTests.SwiftConstValuesFileList

WriteAuxiliaryFile /tmp/solosoul-fe2-ios-visual-offset-ui-20261008/DerivedData/Build/Intermediates.noindex/SoloSoulFE2UIProbe.build/Debug-iphonesimulator/ProbeTests.build/Objects-normal/arm64/ProbeTests.LinkFileList (in target 'ProbeTests' from project 'SoloSoulFE2UIProbe')
    cd /tmp/solosoul-fe2-ios-visual-offset-ui-20261008
    write-file /tmp/solosoul-fe2-ios-visual-offset-ui-20261008/DerivedData/Build/Intermediates.noindex/SoloSoulFE2UIProbe.build/Debug-iphonesimulator/ProbeTests.build/Objects-normal/arm64/ProbeTests.LinkFileList

WriteAuxiliaryFile /tmp/solosoul-fe2-ios-visual-offset-ui-20261008/DerivedData/Build/Intermediates.noindex/SoloSoulFE2UIProbe.build/Debug-iphonesimulator/ProbeTests.build/Objects-normal/arm64/ProbeTests-OutputFileMap.json (in target 'ProbeTests' from project 'SoloSoulFE2UIProbe')
    cd /tmp/solosoul-fe2-ios-visual-offset-ui-20261008
    write-file /tmp/solosoul-fe2-ios-visual-offset-ui-20261008/DerivedData/Build/Intermediates.noindex/SoloSoulFE2UIProbe.build/Debug-iphonesimulator/ProbeTests.build/Objects-normal/arm64/ProbeTests-OutputFileMap.json

WriteAuxiliaryFile /tmp/solosoul-fe2-ios-visual-offset-ui-20261008/DerivedData/Build/Intermediates.noindex/SoloSoulFE2UIProbe.build/Debug-iphonesimulator/ProbeHost.build/ProbeHost.DependencyStaticMetadataFileList (in target 'ProbeHost' from project 'SoloSoulFE2UIProbe')
    cd /tmp/solosoul-fe2-ios-visual-offset-ui-20261008
    write-file /tmp/solosoul-fe2-ios-visual-offset-ui-20261008/DerivedData/Build/Intermediates.noindex/SoloSoulFE2UIProbe.build/Debug-iphonesimulator/ProbeHost.build/ProbeHost.DependencyStaticMetadataFileList

WriteAuxiliaryFile /tmp/solosoul-fe2-ios-visual-offset-ui-20261008/DerivedData/Build/Intermediates.noindex/SoloSoulFE2UIProbe.build/Debug-iphonesimulator/ProbeHost.build/ProbeHost.DependencyMetadataFileList (in target 'ProbeHost' from project 'SoloSoulFE2UIProbe')
    cd /tmp/solosoul-fe2-ios-visual-offset-ui-20261008
    write-file /tmp/solosoul-fe2-ios-visual-offset-ui-20261008/DerivedData/Build/Intermediates.noindex/SoloSoulFE2UIProbe.build/Debug-iphonesimulator/ProbeHost.build/ProbeHost.DependencyMetadataFileList

WriteAuxiliaryFile /tmp/solosoul-fe2-ios-visual-offset-ui-20261008/DerivedData/Build/Intermediates.noindex/SoloSoulFE2UIProbe.build/Debug-iphonesimulator/ProbeHost.build/ProbeHost-own-target-headers.hmap (in target 'ProbeHost' from project 'SoloSoulFE2UIProbe')
    cd /tmp/solosoul-fe2-ios-visual-offset-ui-20261008
    write-file /tmp/solosoul-fe2-ios-visual-offset-ui-20261008/DerivedData/Build/Intermediates.noindex/SoloSoulFE2UIProbe.build/Debug-iphonesimulator/ProbeHost.build/ProbeHost-own-target-headers.hmap

WriteAuxiliaryFile /tmp/solosoul-fe2-ios-visual-offset-ui-20261008/DerivedData/Build/Intermediates.noindex/SoloSoulFE2UIProbe.build/Debug-iphonesimulator/ProbeHost.build/ProbeHost-generated-files.hmap (in target 'ProbeHost' from project 'SoloSoulFE2UIProbe')
    cd /tmp/solosoul-fe2-ios-visual-offset-ui-20261008
    write-file /tmp/solosoul-fe2-ios-visual-offset-ui-20261008/DerivedData/Build/Intermediates.noindex/SoloSoulFE2UIProbe.build/Debug-iphonesimulator/ProbeHost.build/ProbeHost-generated-files.hmap

WriteAuxiliaryFile /tmp/solosoul-fe2-ios-visual-offset-ui-20261008/DerivedData/Build/Intermediates.noindex/SoloSoulFE2UIProbe.build/Debug-iphonesimulator/ProbeHost.build/ProbeHost-all-target-headers.hmap (in target 'ProbeHost' from project 'SoloSoulFE2UIProbe')
    cd /tmp/solosoul-fe2-ios-visual-offset-ui-20261008
    write-file /tmp/solosoul-fe2-ios-visual-offset-ui-20261008/DerivedData/Build/Intermediates.noindex/SoloSoulFE2UIProbe.build/Debug-iphonesimulator/ProbeHost.build/ProbeHost-all-target-headers.hmap

WriteAuxiliaryFile /tmp/solosoul-fe2-ios-visual-offset-ui-20261008/DerivedData/Build/Intermediates.noindex/SoloSoulFE2UIProbe.build/Debug-iphonesimulator/ProbeHost.build/ProbeHost-all-non-framework-target-headers.hmap (in target 'ProbeHost' from project 'SoloSoulFE2UIProbe')
    cd /tmp/solosoul-fe2-ios-visual-offset-ui-20261008
    write-file /tmp/solosoul-fe2-ios-visual-offset-ui-20261008/DerivedData/Build/Intermediates.noindex/SoloSoulFE2UIProbe.build/Debug-iphonesimulator/ProbeHost.build/ProbeHost-all-non-framework-target-headers.hmap

WriteAuxiliaryFile /tmp/solosoul-fe2-ios-visual-offset-ui-20261008/DerivedData/Build/Intermediates.noindex/SoloSoulFE2UIProbe.build/Debug-iphonesimulator/ProbeHost.build/ProbeHost-DebugDylibPath-normal-x86_64.txt (in target 'ProbeHost' from project 'SoloSoulFE2UIProbe')
    cd /tmp/solosoul-fe2-ios-visual-offset-ui-20261008
    write-file /tmp/solosoul-fe2-ios-visual-offset-ui-20261008/DerivedData/Build/Intermediates.noindex/SoloSoulFE2UIProbe.build/Debug-iphonesimulator/ProbeHost.build/ProbeHost-DebugDylibPath-normal-x86_64.txt

WriteAuxiliaryFile /tmp/solosoul-fe2-ios-visual-offset-ui-20261008/DerivedData/Build/Intermediates.noindex/SoloSoulFE2UIProbe.build/Debug-iphonesimulator/ProbeHost.build/ProbeHost-DebugDylibPath-normal-arm64.txt (in target 'ProbeHost' from project 'SoloSoulFE2UIProbe')
    cd /tmp/solosoul-fe2-ios-visual-offset-ui-20261008
    write-file /tmp/solosoul-fe2-ios-visual-offset-ui-20261008/DerivedData/Build/Intermediates.noindex/SoloSoulFE2UIProbe.build/Debug-iphonesimulator/ProbeHost.build/ProbeHost-DebugDylibPath-normal-arm64.txt

WriteAuxiliaryFile /tmp/solosoul-fe2-ios-visual-offset-ui-20261008/DerivedData/Build/Intermediates.noindex/SoloSoulFE2UIProbe.build/Debug-iphonesimulator/ProbeHost.build/ProbeHost-DebugDylibInstallName-normal-x86_64.txt (in target 'ProbeHost' from project 'SoloSoulFE2UIProbe')
    cd /tmp/solosoul-fe2-ios-visual-offset-ui-20261008
    write-file /tmp/solosoul-fe2-ios-visual-offset-ui-20261008/DerivedData/Build/Intermediates.noindex/SoloSoulFE2UIProbe.build/Debug-iphonesimulator/ProbeHost.build/ProbeHost-DebugDylibInstallName-normal-x86_64.txt

WriteAuxiliaryFile /tmp/solosoul-fe2-ios-visual-offset-ui-20261008/DerivedData/Build/Intermediates.noindex/SoloSoulFE2UIProbe.build/Debug-iphonesimulator/ProbeHost.build/ProbeHost-DebugDylibInstallName-normal-arm64.txt (in target 'ProbeHost' from project 'SoloSoulFE2UIProbe')
    cd /tmp/solosoul-fe2-ios-visual-offset-ui-20261008
    write-file /tmp/solosoul-fe2-ios-visual-offset-ui-20261008/DerivedData/Build/Intermediates.noindex/SoloSoulFE2UIProbe.build/Debug-iphonesimulator/ProbeHost.build/ProbeHost-DebugDylibInstallName-normal-arm64.txt

WriteAuxiliaryFile /tmp/solosoul-fe2-ios-visual-offset-ui-20261008/DerivedData/Build/Intermediates.noindex/SoloSoulFE2UIProbe.build/Debug-iphonesimulator/ProbeHost.build/Objects-normal/x86_64/ProbeHost_const_extract_protocols.json (in target 'ProbeHost' from project 'SoloSoulFE2UIProbe')
    cd /tmp/solosoul-fe2-ios-visual-offset-ui-20261008
    write-file /tmp/solosoul-fe2-ios-visual-offset-ui-20261008/DerivedData/Build/Intermediates.noindex/SoloSoulFE2UIProbe.build/Debug-iphonesimulator/ProbeHost.build/Objects-normal/x86_64/ProbeHost_const_extract_protocols.json

WriteAuxiliaryFile /tmp/solosoul-fe2-ios-visual-offset-ui-20261008/DerivedData/Build/Intermediates.noindex/SoloSoulFE2UIProbe.build/Debug-iphonesimulator/ProbeHost.build/Objects-normal/x86_64/ProbeHost.SwiftFileList (in target 'ProbeHost' from project 'SoloSoulFE2UIProbe')
    cd /tmp/solosoul-fe2-ios-visual-offset-ui-20261008
    write-file /tmp/solosoul-fe2-ios-visual-offset-ui-20261008/DerivedData/Build/Intermediates.noindex/SoloSoulFE2UIProbe.build/Debug-iphonesimulator/ProbeHost.build/Objects-normal/x86_64/ProbeHost.SwiftFileList

WriteAuxiliaryFile /tmp/solosoul-fe2-ios-visual-offset-ui-20261008/DerivedData/Build/Intermediates.noindex/SoloSoulFE2UIProbe.build/Debug-iphonesimulator/ProbeHost.build/Objects-normal/x86_64/ProbeHost.SwiftConstValuesFileList (in target 'ProbeHost' from project 'SoloSoulFE2UIProbe')
    cd /tmp/solosoul-fe2-ios-visual-offset-ui-20261008
    write-file /tmp/solosoul-fe2-ios-visual-offset-ui-20261008/DerivedData/Build/Intermediates.noindex/SoloSoulFE2UIProbe.build/Debug-iphonesimulator/ProbeHost.build/Objects-normal/x86_64/ProbeHost.SwiftConstValuesFileList

WriteAuxiliaryFile /tmp/solosoul-fe2-ios-visual-offset-ui-20261008/DerivedData/Build/Intermediates.noindex/SoloSoulFE2UIProbe.build/Debug-iphonesimulator/ProbeHost.build/Objects-normal/x86_64/ProbeHost.LinkFileList (in target 'ProbeHost' from project 'SoloSoulFE2UIProbe')
    cd /tmp/solosoul-fe2-ios-visual-offset-ui-20261008
    write-file /tmp/solosoul-fe2-ios-visual-offset-ui-20261008/DerivedData/Build/Intermediates.noindex/SoloSoulFE2UIProbe.build/Debug-iphonesimulator/ProbeHost.build/Objects-normal/x86_64/ProbeHost.LinkFileList

WriteAuxiliaryFile /tmp/solosoul-fe2-ios-visual-offset-ui-20261008/DerivedData/Build/Intermediates.noindex/SoloSoulFE2UIProbe.build/Debug-iphonesimulator/ProbeHost.build/Objects-normal/x86_64/ProbeHost-OutputFileMap.json (in target 'ProbeHost' from project 'SoloSoulFE2UIProbe')
    cd /tmp/solosoul-fe2-ios-visual-offset-ui-20261008
    write-file /tmp/solosoul-fe2-ios-visual-offset-ui-20261008/DerivedData/Build/Intermediates.noindex/SoloSoulFE2UIProbe.build/Debug-iphonesimulator/ProbeHost.build/Objects-normal/x86_64/ProbeHost-OutputFileMap.json

WriteAuxiliaryFile /tmp/solosoul-fe2-ios-visual-offset-ui-20261008/DerivedData/Build/Intermediates.noindex/SoloSoulFE2UIProbe.build/Debug-iphonesimulator/ProbeHost.build/Objects-normal/arm64/ProbeHost_const_extract_protocols.json (in target 'ProbeHost' from project 'SoloSoulFE2UIProbe')
    cd /tmp/solosoul-fe2-ios-visual-offset-ui-20261008
    write-file /tmp/solosoul-fe2-ios-visual-offset-ui-20261008/DerivedData/Build/Intermediates.noindex/SoloSoulFE2UIProbe.build/Debug-iphonesimulator/ProbeHost.build/Objects-normal/arm64/ProbeHost_const_extract_protocols.json

WriteAuxiliaryFile /tmp/solosoul-fe2-ios-visual-offset-ui-20261008/DerivedData/Build/Intermediates.noindex/SoloSoulFE2UIProbe.build/Debug-iphonesimulator/ProbeHost.build/Objects-normal/arm64/ProbeHost.SwiftFileList (in target 'ProbeHost' from project 'SoloSoulFE2UIProbe')
    cd /tmp/solosoul-fe2-ios-visual-offset-ui-20261008
    write-file /tmp/solosoul-fe2-ios-visual-offset-ui-20261008/DerivedData/Build/Intermediates.noindex/SoloSoulFE2UIProbe.build/Debug-iphonesimulator/ProbeHost.build/Objects-normal/arm64/ProbeHost.SwiftFileList

WriteAuxiliaryFile /tmp/solosoul-fe2-ios-visual-offset-ui-20261008/DerivedData/Build/Intermediates.noindex/SoloSoulFE2UIProbe.build/Debug-iphonesimulator/ProbeHost.build/Objects-normal/arm64/ProbeHost.SwiftConstValuesFileList (in target 'ProbeHost' from project 'SoloSoulFE2UIProbe')
    cd /tmp/solosoul-fe2-ios-visual-offset-ui-20261008
    write-file /tmp/solosoul-fe2-ios-visual-offset-ui-20261008/DerivedData/Build/Intermediates.noindex/SoloSoulFE2UIProbe.build/Debug-iphonesimulator/ProbeHost.build/Objects-normal/arm64/ProbeHost.SwiftConstValuesFileList

WriteAuxiliaryFile /tmp/solosoul-fe2-ios-visual-offset-ui-20261008/DerivedData/Build/Intermediates.noindex/SoloSoulFE2UIProbe.build/Debug-iphonesimulator/ProbeHost.build/Objects-normal/arm64/ProbeHost.LinkFileList (in target 'ProbeHost' from project 'SoloSoulFE2UIProbe')
    cd /tmp/solosoul-fe2-ios-visual-offset-ui-20261008
    write-file /tmp/solosoul-fe2-ios-visual-offset-ui-20261008/DerivedData/Build/Intermediates.noindex/SoloSoulFE2UIProbe.build/Debug-iphonesimulator/ProbeHost.build/Objects-normal/arm64/ProbeHost.LinkFileList

WriteAuxiliaryFile /tmp/solosoul-fe2-ios-visual-offset-ui-20261008/DerivedData/Build/Intermediates.noindex/SoloSoulFE2UIProbe.build/Debug-iphonesimulator/ProbeHost.build/Objects-normal/arm64/ProbeHost-OutputFileMap.json (in target 'ProbeHost' from project 'SoloSoulFE2UIProbe')
    cd /tmp/solosoul-fe2-ios-visual-offset-ui-20261008
    write-file /tmp/solosoul-fe2-ios-visual-offset-ui-20261008/DerivedData/Build/Intermediates.noindex/SoloSoulFE2UIProbe.build/Debug-iphonesimulator/ProbeHost.build/Objects-normal/arm64/ProbeHost-OutputFileMap.json

MkDir /tmp/solosoul-fe2-ios-visual-offset-ui-20261008/DerivedData/Build/Products/Debug-iphonesimulator/ProbeTests-Runner.app/PlugIns/ProbeTests.xctest (in target 'ProbeTests' from project 'SoloSoulFE2UIProbe')
    cd /tmp/solosoul-fe2-ios-visual-offset-ui-20261008
    /bin/mkdir -p /tmp/solosoul-fe2-ios-visual-offset-ui-20261008/DerivedData/Build/Products/Debug-iphonesimulator/ProbeTests-Runner.app/PlugIns/ProbeTests.xctest

MkDir /tmp/solosoul-fe2-ios-visual-offset-ui-20261008/DerivedData/Build/Products/Debug-iphonesimulator/ProbeHost.app (in target 'ProbeHost' from project 'SoloSoulFE2UIProbe')
    cd /tmp/solosoul-fe2-ios-visual-offset-ui-20261008
    /bin/mkdir -p /tmp/solosoul-fe2-ios-visual-offset-ui-20261008/DerivedData/Build/Products/Debug-iphonesimulator/ProbeHost.app

ProcessInfoPlistFile /tmp/solosoul-fe2-ios-visual-offset-ui-20261008/DerivedData/Build/Products/Debug-iphonesimulator/ProbeHost.app/Info.plist /tmp/solosoul-fe2-ios-visual-offset-ui-20261008/DerivedData/Build/Intermediates.noindex/SoloSoulFE2UIProbe.build/Debug-iphonesimulator/ProbeHost.build/empty-ProbeHost.plist (in target 'ProbeHost' from project 'SoloSoulFE2UIProbe')
    cd /tmp/solosoul-fe2-ios-visual-offset-ui-20261008
    builtin-infoPlistUtility /tmp/solosoul-fe2-ios-visual-offset-ui-20261008/DerivedData/Build/Intermediates.noindex/SoloSoulFE2UIProbe.build/Debug-iphonesimulator/ProbeHost.build/empty-ProbeHost.plist -producttype com.apple.product-type.application -genpkginfo /tmp/solosoul-fe2-ios-visual-offset-ui-20261008/DerivedData/Build/Products/Debug-iphonesimulator/ProbeHost.app/PkgInfo -expandbuildsettings -format binary -platform iphonesimulator -o /tmp/solosoul-fe2-ios-visual-offset-ui-20261008/DerivedData/Build/Products/Debug-iphonesimulator/ProbeHost.app/Info.plist

Ld /tmp/solosoul-fe2-ios-visual-offset-ui-20261008/DerivedData/Build/Intermediates.noindex/SoloSoulFE2UIProbe.build/Debug-iphonesimulator/ProbeHost.build/Objects-normal/x86_64/Binary/__preview.dylib normal x86_64 (in target 'ProbeHost' from project 'SoloSoulFE2UIProbe')
    cd /tmp/solosoul-fe2-ios-visual-offset-ui-20261008
    /Applications/Xcode.app/Contents/Developer/Toolchains/XcodeDefault.xctoolchain/usr/bin/clang -Xlinker -reproducible -target x86_64-apple-ios14.0-simulator -dynamiclib -isysroot /Applications/Xcode.app/Contents/Developer/Platforms/iPhoneSimulator.platform/Developer/SDKs/iPhoneSimulator26.2.sdk -O0 -L/tmp/solosoul-fe2-ios-visual-offset-ui-20261008/DerivedData/Build/Products/Debug-iphonesimulator -F/tmp/solosoul-fe2-ios-visual-offset-ui-20261008/DerivedData/Build/Products/Debug-iphonesimulator -install_name @rpath/ProbeHost.debug.dylib -dead_strip -rdynamic -Xlinker -no_deduplicate -Xlinker -objc_abi_version -Xlinker 2 -Xlinker -dependency_info -Xlinker /tmp/solosoul-fe2-ios-visual-offset-ui-20261008/DerivedData/Build/Intermediates.noindex/SoloSoulFE2UIProbe.build/Debug-iphonesimulator/ProbeHost.build/Objects-normal/x86_64/ProbeHost_dependency_info.dat -o /tmp/solosoul-fe2-ios-visual-offset-ui-20261008/DerivedData/Build/Intermediates.noindex/SoloSoulFE2UIProbe.build/Debug-iphonesimulator/ProbeHost.build/Objects-normal/x86_64/Binary/__preview.dylib

Ld /tmp/solosoul-fe2-ios-visual-offset-ui-20261008/DerivedData/Build/Intermediates.noindex/SoloSoulFE2UIProbe.build/Debug-iphonesimulator/ProbeHost.build/Objects-normal/arm64/Binary/__preview.dylib normal arm64 (in target 'ProbeHost' from project 'SoloSoulFE2UIProbe')
    cd /tmp/solosoul-fe2-ios-visual-offset-ui-20261008
    /Applications/Xcode.app/Contents/Developer/Toolchains/XcodeDefault.xctoolchain/usr/bin/clang -Xlinker -reproducible -target arm64-apple-ios14.0-simulator -dynamiclib -isysroot /Applications/Xcode.app/Contents/Developer/Platforms/iPhoneSimulator.platform/Developer/SDKs/iPhoneSimulator26.2.sdk -O0 -L/tmp/solosoul-fe2-ios-visual-offset-ui-20261008/DerivedData/Build/Products/Debug-iphonesimulator -F/tmp/solosoul-fe2-ios-visual-offset-ui-20261008/DerivedData/Build/Products/Debug-iphonesimulator -install_name @rpath/ProbeHost.debug.dylib -dead_strip -rdynamic -Xlinker -no_deduplicate -Xlinker -objc_abi_version -Xlinker 2 -Xlinker -dependency_info -Xlinker /tmp/solosoul-fe2-ios-visual-offset-ui-20261008/DerivedData/Build/Intermediates.noindex/SoloSoulFE2UIProbe.build/Debug-iphonesimulator/ProbeHost.build/Objects-normal/arm64/ProbeHost_dependency_info.dat -o /tmp/solosoul-fe2-ios-visual-offset-ui-20261008/DerivedData/Build/Intermediates.noindex/SoloSoulFE2UIProbe.build/Debug-iphonesimulator/ProbeHost.build/Objects-normal/arm64/Binary/__preview.dylib

CreateUniversalBinary /tmp/solosoul-fe2-ios-visual-offset-ui-20261008/DerivedData/Build/Products/Debug-iphonesimulator/ProbeHost.app/__preview.dylib normal arm64\ x86_64 (in target 'ProbeHost' from project 'SoloSoulFE2UIProbe')
    cd /tmp/solosoul-fe2-ios-visual-offset-ui-20261008
    /Applications/Xcode.app/Contents/Developer/Toolchains/XcodeDefault.xctoolchain/usr/bin/lipo -create /tmp/solosoul-fe2-ios-visual-offset-ui-20261008/DerivedData/Build/Intermediates.noindex/SoloSoulFE2UIProbe.build/Debug-iphonesimulator/ProbeHost.build/Objects-normal/arm64/Binary/__preview.dylib /tmp/solosoul-fe2-ios-visual-offset-ui-20261008/DerivedData/Build/Intermediates.noindex/SoloSoulFE2UIProbe.build/Debug-iphonesimulator/ProbeHost.build/Objects-normal/x86_64/Binary/__preview.dylib -output /tmp/solosoul-fe2-ios-visual-offset-ui-20261008/DerivedData/Build/Products/Debug-iphonesimulator/ProbeHost.app/__preview.dylib

SwiftDriver ProbeHost normal x86_64 com.apple.xcode.tools.swift.compiler (in target 'ProbeHost' from project 'SoloSoulFE2UIProbe')
    cd /tmp/solosoul-fe2-ios-visual-offset-ui-20261008
    builtin-SwiftDriver -- /Applications/Xcode.app/Contents/Developer/Toolchains/XcodeDefault.xctoolchain/usr/bin/swiftc -module-name ProbeHost -Onone -enforce-exclusivity\=checked @/tmp/solosoul-fe2-ios-visual-offset-ui-20261008/DerivedData/Build/Intermediates.noindex/SoloSoulFE2UIProbe.build/Debug-iphonesimulator/ProbeHost.build/Objects-normal/x86_64/ProbeHost.SwiftFileList -DDEBUG -enable-bare-slash-regex -enable-experimental-feature DebugDescriptionMacro -sdk /Applications/Xcode.app/Contents/Developer/Platforms/iPhoneSimulator.platform/Developer/SDKs/iPhoneSimulator26.2.sdk -target x86_64-apple-ios14.0-simulator -g -module-cache-path /tmp/solosoul-fe2-ios-visual-offset-ui-20261008/DerivedData/ModuleCache.noindex -Xfrontend -serialize-debugging-options -enable-testing -index-store-path /tmp/solosoul-fe2-ios-visual-offset-ui-20261008/DerivedData/Index.noindex/DataStore -Xcc -D_LIBCPP_HARDENING_MODE\=_LIBCPP_HARDENING_MODE_DEBUG -swift-version 5 -I /tmp/solosoul-fe2-ios-visual-offset-ui-20261008/DerivedData/Build/Products/Debug-iphonesimulator -F /tmp/solosoul-fe2-ios-visual-offset-ui-20261008/DerivedData/Build/Products/Debug-iphonesimulator -parse-as-library -c -j8 -enable-batch-mode -incremental -Xcc -ivfsstatcache -Xcc /tmp/solosoul-fe2-ios-visual-offset-ui-20261008/DerivedData/SDKStatCaches.noindex/iphonesimulator26.2-23C57-7d00a8b37fbd7999ea79df8ebc024bf0.sdkstatcache -output-file-map /tmp/solosoul-fe2-ios-visual-offset-ui-20261008/DerivedData/Build/Intermediates.noindex/SoloSoulFE2UIProbe.build/Debug-iphonesimulator/ProbeHost.build/Objects-normal/x86_64/ProbeHost-OutputFileMap.json -use-frontend-parseable-output -save-temps -no-color-diagnostics -explicit-module-build -module-cache-path /tmp/solosoul-fe2-ios-visual-offset-ui-20261008/DerivedData/Build/Intermediates.noindex/SwiftExplicitPrecompiledModules -clang-scanner-module-cache-path /tmp/solosoul-fe2-ios-visual-offset-ui-20261008/DerivedData/ModuleCache.noindex -sdk-module-cache-path /tmp/solosoul-fe2-ios-visual-offset-ui-20261008/DerivedData/ModuleCache.noindex -serialize-diagnostics -emit-dependencies -emit-module -emit-module-path /tmp/solosoul-fe2-ios-visual-offset-ui-20261008/DerivedData/Build/Intermediates.noindex/SoloSoulFE2UIProbe.build/Debug-iphonesimulator/ProbeHost.build/Objects-normal/x86_64/ProbeHost.swiftmodule -validate-clang-modules-once -clang-build-session-file /tmp/solosoul-fe2-ios-visual-offset-ui-20261008/DerivedData/ModuleCache.noindex/Session.modulevalidation -Xcc -I/tmp/solosoul-fe2-ios-visual-offset-ui-20261008/DerivedData/Build/Intermediates.noindex/SoloSoulFE2UIProbe.build/Debug-iphonesimulator/ProbeHost.build/swift-overrides.hmap -emit-const-values -Xfrontend -const-gather-protocols-file -Xfrontend /tmp/solosoul-fe2-ios-visual-offset-ui-20261008/DerivedData/Build/Intermediates.noindex/SoloSoulFE2UIProbe.build/Debug-iphonesimulator/ProbeHost.build/Objects-normal/x86_64/ProbeHost_const_extract_protocols.json -Xcc -iquote -Xcc /tmp/solosoul-fe2-ios-visual-offset-ui-20261008/DerivedData/Build/Intermediates.noindex/SoloSoulFE2UIProbe.build/Debug-iphonesimulator/ProbeHost.build/ProbeHost-generated-files.hmap -Xcc -I/tmp/solosoul-fe2-ios-visual-offset-ui-20261008/DerivedData/Build/Intermediates.noindex/SoloSoulFE2UIProbe.build/Debug-iphonesimulator/ProbeHost.build/ProbeHost-own-target-headers.hmap -Xcc -I/tmp/solosoul-fe2-ios-visual-offset-ui-20261008/DerivedData/Build/Intermediates.noindex/SoloSoulFE2UIProbe.build/Debug-iphonesimulator/ProbeHost.build/ProbeHost-all-target-headers.hmap -Xcc -iquote -Xcc /tmp/solosoul-fe2-ios-visual-offset-ui-20261008/DerivedData/Build/Intermediates.noindex/SoloSoulFE2UIProbe.build/Debug-iphonesimulator/ProbeHost.build/ProbeHost-project-headers.hmap -Xcc -I/tmp/solosoul-fe2-ios-visual-offset-ui-20261008/DerivedData/Build/Products/Debug-iphonesimulator/include -Xcc -I/tmp/solosoul-fe2-ios-visual-offset-ui-20261008/DerivedData/Build/Intermediates.noindex/SoloSoulFE2UIProbe.build/Debug-iphonesimulator/ProbeHost.build/DerivedSources-normal/x86_64 -Xcc -I/tmp/solosoul-fe2-ios-visual-offset-ui-20261008/DerivedData/Build/Intermediates.noindex/SoloSoulFE2UIProbe.build/Debug-iphonesimulator/ProbeHost.build/DerivedSources/x86_64 -Xcc -I/tmp/solosoul-fe2-ios-visual-offset-ui-20261008/DerivedData/Build/Intermediates.noindex/SoloSoulFE2UIProbe.build/Debug-iphonesimulator/ProbeHost.build/DerivedSources -Xcc -DDEBUG\=1 -emit-objc-header -emit-objc-header-path /tmp/solosoul-fe2-ios-visual-offset-ui-20261008/DerivedData/Build/Intermediates.noindex/SoloSoulFE2UIProbe.build/Debug-iphonesimulator/ProbeHost.build/Objects-normal/x86_64/ProbeHost-Swift.h -working-directory /tmp/solosoul-fe2-ios-visual-offset-ui-20261008 -experimental-emit-module-separately -disable-cmo

SwiftDriver ProbeHost normal arm64 com.apple.xcode.tools.swift.compiler (in target 'ProbeHost' from project 'SoloSoulFE2UIProbe')
    cd /tmp/solosoul-fe2-ios-visual-offset-ui-20261008
    builtin-SwiftDriver -- /Applications/Xcode.app/Contents/Developer/Toolchains/XcodeDefault.xctoolchain/usr/bin/swiftc -module-name ProbeHost -Onone -enforce-exclusivity\=checked @/tmp/solosoul-fe2-ios-visual-offset-ui-20261008/DerivedData/Build/Intermediates.noindex/SoloSoulFE2UIProbe.build/Debug-iphonesimulator/ProbeHost.build/Objects-normal/arm64/ProbeHost.SwiftFileList -DDEBUG -enable-bare-slash-regex -enable-experimental-feature DebugDescriptionMacro -sdk /Applications/Xcode.app/Contents/Developer/Platforms/iPhoneSimulator.platform/Developer/SDKs/iPhoneSimulator26.2.sdk -target arm64-apple-ios14.0-simulator -g -module-cache-path /tmp/solosoul-fe2-ios-visual-offset-ui-20261008/DerivedData/ModuleCache.noindex -Xfrontend -serialize-debugging-options -enable-testing -index-store-path /tmp/solosoul-fe2-ios-visual-offset-ui-20261008/DerivedData/Index.noindex/DataStore -Xcc -D_LIBCPP_HARDENING_MODE\=_LIBCPP_HARDENING_MODE_DEBUG -swift-version 5 -I /tmp/solosoul-fe2-ios-visual-offset-ui-20261008/DerivedData/Build/Products/Debug-iphonesimulator -F /tmp/solosoul-fe2-ios-visual-offset-ui-20261008/DerivedData/Build/Products/Debug-iphonesimulator -parse-as-library -c -j8 -enable-batch-mode -incremental -Xcc -ivfsstatcache -Xcc /tmp/solosoul-fe2-ios-visual-offset-ui-20261008/DerivedData/SDKStatCaches.noindex/iphonesimulator26.2-23C57-7d00a8b37fbd7999ea79df8ebc024bf0.sdkstatcache -output-file-map /tmp/solosoul-fe2-ios-visual-offset-ui-20261008/DerivedData/Build/Intermediates.noindex/SoloSoulFE2UIProbe.build/Debug-iphonesimulator/ProbeHost.build/Objects-normal/arm64/ProbeHost-OutputFileMap.json -use-frontend-parseable-output -save-temps -no-color-diagnostics -explicit-module-build -module-cache-path /tmp/solosoul-fe2-ios-visual-offset-ui-20261008/DerivedData/Build/Intermediates.noindex/SwiftExplicitPrecompiledModules -clang-scanner-module-cache-path /tmp/solosoul-fe2-ios-visual-offset-ui-20261008/DerivedData/ModuleCache.noindex -sdk-module-cache-path /tmp/solosoul-fe2-ios-visual-offset-ui-20261008/DerivedData/ModuleCache.noindex -serialize-diagnostics -emit-dependencies -emit-module -emit-module-path /tmp/solosoul-fe2-ios-visual-offset-ui-20261008/DerivedData/Build/Intermediates.noindex/SoloSoulFE2UIProbe.build/Debug-iphonesimulator/ProbeHost.build/Objects-normal/arm64/ProbeHost.swiftmodule -validate-clang-modules-once -clang-build-session-file /tmp/solosoul-fe2-ios-visual-offset-ui-20261008/DerivedData/ModuleCache.noindex/Session.modulevalidation -Xcc -I/tmp/solosoul-fe2-ios-visual-offset-ui-20261008/DerivedData/Build/Intermediates.noindex/SoloSoulFE2UIProbe.build/Debug-iphonesimulator/ProbeHost.build/swift-overrides.hmap -emit-const-values -Xfrontend -const-gather-protocols-file -Xfrontend /tmp/solosoul-fe2-ios-visual-offset-ui-20261008/DerivedData/Build/Intermediates.noindex/SoloSoulFE2UIProbe.build/Debug-iphonesimulator/ProbeHost.build/Objects-normal/arm64/ProbeHost_const_extract_protocols.json -Xcc -iquote -Xcc /tmp/solosoul-fe2-ios-visual-offset-ui-20261008/DerivedData/Build/Intermediates.noindex/SoloSoulFE2UIProbe.build/Debug-iphonesimulator/ProbeHost.build/ProbeHost-generated-files.hmap -Xcc -I/tmp/solosoul-fe2-ios-visual-offset-ui-20261008/DerivedData/Build/Intermediates.noindex/SoloSoulFE2UIProbe.build/Debug-iphonesimulator/ProbeHost.build/ProbeHost-own-target-headers.hmap -Xcc -I/tmp/solosoul-fe2-ios-visual-offset-ui-20261008/DerivedData/Build/Intermediates.noindex/SoloSoulFE2UIProbe.build/Debug-iphonesimulator/ProbeHost.build/ProbeHost-all-target-headers.hmap -Xcc -iquote -Xcc /tmp/solosoul-fe2-ios-visual-offset-ui-20261008/DerivedData/Build/Intermediates.noindex/SoloSoulFE2UIProbe.build/Debug-iphonesimulator/ProbeHost.build/ProbeHost-project-headers.hmap -Xcc -I/tmp/solosoul-fe2-ios-visual-offset-ui-20261008/DerivedData/Build/Products/Debug-iphonesimulator/include -Xcc -I/tmp/solosoul-fe2-ios-visual-offset-ui-20261008/DerivedData/Build/Intermediates.noindex/SoloSoulFE2UIProbe.build/Debug-iphonesimulator/ProbeHost.build/DerivedSources-normal/arm64 -Xcc -I/tmp/solosoul-fe2-ios-visual-offset-ui-20261008/DerivedData/Build/Intermediates.noindex/SoloSoulFE2UIProbe.build/Debug-iphonesimulator/ProbeHost.build/DerivedSources/arm64 -Xcc -I/tmp/solosoul-fe2-ios-visual-offset-ui-20261008/DerivedData/Build/Intermediates.noindex/SoloSoulFE2UIProbe.build/Debug-iphonesimulator/ProbeHost.build/DerivedSources -Xcc -DDEBUG\=1 -emit-objc-header -emit-objc-header-path /tmp/solosoul-fe2-ios-visual-offset-ui-20261008/DerivedData/Build/Intermediates.noindex/SoloSoulFE2UIProbe.build/Debug-iphonesimulator/ProbeHost.build/Objects-normal/arm64/ProbeHost-Swift.h -working-directory /tmp/solosoul-fe2-ios-visual-offset-ui-20261008 -experimental-emit-module-separately -disable-cmo

SwiftExplicitDependencyGeneratePcm x86_64 /tmp/solosoul-fe2-ios-visual-offset-ui-20261008/DerivedData/ModuleCache.noindex/DeveloperToolsSupport-3GV323LTGR60PQ5POKWHGMNAU.pcm

SwiftExplicitDependencyGeneratePcm x86_64 /tmp/solosoul-fe2-ios-visual-offset-ui-20261008/DerivedData/ModuleCache.noindex/ptrcheck-8WLWU1KFAPBTEHH4PN4XNRWZV.pcm

SwiftExplicitDependencyGeneratePcm x86_64 /tmp/solosoul-fe2-ios-visual-offset-ui-20261008/DerivedData/ModuleCache.noindex/_Builtin_stddef-F5IJ2XYBMKA1A9WIRBES94ZAH.pcm

SwiftExplicitDependencyGeneratePcm x86_64 /tmp/solosoul-fe2-ios-visual-offset-ui-20261008/DerivedData/ModuleCache.noindex/ptrauth-3U18GHAUPHFWD6G9NVBKFNCP4.pcm

SwiftExplicitDependencyGeneratePcm x86_64 /tmp/solosoul-fe2-ios-visual-offset-ui-20261008/DerivedData/ModuleCache.noindex/_AvailabilityInternal-EYXSVMNZETT88HTQ6E3WBPADT.pcm

SwiftExplicitDependencyGeneratePcm x86_64 /tmp/solosoul-fe2-ios-visual-offset-ui-20261008/DerivedData/ModuleCache.noindex/_Builtin_stdarg-1HSOHTTR0B2Z8T9P14J3BTXSC.pcm

SwiftExplicitDependencyGeneratePcm x86_64 /tmp/solosoul-fe2-ios-visual-offset-ui-20261008/DerivedData/ModuleCache.noindex/_SwiftConcurrencyShims-34U3U6WHNYYVJLMTGI8KMINNB.pcm

SwiftExplicitDependencyGeneratePcm x86_64 /tmp/solosoul-fe2-ios-visual-offset-ui-20261008/DerivedData/ModuleCache.noindex/_Builtin_stdbool-AV93BPIXA2RPJSONFTATLMIHB.pcm

SwiftExplicitDependencyGeneratePcm x86_64 /tmp/solosoul-fe2-ios-visual-offset-ui-20261008/DerivedData/ModuleCache.noindex/_Builtin_float-2HS6UXSHU9B3F83G0Y6H2PVZI.pcm

SwiftExplicitDependencyGeneratePcm arm64 /tmp/solosoul-fe2-ios-visual-offset-ui-20261008/DerivedData/ModuleCache.noindex/_SwiftConcurrencyShims-8I0TSY07D75JT7CZQ1Q9KMCGF.pcm

SwiftExplicitDependencyGeneratePcm arm64 /tmp/solosoul-fe2-ios-visual-offset-ui-20261008/DerivedData/ModuleCache.noindex/DeveloperToolsSupport-EIZDHCK913AF3PRQ38EXCIA1.pcm

SwiftExplicitDependencyGeneratePcm arm64 /tmp/solosoul-fe2-ios-visual-offset-ui-20261008/DerivedData/ModuleCache.noindex/_AvailabilityInternal-72UCQ2JS0LJYTYSEI8BQRVL72.pcm

SwiftExplicitDependencyGeneratePcm arm64 /tmp/solosoul-fe2-ios-visual-offset-ui-20261008/DerivedData/ModuleCache.noindex/_Builtin_stdbool-16FBVJIS6DNCVWE0GER8XTJ1V.pcm

SwiftExplicitDependencyGeneratePcm x86_64 /tmp/solosoul-fe2-ios-visual-offset-ui-20261008/DerivedData/ModuleCache.noindex/SwiftShims-90L2NA66RZ3GXDWF5LSYHXHLG.pcm

SwiftExplicitDependencyGeneratePcm arm64 /tmp/solosoul-fe2-ios-visual-offset-ui-20261008/DerivedData/ModuleCache.noindex/_Builtin_stdarg-160F9UWCL5IPVP1LVYM1HXLA1.pcm

SwiftExplicitDependencyGeneratePcm arm64 /tmp/solosoul-fe2-ios-visual-offset-ui-20261008/DerivedData/ModuleCache.noindex/ptrauth-3VV17OTWHQW2H7V2VK3270I17.pcm

SwiftExplicitDependencyGeneratePcm arm64 /tmp/solosoul-fe2-ios-visual-offset-ui-20261008/DerivedData/ModuleCache.noindex/ptrcheck-AANG2Y9JZQUH69V4EBN2ET9I7.pcm

SwiftExplicitDependencyGeneratePcm arm64 /tmp/solosoul-fe2-ios-visual-offset-ui-20261008/DerivedData/ModuleCache.noindex/SwiftShims-EJXLT7O4BD8I38E6HQVRIDOAJ.pcm

SwiftExplicitDependencyGeneratePcm arm64 /tmp/solosoul-fe2-ios-visual-offset-ui-20261008/DerivedData/ModuleCache.noindex/_Builtin_stddef-3J59W9HWCWNSYGZ0Z17IYEKU7.pcm

SwiftExplicitDependencyGeneratePcm x86_64 /tmp/solosoul-fe2-ios-visual-offset-ui-20261008/DerivedData/ModuleCache.noindex/_DarwinFoundation1-461I652E7K7WUOU9240K6GL9F.pcm

SwiftExplicitDependencyGeneratePcm arm64 /tmp/solosoul-fe2-ios-visual-offset-ui-20261008/DerivedData/ModuleCache.noindex/_Builtin_float-CG94J79NLE0B5Q2KUDHS4QFZA.pcm

SwiftExplicitDependencyGeneratePcm arm64 /tmp/solosoul-fe2-ios-visual-offset-ui-20261008/DerivedData/ModuleCache.noindex/_DarwinFoundation1-94EDD4KBYUQPHTWADDYEMX605.pcm

SwiftExplicitDependencyGeneratePcm x86_64 /tmp/solosoul-fe2-ios-visual-offset-ui-20261008/DerivedData/ModuleCache.noindex/_Builtin_limits-8FVV0BOBVILJT7QJ676JE0183.pcm

SwiftExplicitDependencyGeneratePcm x86_64 /tmp/solosoul-fe2-ios-visual-offset-ui-20261008/DerivedData/ModuleCache.noindex/_DarwinFoundation2-B72EY6Q7X2KNW2YHAV5SM1OBC.pcm

SwiftExplicitDependencyGeneratePcm arm64 /tmp/solosoul-fe2-ios-visual-offset-ui-20261008/DerivedData/ModuleCache.noindex/_DarwinFoundation2-C2PA887HGDBQX3BPLS78XPW90.pcm

SwiftExplicitDependencyGeneratePcm arm64 /tmp/solosoul-fe2-ios-visual-offset-ui-20261008/DerivedData/ModuleCache.noindex/_Builtin_limits-DRUNFML1I1WREBQCAIAFF3YD2.pcm

SwiftExplicitDependencyGeneratePcm x86_64 /tmp/solosoul-fe2-ios-visual-offset-ui-20261008/DerivedData/ModuleCache.noindex/_Builtin_stdint-BUMUZZ0DKYDWQNWUACWOPW90W.pcm

SwiftExplicitDependencyGeneratePcm x86_64 /tmp/solosoul-fe2-ios-visual-offset-ui-20261008/DerivedData/ModuleCache.noindex/sys_types-CUO9I25626NO9ZKJDUFKDJ5DQ.pcm

SwiftExplicitDependencyGeneratePcm arm64 /tmp/solosoul-fe2-ios-visual-offset-ui-20261008/DerivedData/ModuleCache.noindex/sys_types-7XP1KGW92K5HWQHHTA58PVR0N.pcm

SwiftExplicitDependencyGeneratePcm arm64 /tmp/solosoul-fe2-ios-visual-offset-ui-20261008/DerivedData/ModuleCache.noindex/_Builtin_stdint-785Y4XS6HCYURZXU7J10GB1QS.pcm

SwiftExplicitDependencyGeneratePcm x86_64 /tmp/solosoul-fe2-ios-visual-offset-ui-20261008/DerivedData/ModuleCache.noindex/_DarwinFoundation3-8QM09RIOKNWHACXDKJKECZOBZ.pcm

SwiftExplicitDependencyGeneratePcm x86_64 /tmp/solosoul-fe2-ios-visual-offset-ui-20261008/DerivedData/ModuleCache.noindex/_Builtin_stdatomic-22F33F5K7LIVICFUKYF84ALXJ.pcm

SwiftExplicitDependencyGeneratePcm arm64 /tmp/solosoul-fe2-ios-visual-offset-ui-20261008/DerivedData/ModuleCache.noindex/_Builtin_stdatomic-B4ZL7B65O8JKHTMMNLH4RBLD.pcm

SwiftExplicitDependencyGeneratePcm arm64 /tmp/solosoul-fe2-ios-visual-offset-ui-20261008/DerivedData/ModuleCache.noindex/_DarwinFoundation3-DWSBQ5Y9MGGQTC9MHYMJZTHON.pcm

SwiftExplicitDependencyGeneratePcm x86_64 /tmp/solosoul-fe2-ios-visual-offset-ui-20261008/DerivedData/ModuleCache.noindex/_Builtin_inttypes-CPL4SP17LJ3CM4XH4OXIKD03G.pcm

SwiftExplicitDependencyGeneratePcm x86_64 /tmp/solosoul-fe2-ios-visual-offset-ui-20261008/DerivedData/ModuleCache.noindex/Darwin-5GH89DZTW9Z1ESH5PPY8WEELE.pcm

SwiftExplicitDependencyGeneratePcm arm64 /tmp/solosoul-fe2-ios-visual-offset-ui-20261008/DerivedData/ModuleCache.noindex/_Builtin_inttypes-CB2HTUK7OHL8CFJR02W3L7QTL.pcm

SwiftExplicitDependencyGeneratePcm arm64 /tmp/solosoul-fe2-ios-visual-offset-ui-20261008/DerivedData/ModuleCache.noindex/Darwin-7GHYDKDZKKV5P09OHEIH135ZO.pcm

SwiftExplicitDependencyGeneratePcm x86_64 /tmp/solosoul-fe2-ios-visual-offset-ui-20261008/DerivedData/ModuleCache.noindex/ObjectiveC-12MIJISUTN35V3GBWD36E60MU.pcm

SwiftExplicitDependencyGeneratePcm x86_64 /tmp/solosoul-fe2-ios-visual-offset-ui-20261008/DerivedData/ModuleCache.noindex/MachO-AJ3V2X2P9PY8D70EKIR2VUKPY.pcm

SwiftExplicitDependencyGeneratePcm arm64 /tmp/solosoul-fe2-ios-visual-offset-ui-20261008/DerivedData/ModuleCache.noindex/ObjectiveC-21SZRFNPTKWKC215ZK613Q6NA.pcm

SwiftExplicitDependencyGeneratePcm arm64 /tmp/solosoul-fe2-ios-visual-offset-ui-20261008/DerivedData/ModuleCache.noindex/MachO-7X74Y5HX6GYCKFRY68T0MHBU1.pcm

SwiftExplicitDependencyGeneratePcm x86_64 /tmp/solosoul-fe2-ios-visual-offset-ui-20261008/DerivedData/ModuleCache.noindex/os_object-8IIYCOZ9L72M4VFBM0OWAL1MU.pcm

SwiftExplicitDependencyGeneratePcm arm64 /tmp/solosoul-fe2-ios-visual-offset-ui-20261008/DerivedData/ModuleCache.noindex/os_object-3J2J67LLD1EI0AMYYPRCF8NOG.pcm

SwiftExplicitDependencyGeneratePcm x86_64 /tmp/solosoul-fe2-ios-visual-offset-ui-20261008/DerivedData/ModuleCache.noindex/os_workgroup-D7OAPHL6MW49K5V95FKWYXUWG.pcm

SwiftExplicitDependencyGeneratePcm arm64 /tmp/solosoul-fe2-ios-visual-offset-ui-20261008/DerivedData/ModuleCache.noindex/os_workgroup-9NO1CD2O720BHE0E6N4EXPYIQ.pcm

SwiftExplicitDependencyGeneratePcm x86_64 /tmp/solosoul-fe2-ios-visual-offset-ui-20261008/DerivedData/ModuleCache.noindex/Dispatch-1DXB3IZ4VWQOVYMP57MARX6O5.pcm

SwiftExplicitDependencyGeneratePcm arm64 /tmp/solosoul-fe2-ios-visual-offset-ui-20261008/DerivedData/ModuleCache.noindex/Dispatch-4K31S252L5U17Y22D9GE1QZ3C.pcm

SwiftExplicitDependencyGeneratePcm x86_64 /tmp/solosoul-fe2-ios-visual-offset-ui-20261008/DerivedData/ModuleCache.noindex/XPC-4C4QSQ36LFNUHF9NE7AY43VBV.pcm

SwiftExplicitDependencyGeneratePcm x86_64 /tmp/solosoul-fe2-ios-visual-offset-ui-20261008/DerivedData/ModuleCache.noindex/CoreFoundation-C334G6QVKR84AVQVJMH1AY4E3.pcm

SwiftExplicitDependencyGeneratePcm arm64 /tmp/solosoul-fe2-ios-visual-offset-ui-20261008/DerivedData/ModuleCache.noindex/XPC-ALMNF8X86EKZEGM3PR2JQHH6T.pcm

SwiftExplicitDependencyGeneratePcm arm64 /tmp/solosoul-fe2-ios-visual-offset-ui-20261008/DerivedData/ModuleCache.noindex/CoreFoundation-1PRLKC2X70Q61DN87CDRXWB9W.pcm

SwiftExplicitDependencyGeneratePcm x86_64 /tmp/solosoul-fe2-ios-visual-offset-ui-20261008/DerivedData/ModuleCache.noindex/os-2Y08GZOTS7Z0FVT6IY4XQ3QLM.pcm

SwiftExplicitDependencyGeneratePcm x86_64 /tmp/solosoul-fe2-ios-visual-offset-ui-20261008/DerivedData/ModuleCache.noindex/CoreGraphics-ER1VYQ0KM2SIAMQ5EFM2Z04MX.pcm

SwiftExplicitDependencyGeneratePcm x86_64 /tmp/solosoul-fe2-ios-visual-offset-ui-20261008/DerivedData/ModuleCache.noindex/CFNetwork-5QCODH94D78X47DF5MYDTA6SH.pcm

SwiftExplicitDependencyGeneratePcm x86_64 /tmp/solosoul-fe2-ios-visual-offset-ui-20261008/DerivedData/ModuleCache.noindex/Security-4E54CJMD7XST9DCKTSCLL5O0C.pcm

SwiftExplicitDependencyGeneratePcm arm64 /tmp/solosoul-fe2-ios-visual-offset-ui-20261008/DerivedData/ModuleCache.noindex/os-DSBPWUBNNDPC5KO5DP604VAON.pcm

SwiftExplicitDependencyGeneratePcm arm64 /tmp/solosoul-fe2-ios-visual-offset-ui-20261008/DerivedData/ModuleCache.noindex/Security-90Y8EAQR4P09IM3ZHQFEBGWL.pcm

SwiftExplicitDependencyGeneratePcm arm64 /tmp/solosoul-fe2-ios-visual-offset-ui-20261008/DerivedData/ModuleCache.noindex/CoreGraphics-A22FD37E5X0H2C3A7G5MPIYKF.pcm

SwiftExplicitDependencyGeneratePcm arm64 /tmp/solosoul-fe2-ios-visual-offset-ui-20261008/DerivedData/ModuleCache.noindex/CFNetwork-2GL3GQAE1KSBQBUO41AHEX7GL.pcm

SwiftExplicitDependencyGeneratePcm x86_64 /tmp/solosoul-fe2-ios-visual-offset-ui-20261008/DerivedData/ModuleCache.noindex/Foundation-8CMP3CTLB1UH9TKAN4M41T5V1.pcm

SwiftExplicitDependencyGeneratePcm x86_64 /tmp/solosoul-fe2-ios-visual-offset-ui-20261008/DerivedData/ModuleCache.noindex/ImageIO-397KLM2XHD4DZKZ27KSRVA635.pcm

SwiftExplicitDependencyGeneratePcm x86_64 /tmp/solosoul-fe2-ios-visual-offset-ui-20261008/DerivedData/ModuleCache.noindex/CoreText-C05927AZFW3MNM6HVOKJS3JDI.pcm

SwiftExplicitDependencyGeneratePcm arm64 /tmp/solosoul-fe2-ios-visual-offset-ui-20261008/DerivedData/ModuleCache.noindex/Foundation-37QNLAK1NTUGVHAEL0E6OA103.pcm

SwiftExplicitDependencyGeneratePcm arm64 /tmp/solosoul-fe2-ios-visual-offset-ui-20261008/DerivedData/ModuleCache.noindex/CoreText-AEPFH6NWTY8AGS7TG64NQDPUF.pcm

SwiftExplicitDependencyGeneratePcm arm64 /tmp/solosoul-fe2-ios-visual-offset-ui-20261008/DerivedData/ModuleCache.noindex/ImageIO-1EFGS105VYMT6WQJEQVG84G9D.pcm

SwiftExplicitDependencyGeneratePcm x86_64 /tmp/solosoul-fe2-ios-visual-offset-ui-20261008/DerivedData/ModuleCache.noindex/UIUtilities-7OBQD6G92J37B0SDPZ4WV0Y0W.pcm

SwiftExplicitDependencyGeneratePcm x86_64 /tmp/solosoul-fe2-ios-visual-offset-ui-20261008/DerivedData/ModuleCache.noindex/UserNotifications-1I8NT3ZINJ461ATVS84HZQM5O.pcm

SwiftExplicitDependencyGeneratePcm x86_64 /tmp/solosoul-fe2-ios-visual-offset-ui-20261008/DerivedData/ModuleCache.noindex/FileProvider-B44QWLN34QF31AFSWCEJSD3DD.pcm

SwiftExplicitDependencyGeneratePcm x86_64 /tmp/solosoul-fe2-ios-visual-offset-ui-20261008/DerivedData/ModuleCache.noindex/CoreTransferable-3D4H2EFZ9AZBGJ781FYYXP8MI.pcm

SwiftExplicitDependencyGeneratePcm x86_64 /tmp/solosoul-fe2-ios-visual-offset-ui-20261008/DerivedData/ModuleCache.noindex/OSLog-2OMPOAML068A6RTHNHQKFY16R.pcm

SwiftExplicitDependencyGeneratePcm x86_64 /tmp/solosoul-fe2-ios-visual-offset-ui-20261008/DerivedData/ModuleCache.noindex/OpenGLES-C4MCSEVXGBHAYXYBBK3JWIECL.pcm

SwiftExplicitDependencyGeneratePcm x86_64 /tmp/solosoul-fe2-ios-visual-offset-ui-20261008/DerivedData/ModuleCache.noindex/Accessibility-3ECXCOL3OKLPDI66HC7F3DPKD.pcm

SwiftExplicitDependencyGeneratePcm x86_64 /tmp/solosoul-fe2-ios-visual-offset-ui-20261008/DerivedData/ModuleCache.noindex/DataDetection-7WKJC4N0S2YMOOY05T9TI32F8.pcm

SwiftExplicitDependencyGeneratePcm x86_64 /tmp/solosoul-fe2-ios-visual-offset-ui-20261008/DerivedData/ModuleCache.noindex/UniformTypeIdentifiers-AFEL7N6CNINNLLLQCO7AJ4A4N.pcm

SwiftExplicitDependencyGeneratePcm x86_64 /tmp/solosoul-fe2-ios-visual-offset-ui-20261008/DerivedData/ModuleCache.noindex/Symbols-DH8D14LZF0VN72YDRMFT1OV3B.pcm

SwiftExplicitDependencyGeneratePcm x86_64 /tmp/solosoul-fe2-ios-visual-offset-ui-20261008/DerivedData/ModuleCache.noindex/IOSurface-CKNMYFA9MV50HWFRT2ZZW6U1G.pcm

SwiftExplicitDependencyGeneratePcm arm64 /tmp/solosoul-fe2-ios-visual-offset-ui-20261008/DerivedData/ModuleCache.noindex/Symbols-6CC8K2OUJRY2ML9GXXKE8Y6DO.pcm

SwiftExplicitDependencyGeneratePcm arm64 /tmp/solosoul-fe2-ios-visual-offset-ui-20261008/DerivedData/ModuleCache.noindex/CoreTransferable-B3977T5P73YZM67ENS6WBYLS6.pcm

SwiftExplicitDependencyGeneratePcm arm64 /tmp/solosoul-fe2-ios-visual-offset-ui-20261008/DerivedData/ModuleCache.noindex/OSLog-79IDAVC76286CENG5Z4DCF117.pcm

SwiftExplicitDependencyGeneratePcm arm64 /tmp/solosoul-fe2-ios-visual-offset-ui-20261008/DerivedData/ModuleCache.noindex/OpenGLES-CHCOVD3GYN70QS5KMS0GNO7IE.pcm

SwiftExplicitDependencyGeneratePcm arm64 /tmp/solosoul-fe2-ios-visual-offset-ui-20261008/DerivedData/ModuleCache.noindex/UniformTypeIdentifiers-DCOJEKMPT6PAR2B40YSH99ZWP.pcm

SwiftExplicitDependencyGeneratePcm arm64 /tmp/solosoul-fe2-ios-visual-offset-ui-20261008/DerivedData/ModuleCache.noindex/UserNotifications-KFMYK2WXWQX5HB9582K6KKLR.pcm

SwiftExplicitDependencyGeneratePcm arm64 /tmp/solosoul-fe2-ios-visual-offset-ui-20261008/DerivedData/ModuleCache.noindex/Accessibility-BXH594SS6PCRYV2UFZX178VY7.pcm

SwiftExplicitDependencyGeneratePcm arm64 /tmp/solosoul-fe2-ios-visual-offset-ui-20261008/DerivedData/ModuleCache.noindex/IOSurface-CN4QOY0YS74F7YV90XK5XZEM1.pcm

SwiftExplicitDependencyGeneratePcm x86_64 /tmp/solosoul-fe2-ios-visual-offset-ui-20261008/DerivedData/ModuleCache.noindex/Metal-EMNWAQJ8EB9YZTJ4X6SP1IJ1Y.pcm

SwiftExplicitDependencyGeneratePcm arm64 /tmp/solosoul-fe2-ios-visual-offset-ui-20261008/DerivedData/ModuleCache.noindex/UIUtilities-66FGU3KR0Q2EOFTZIHAY6JO7W.pcm

SwiftExplicitDependencyGeneratePcm arm64 /tmp/solosoul-fe2-ios-visual-offset-ui-20261008/DerivedData/ModuleCache.noindex/FileProvider-8BTK4FIWI3B5CF3XBUYG4699N.pcm

SwiftExplicitDependencyGeneratePcm arm64 /tmp/solosoul-fe2-ios-visual-offset-ui-20261008/DerivedData/ModuleCache.noindex/DataDetection-D9C7A13IH4ZTQO5OX9UEZY8WY.pcm

SwiftExplicitDependencyGeneratePcm arm64 /tmp/solosoul-fe2-ios-visual-offset-ui-20261008/DerivedData/ModuleCache.noindex/Metal-2DHXCUETRSJLVL2W8H1Z9VRTQ.pcm

SwiftExplicitDependencyGeneratePcm x86_64 /tmp/solosoul-fe2-ios-visual-offset-ui-20261008/DerivedData/ModuleCache.noindex/CoreVideo-A8H7V3V9P9IEP1ESP81QB4KWT.pcm

SwiftExplicitDependencyGeneratePcm arm64 /tmp/solosoul-fe2-ios-visual-offset-ui-20261008/DerivedData/ModuleCache.noindex/CoreVideo-43UD04O4WHG3QXEWHMW9BU96V.pcm

SwiftExplicitDependencyGeneratePcm x86_64 /tmp/solosoul-fe2-ios-visual-offset-ui-20261008/DerivedData/ModuleCache.noindex/QuartzCore-ECPU93SWA4PDI7Q1QYT75D2QF.pcm

SwiftExplicitDependencyGeneratePcm x86_64 /tmp/solosoul-fe2-ios-visual-offset-ui-20261008/DerivedData/ModuleCache.noindex/CoreImage-8DQCNMQU7HE3YA3WH9AUX5B52.pcm

SwiftExplicitDependencyGeneratePcm arm64 /tmp/solosoul-fe2-ios-visual-offset-ui-20261008/DerivedData/ModuleCache.noindex/CoreImage-CTPZK0WH3ZNOWJG447NAE5F4I.pcm

SwiftExplicitDependencyGeneratePcm arm64 /tmp/solosoul-fe2-ios-visual-offset-ui-20261008/DerivedData/ModuleCache.noindex/QuartzCore-9XPMKLSJNG0QHX22NZOA2NRNA.pcm

SwiftExplicitDependencyGeneratePcm x86_64 /tmp/solosoul-fe2-ios-visual-offset-ui-20261008/DerivedData/ModuleCache.noindex/SwiftUICore-1PD59TV2KQQWTF1E10VGTZTF7.pcm

SwiftExplicitDependencyGeneratePcm x86_64 /tmp/solosoul-fe2-ios-visual-offset-ui-20261008/DerivedData/ModuleCache.noindex/UIKit-BQGOERQK6C6GH7CWVH8LWILCI.pcm

SwiftExplicitDependencyGeneratePcm arm64 /tmp/solosoul-fe2-ios-visual-offset-ui-20261008/DerivedData/ModuleCache.noindex/SwiftUICore-3KNGXIVF7B248X6EFF0BIJ3CG.pcm

SwiftExplicitDependencyGeneratePcm arm64 /tmp/solosoul-fe2-ios-visual-offset-ui-20261008/DerivedData/ModuleCache.noindex/UIKit-8MMEFQZUZF5A7HCG5URWDFUJ3.pcm

SwiftCompile normal x86_64 Compiling\ App.swift /tmp/solosoul-fe2-ios-visual-offset-ui-20261008/Host/App.swift (in target 'ProbeHost' from project 'SoloSoulFE2UIProbe')
SwiftCompile normal x86_64 /tmp/solosoul-fe2-ios-visual-offset-ui-20261008/Host/App.swift (in target 'ProbeHost' from project 'SoloSoulFE2UIProbe')
    cd /tmp/solosoul-fe2-ios-visual-offset-ui-20261008
    

SwiftEmitModule normal x86_64 Emitting\ module\ for\ ProbeHost (in target 'ProbeHost' from project 'SoloSoulFE2UIProbe')

SwiftCompile normal x86_64 /tmp/solosoul-fe2-ios-visual-offset-ui-20261008/Host/App.swift (in target 'ProbeHost' from project 'SoloSoulFE2UIProbe')
    cd /tmp/solosoul-fe2-ios-visual-offset-ui-20261008
    

SwiftEmitModule normal arm64 Emitting\ module\ for\ ProbeHost (in target 'ProbeHost' from project 'SoloSoulFE2UIProbe')

SwiftCompile normal arm64 /tmp/solosoul-fe2-ios-visual-offset-ui-20261008/Host/App.swift (in target 'ProbeHost' from project 'SoloSoulFE2UIProbe')
    cd /tmp/solosoul-fe2-ios-visual-offset-ui-20261008
    

SwiftCompile normal arm64 Compiling\ App.swift /tmp/solosoul-fe2-ios-visual-offset-ui-20261008/Host/App.swift (in target 'ProbeHost' from project 'SoloSoulFE2UIProbe')

SwiftCompile normal arm64 /tmp/solosoul-fe2-ios-visual-offset-ui-20261008/Host/App.swift (in target 'ProbeHost' from project 'SoloSoulFE2UIProbe')
    cd /tmp/solosoul-fe2-ios-visual-offset-ui-20261008
    

SwiftDriverJobDiscovery normal x86_64 Emitting module for ProbeHost (in target 'ProbeHost' from project 'SoloSoulFE2UIProbe')

SwiftDriver\ Compilation\ Requirements ProbeHost normal x86_64 com.apple.xcode.tools.swift.compiler (in target 'ProbeHost' from project 'SoloSoulFE2UIProbe')
    cd /tmp/solosoul-fe2-ios-visual-offset-ui-20261008
    builtin-Swift-Compilation-Requirements -- /Applications/Xcode.app/Contents/Developer/Toolchains/XcodeDefault.xctoolchain/usr/bin/swiftc -module-name ProbeHost -Onone -enforce-exclusivity\=checked @/tmp/solosoul-fe2-ios-visual-offset-ui-20261008/DerivedData/Build/Intermediates.noindex/SoloSoulFE2UIProbe.build/Debug-iphonesimulator/ProbeHost.build/Objects-normal/x86_64/ProbeHost.SwiftFileList -DDEBUG -enable-bare-slash-regex -enable-experimental-feature DebugDescriptionMacro -sdk /Applications/Xcode.app/Contents/Developer/Platforms/iPhoneSimulator.platform/Developer/SDKs/iPhoneSimulator26.2.sdk -target x86_64-apple-ios14.0-simulator -g -module-cache-path /tmp/solosoul-fe2-ios-visual-offset-ui-20261008/DerivedData/ModuleCache.noindex -Xfrontend -serialize-debugging-options -enable-testing -index-store-path /tmp/solosoul-fe2-ios-visual-offset-ui-20261008/DerivedData/Index.noindex/DataStore -Xcc -D_LIBCPP_HARDENING_MODE\=_LIBCPP_HARDENING_MODE_DEBUG -swift-version 5 -I /tmp/solosoul-fe2-ios-visual-offset-ui-20261008/DerivedData/Build/Products/Debug-iphonesimulator -F /tmp/solosoul-fe2-ios-visual-offset-ui-20261008/DerivedData/Build/Products/Debug-iphonesimulator -parse-as-library -c -j8 -enable-batch-mode -incremental -Xcc -ivfsstatcache -Xcc /tmp/solosoul-fe2-ios-visual-offset-ui-20261008/DerivedData/SDKStatCaches.noindex/iphonesimulator26.2-23C57-7d00a8b37fbd7999ea79df8ebc024bf0.sdkstatcache -output-file-map /tmp/solosoul-fe2-ios-visual-offset-ui-20261008/DerivedData/Build/Intermediates.noindex/SoloSoulFE2UIProbe.build/Debug-iphonesimulator/ProbeHost.build/Objects-normal/x86_64/ProbeHost-OutputFileMap.json -use-frontend-parseable-output -save-temps -no-color-diagnostics -explicit-module-build -module-cache-path /tmp/solosoul-fe2-ios-visual-offset-ui-20261008/DerivedData/Build/Intermediates.noindex/SwiftExplicitPrecompiledModules -clang-scanner-module-cache-path /tmp/solosoul-fe2-ios-visual-offset-ui-20261008/DerivedData/ModuleCache.noindex -sdk-module-cache-path /tmp/solosoul-fe2-ios-visual-offset-ui-20261008/DerivedData/ModuleCache.noindex -serialize-diagnostics -emit-dependencies -emit-module -emit-module-path /tmp/solosoul-fe2-ios-visual-offset-ui-20261008/DerivedData/Build/Intermediates.noindex/SoloSoulFE2UIProbe.build/Debug-iphonesimulator/ProbeHost.build/Objects-normal/x86_64/ProbeHost.swiftmodule -validate-clang-modules-once -clang-build-session-file /tmp/solosoul-fe2-ios-visual-offset-ui-20261008/DerivedData/ModuleCache.noindex/Session.modulevalidation -Xcc -I/tmp/solosoul-fe2-ios-visual-offset-ui-20261008/DerivedData/Build/Intermediates.noindex/SoloSoulFE2UIProbe.build/Debug-iphonesimulator/ProbeHost.build/swift-overrides.hmap -emit-const-values -Xfrontend -const-gather-protocols-file -Xfrontend /tmp/solosoul-fe2-ios-visual-offset-ui-20261008/DerivedData/Build/Intermediates.noindex/SoloSoulFE2UIProbe.build/Debug-iphonesimulator/ProbeHost.build/Objects-normal/x86_64/ProbeHost_const_extract_protocols.json -Xcc -iquote -Xcc /tmp/solosoul-fe2-ios-visual-offset-ui-20261008/DerivedData/Build/Intermediates.noindex/SoloSoulFE2UIProbe.build/Debug-iphonesimulator/ProbeHost.build/ProbeHost-generated-files.hmap -Xcc -I/tmp/solosoul-fe2-ios-visual-offset-ui-20261008/DerivedData/Build/Intermediates.noindex/SoloSoulFE2UIProbe.build/Debug-iphonesimulator/ProbeHost.build/ProbeHost-own-target-headers.hmap -Xcc -I/tmp/solosoul-fe2-ios-visual-offset-ui-20261008/DerivedData/Build/Intermediates.noindex/SoloSoulFE2UIProbe.build/Debug-iphonesimulator/ProbeHost.build/ProbeHost-all-target-headers.hmap -Xcc -iquote -Xcc /tmp/solosoul-fe2-ios-visual-offset-ui-20261008/DerivedData/Build/Intermediates.noindex/SoloSoulFE2UIProbe.build/Debug-iphonesimulator/ProbeHost.build/ProbeHost-project-headers.hmap -Xcc -I/tmp/solosoul-fe2-ios-visual-offset-ui-20261008/DerivedData/Build/Products/Debug-iphonesimulator/include -Xcc -I/tmp/solosoul-fe2-ios-visual-offset-ui-20261008/DerivedData/Build/Intermediates.noindex/SoloSoulFE2UIProbe.build/Debug-iphonesimulator/ProbeHost.build/DerivedSources-normal/x86_64 -Xcc -I/tmp/solosoul-fe2-ios-visual-offset-ui-20261008/DerivedData/Build/Intermediates.noindex/SoloSoulFE2UIProbe.build/Debug-iphonesimulator/ProbeHost.build/DerivedSources/x86_64 -Xcc -I/tmp/solosoul-fe2-ios-visual-offset-ui-20261008/DerivedData/Build/Intermediates.noindex/SoloSoulFE2UIProbe.build/Debug-iphonesimulator/ProbeHost.build/DerivedSources -Xcc -DDEBUG\=1 -emit-objc-header -emit-objc-header-path /tmp/solosoul-fe2-ios-visual-offset-ui-20261008/DerivedData/Build/Intermediates.noindex/SoloSoulFE2UIProbe.build/Debug-iphonesimulator/ProbeHost.build/Objects-normal/x86_64/ProbeHost-Swift.h -working-directory /tmp/solosoul-fe2-ios-visual-offset-ui-20261008 -experimental-emit-module-separately -disable-cmo

Copy /tmp/solosoul-fe2-ios-visual-offset-ui-20261008/DerivedData/Build/Products/Debug-iphonesimulator/ProbeHost.swiftmodule/x86_64-apple-ios-simulator.abi.json /tmp/solosoul-fe2-ios-visual-offset-ui-20261008/DerivedData/Build/Intermediates.noindex/SoloSoulFE2UIProbe.build/Debug-iphonesimulator/ProbeHost.build/Objects-normal/x86_64/ProbeHost.abi.json (in target 'ProbeHost' from project 'SoloSoulFE2UIProbe')
    cd /tmp/solosoul-fe2-ios-visual-offset-ui-20261008
    builtin-copy -exclude .DS_Store -exclude CVS -exclude .svn -exclude .git -exclude .hg -resolve-src-symlinks -rename /tmp/solosoul-fe2-ios-visual-offset-ui-20261008/DerivedData/Build/Intermediates.noindex/SoloSoulFE2UIProbe.build/Debug-iphonesimulator/ProbeHost.build/Objects-normal/x86_64/ProbeHost.abi.json /tmp/solosoul-fe2-ios-visual-offset-ui-20261008/DerivedData/Build/Products/Debug-iphonesimulator/ProbeHost.swiftmodule/x86_64-apple-ios-simulator.abi.json

Copy /tmp/solosoul-fe2-ios-visual-offset-ui-20261008/DerivedData/Build/Products/Debug-iphonesimulator/ProbeHost.swiftmodule/x86_64-apple-ios-simulator.swiftmodule /tmp/solosoul-fe2-ios-visual-offset-ui-20261008/DerivedData/Build/Intermediates.noindex/SoloSoulFE2UIProbe.build/Debug-iphonesimulator/ProbeHost.build/Objects-normal/x86_64/ProbeHost.swiftmodule (in target 'ProbeHost' from project 'SoloSoulFE2UIProbe')
    cd /tmp/solosoul-fe2-ios-visual-offset-ui-20261008
    builtin-copy -exclude .DS_Store -exclude CVS -exclude .svn -exclude .git -exclude .hg -resolve-src-symlinks -rename /tmp/solosoul-fe2-ios-visual-offset-ui-20261008/DerivedData/Build/Intermediates.noindex/SoloSoulFE2UIProbe.build/Debug-iphonesimulator/ProbeHost.build/Objects-normal/x86_64/ProbeHost.swiftmodule /tmp/solosoul-fe2-ios-visual-offset-ui-20261008/DerivedData/Build/Products/Debug-iphonesimulator/ProbeHost.swiftmodule/x86_64-apple-ios-simulator.swiftmodule

Copy /tmp/solosoul-fe2-ios-visual-offset-ui-20261008/DerivedData/Build/Products/Debug-iphonesimulator/ProbeHost.swiftmodule/x86_64-apple-ios-simulator.swiftdoc /tmp/solosoul-fe2-ios-visual-offset-ui-20261008/DerivedData/Build/Intermediates.noindex/SoloSoulFE2UIProbe.build/Debug-iphonesimulator/ProbeHost.build/Objects-normal/x86_64/ProbeHost.swiftdoc (in target 'ProbeHost' from project 'SoloSoulFE2UIProbe')
    cd /tmp/solosoul-fe2-ios-visual-offset-ui-20261008
    builtin-copy -exclude .DS_Store -exclude CVS -exclude .svn -exclude .git -exclude .hg -resolve-src-symlinks -rename /tmp/solosoul-fe2-ios-visual-offset-ui-20261008/DerivedData/Build/Intermediates.noindex/SoloSoulFE2UIProbe.build/Debug-iphonesimulator/ProbeHost.build/Objects-normal/x86_64/ProbeHost.swiftdoc /tmp/solosoul-fe2-ios-visual-offset-ui-20261008/DerivedData/Build/Products/Debug-iphonesimulator/ProbeHost.swiftmodule/x86_64-apple-ios-simulator.swiftdoc

Copy /tmp/solosoul-fe2-ios-visual-offset-ui-20261008/DerivedData/Build/Products/Debug-iphonesimulator/ProbeHost.swiftmodule/Project/x86_64-apple-ios-simulator.swiftsourceinfo /tmp/solosoul-fe2-ios-visual-offset-ui-20261008/DerivedData/Build/Intermediates.noindex/SoloSoulFE2UIProbe.build/Debug-iphonesimulator/ProbeHost.build/Objects-normal/x86_64/ProbeHost.swiftsourceinfo (in target 'ProbeHost' from project 'SoloSoulFE2UIProbe')
    cd /tmp/solosoul-fe2-ios-visual-offset-ui-20261008
    builtin-copy -exclude .DS_Store -exclude CVS -exclude .svn -exclude .git -exclude .hg -resolve-src-symlinks -rename /tmp/solosoul-fe2-ios-visual-offset-ui-20261008/DerivedData/Build/Intermediates.noindex/SoloSoulFE2UIProbe.build/Debug-iphonesimulator/ProbeHost.build/Objects-normal/x86_64/ProbeHost.swiftsourceinfo /tmp/solosoul-fe2-ios-visual-offset-ui-20261008/DerivedData/Build/Products/Debug-iphonesimulator/ProbeHost.swiftmodule/Project/x86_64-apple-ios-simulator.swiftsourceinfo

SwiftDriverJobDiscovery normal arm64 Emitting module for ProbeHost (in target 'ProbeHost' from project 'SoloSoulFE2UIProbe')

SwiftDriver\ Compilation\ Requirements ProbeHost normal arm64 com.apple.xcode.tools.swift.compiler (in target 'ProbeHost' from project 'SoloSoulFE2UIProbe')
    cd /tmp/solosoul-fe2-ios-visual-offset-ui-20261008
    builtin-Swift-Compilation-Requirements -- /Applications/Xcode.app/Contents/Developer/Toolchains/XcodeDefault.xctoolchain/usr/bin/swiftc -module-name ProbeHost -Onone -enforce-exclusivity\=checked @/tmp/solosoul-fe2-ios-visual-offset-ui-20261008/DerivedData/Build/Intermediates.noindex/SoloSoulFE2UIProbe.build/Debug-iphonesimulator/ProbeHost.build/Objects-normal/arm64/ProbeHost.SwiftFileList -DDEBUG -enable-bare-slash-regex -enable-experimental-feature DebugDescriptionMacro -sdk /Applications/Xcode.app/Contents/Developer/Platforms/iPhoneSimulator.platform/Developer/SDKs/iPhoneSimulator26.2.sdk -target arm64-apple-ios14.0-simulator -g -module-cache-path /tmp/solosoul-fe2-ios-visual-offset-ui-20261008/DerivedData/ModuleCache.noindex -Xfrontend -serialize-debugging-options -enable-testing -index-store-path /tmp/solosoul-fe2-ios-visual-offset-ui-20261008/DerivedData/Index.noindex/DataStore -Xcc -D_LIBCPP_HARDENING_MODE\=_LIBCPP_HARDENING_MODE_DEBUG -swift-version 5 -I /tmp/solosoul-fe2-ios-visual-offset-ui-20261008/DerivedData/Build/Products/Debug-iphonesimulator -F /tmp/solosoul-fe2-ios-visual-offset-ui-20261008/DerivedData/Build/Products/Debug-iphonesimulator -parse-as-library -c -j8 -enable-batch-mode -incremental -Xcc -ivfsstatcache -Xcc /tmp/solosoul-fe2-ios-visual-offset-ui-20261008/DerivedData/SDKStatCaches.noindex/iphonesimulator26.2-23C57-7d00a8b37fbd7999ea79df8ebc024bf0.sdkstatcache -output-file-map /tmp/solosoul-fe2-ios-visual-offset-ui-20261008/DerivedData/Build/Intermediates.noindex/SoloSoulFE2UIProbe.build/Debug-iphonesimulator/ProbeHost.build/Objects-normal/arm64/ProbeHost-OutputFileMap.json -use-frontend-parseable-output -save-temps -no-color-diagnostics -explicit-module-build -module-cache-path /tmp/solosoul-fe2-ios-visual-offset-ui-20261008/DerivedData/Build/Intermediates.noindex/SwiftExplicitPrecompiledModules -clang-scanner-module-cache-path /tmp/solosoul-fe2-ios-visual-offset-ui-20261008/DerivedData/ModuleCache.noindex -sdk-module-cache-path /tmp/solosoul-fe2-ios-visual-offset-ui-20261008/DerivedData/ModuleCache.noindex -serialize-diagnostics -emit-dependencies -emit-module -emit-module-path /tmp/solosoul-fe2-ios-visual-offset-ui-20261008/DerivedData/Build/Intermediates.noindex/SoloSoulFE2UIProbe.build/Debug-iphonesimulator/ProbeHost.build/Objects-normal/arm64/ProbeHost.swiftmodule -validate-clang-modules-once -clang-build-session-file /tmp/solosoul-fe2-ios-visual-offset-ui-20261008/DerivedData/ModuleCache.noindex/Session.modulevalidation -Xcc -I/tmp/solosoul-fe2-ios-visual-offset-ui-20261008/DerivedData/Build/Intermediates.noindex/SoloSoulFE2UIProbe.build/Debug-iphonesimulator/ProbeHost.build/swift-overrides.hmap -emit-const-values -Xfrontend -const-gather-protocols-file -Xfrontend /tmp/solosoul-fe2-ios-visual-offset-ui-20261008/DerivedData/Build/Intermediates.noindex/SoloSoulFE2UIProbe.build/Debug-iphonesimulator/ProbeHost.build/Objects-normal/arm64/ProbeHost_const_extract_protocols.json -Xcc -iquote -Xcc /tmp/solosoul-fe2-ios-visual-offset-ui-20261008/DerivedData/Build/Intermediates.noindex/SoloSoulFE2UIProbe.build/Debug-iphonesimulator/ProbeHost.build/ProbeHost-generated-files.hmap -Xcc -I/tmp/solosoul-fe2-ios-visual-offset-ui-20261008/DerivedData/Build/Intermediates.noindex/SoloSoulFE2UIProbe.build/Debug-iphonesimulator/ProbeHost.build/ProbeHost-own-target-headers.hmap -Xcc -I/tmp/solosoul-fe2-ios-visual-offset-ui-20261008/DerivedData/Build/Intermediates.noindex/SoloSoulFE2UIProbe.build/Debug-iphonesimulator/ProbeHost.build/ProbeHost-all-target-headers.hmap -Xcc -iquote -Xcc /tmp/solosoul-fe2-ios-visual-offset-ui-20261008/DerivedData/Build/Intermediates.noindex/SoloSoulFE2UIProbe.build/Debug-iphonesimulator/ProbeHost.build/ProbeHost-project-headers.hmap -Xcc -I/tmp/solosoul-fe2-ios-visual-offset-ui-20261008/DerivedData/Build/Products/Debug-iphonesimulator/include -Xcc -I/tmp/solosoul-fe2-ios-visual-offset-ui-20261008/DerivedData/Build/Intermediates.noindex/SoloSoulFE2UIProbe.build/Debug-iphonesimulator/ProbeHost.build/DerivedSources-normal/arm64 -Xcc -I/tmp/solosoul-fe2-ios-visual-offset-ui-20261008/DerivedData/Build/Intermediates.noindex/SoloSoulFE2UIProbe.build/Debug-iphonesimulator/ProbeHost.build/DerivedSources/arm64 -Xcc -I/tmp/solosoul-fe2-ios-visual-offset-ui-20261008/DerivedData/Build/Intermediates.noindex/SoloSoulFE2UIProbe.build/Debug-iphonesimulator/ProbeHost.build/DerivedSources -Xcc -DDEBUG\=1 -emit-objc-header -emit-objc-header-path /tmp/solosoul-fe2-ios-visual-offset-ui-20261008/DerivedData/Build/Intermediates.noindex/SoloSoulFE2UIProbe.build/Debug-iphonesimulator/ProbeHost.build/Objects-normal/arm64/ProbeHost-Swift.h -working-directory /tmp/solosoul-fe2-ios-visual-offset-ui-20261008 -experimental-emit-module-separately -disable-cmo

Copy /tmp/solosoul-fe2-ios-visual-offset-ui-20261008/DerivedData/Build/Products/Debug-iphonesimulator/ProbeHost.swiftmodule/arm64-apple-ios-simulator.swiftdoc /tmp/solosoul-fe2-ios-visual-offset-ui-20261008/DerivedData/Build/Intermediates.noindex/SoloSoulFE2UIProbe.build/Debug-iphonesimulator/ProbeHost.build/Objects-normal/arm64/ProbeHost.swiftdoc (in target 'ProbeHost' from project 'SoloSoulFE2UIProbe')
    cd /tmp/solosoul-fe2-ios-visual-offset-ui-20261008
    builtin-copy -exclude .DS_Store -exclude CVS -exclude .svn -exclude .git -exclude .hg -resolve-src-symlinks -rename /tmp/solosoul-fe2-ios-visual-offset-ui-20261008/DerivedData/Build/Intermediates.noindex/SoloSoulFE2UIProbe.build/Debug-iphonesimulator/ProbeHost.build/Objects-normal/arm64/ProbeHost.swiftdoc /tmp/solosoul-fe2-ios-visual-offset-ui-20261008/DerivedData/Build/Products/Debug-iphonesimulator/ProbeHost.swiftmodule/arm64-apple-ios-simulator.swiftdoc

Copy /tmp/solosoul-fe2-ios-visual-offset-ui-20261008/DerivedData/Build/Products/Debug-iphonesimulator/ProbeHost.swiftmodule/Project/arm64-apple-ios-simulator.swiftsourceinfo /tmp/solosoul-fe2-ios-visual-offset-ui-20261008/DerivedData/Build/Intermediates.noindex/SoloSoulFE2UIProbe.build/Debug-iphonesimulator/ProbeHost.build/Objects-normal/arm64/ProbeHost.swiftsourceinfo (in target 'ProbeHost' from project 'SoloSoulFE2UIProbe')
    cd /tmp/solosoul-fe2-ios-visual-offset-ui-20261008
    builtin-copy -exclude .DS_Store -exclude CVS -exclude .svn -exclude .git -exclude .hg -resolve-src-symlinks -rename /tmp/solosoul-fe2-ios-visual-offset-ui-20261008/DerivedData/Build/Intermediates.noindex/SoloSoulFE2UIProbe.build/Debug-iphonesimulator/ProbeHost.build/Objects-normal/arm64/ProbeHost.swiftsourceinfo /tmp/solosoul-fe2-ios-visual-offset-ui-20261008/DerivedData/Build/Products/Debug-iphonesimulator/ProbeHost.swiftmodule/Project/arm64-apple-ios-simulator.swiftsourceinfo

SwiftMergeGeneratedHeaders /tmp/solosoul-fe2-ios-visual-offset-ui-20261008/DerivedData/Build/Intermediates.noindex/SoloSoulFE2UIProbe.build/Debug-iphonesimulator/ProbeHost.build/DerivedSources/ProbeHost-Swift.h /tmp/solosoul-fe2-ios-visual-offset-ui-20261008/DerivedData/Build/Intermediates.noindex/SoloSoulFE2UIProbe.build/Debug-iphonesimulator/ProbeHost.build/Objects-normal/arm64/ProbeHost-Swift.h /tmp/solosoul-fe2-ios-visual-offset-ui-20261008/DerivedData/Build/Intermediates.noindex/SoloSoulFE2UIProbe.build/Debug-iphonesimulator/ProbeHost.build/Objects-normal/x86_64/ProbeHost-Swift.h (in target 'ProbeHost' from project 'SoloSoulFE2UIProbe')
    cd /tmp/solosoul-fe2-ios-visual-offset-ui-20261008
    builtin-swiftHeaderTool -arch arm64 /tmp/solosoul-fe2-ios-visual-offset-ui-20261008/DerivedData/Build/Intermediates.noindex/SoloSoulFE2UIProbe.build/Debug-iphonesimulator/ProbeHost.build/Objects-normal/arm64/ProbeHost-Swift.h -arch x86_64 /tmp/solosoul-fe2-ios-visual-offset-ui-20261008/DerivedData/Build/Intermediates.noindex/SoloSoulFE2UIProbe.build/Debug-iphonesimulator/ProbeHost.build/Objects-normal/x86_64/ProbeHost-Swift.h -o /tmp/solosoul-fe2-ios-visual-offset-ui-20261008/DerivedData/Build/Intermediates.noindex/SoloSoulFE2UIProbe.build/Debug-iphonesimulator/ProbeHost.build/DerivedSources/ProbeHost-Swift.h

Copy /tmp/solosoul-fe2-ios-visual-offset-ui-20261008/DerivedData/Build/Products/Debug-iphonesimulator/ProbeHost.swiftmodule/arm64-apple-ios-simulator.swiftmodule /tmp/solosoul-fe2-ios-visual-offset-ui-20261008/DerivedData/Build/Intermediates.noindex/SoloSoulFE2UIProbe.build/Debug-iphonesimulator/ProbeHost.build/Objects-normal/arm64/ProbeHost.swiftmodule (in target 'ProbeHost' from project 'SoloSoulFE2UIProbe')
    cd /tmp/solosoul-fe2-ios-visual-offset-ui-20261008
    builtin-copy -exclude .DS_Store -exclude CVS -exclude .svn -exclude .git -exclude .hg -resolve-src-symlinks -rename /tmp/solosoul-fe2-ios-visual-offset-ui-20261008/DerivedData/Build/Intermediates.noindex/SoloSoulFE2UIProbe.build/Debug-iphonesimulator/ProbeHost.build/Objects-normal/arm64/ProbeHost.swiftmodule /tmp/solosoul-fe2-ios-visual-offset-ui-20261008/DerivedData/Build/Products/Debug-iphonesimulator/ProbeHost.swiftmodule/arm64-apple-ios-simulator.swiftmodule

Copy /tmp/solosoul-fe2-ios-visual-offset-ui-20261008/DerivedData/Build/Products/Debug-iphonesimulator/ProbeHost.swiftmodule/arm64-apple-ios-simulator.abi.json /tmp/solosoul-fe2-ios-visual-offset-ui-20261008/DerivedData/Build/Intermediates.noindex/SoloSoulFE2UIProbe.build/Debug-iphonesimulator/ProbeHost.build/Objects-normal/arm64/ProbeHost.abi.json (in target 'ProbeHost' from project 'SoloSoulFE2UIProbe')
    cd /tmp/solosoul-fe2-ios-visual-offset-ui-20261008
    builtin-copy -exclude .DS_Store -exclude CVS -exclude .svn -exclude .git -exclude .hg -resolve-src-symlinks -rename /tmp/solosoul-fe2-ios-visual-offset-ui-20261008/DerivedData/Build/Intermediates.noindex/SoloSoulFE2UIProbe.build/Debug-iphonesimulator/ProbeHost.build/Objects-normal/arm64/ProbeHost.abi.json /tmp/solosoul-fe2-ios-visual-offset-ui-20261008/DerivedData/Build/Products/Debug-iphonesimulator/ProbeHost.swiftmodule/arm64-apple-ios-simulator.abi.json

SwiftDriver ProbeTests normal arm64 com.apple.xcode.tools.swift.compiler (in target 'ProbeTests' from project 'SoloSoulFE2UIProbe')
    cd /tmp/solosoul-fe2-ios-visual-offset-ui-20261008
    builtin-SwiftDriver -- /Applications/Xcode.app/Contents/Developer/Toolchains/XcodeDefault.xctoolchain/usr/bin/swiftc -module-name ProbeTests -Onone -enforce-exclusivity\=checked @/tmp/solosoul-fe2-ios-visual-offset-ui-20261008/DerivedData/Build/Intermediates.noindex/SoloSoulFE2UIProbe.build/Debug-iphonesimulator/ProbeTests.build/Objects-normal/arm64/ProbeTests.SwiftFileList -DDEBUG -module-alias Testing\=_Testing_Unavailable -plugin-path /Applications/Xcode.app/Contents/Developer/Toolchains/XcodeDefault.xctoolchain/usr/lib/swift/host/plugins/testing -enable-bare-slash-regex -enable-experimental-feature DebugDescriptionMacro -sdk /Applications/Xcode.app/Contents/Developer/Platforms/iPhoneSimulator.platform/Developer/SDKs/iPhoneSimulator26.2.sdk -target arm64-apple-ios14.0-simulator -g -module-cache-path /tmp/solosoul-fe2-ios-visual-offset-ui-20261008/DerivedData/ModuleCache.noindex -Xfrontend -serialize-debugging-options -enable-testing -index-store-path /tmp/solosoul-fe2-ios-visual-offset-ui-20261008/DerivedData/Index.noindex/DataStore -Xcc -D_LIBCPP_HARDENING_MODE\=_LIBCPP_HARDENING_MODE_DEBUG -swift-version 5 -I /tmp/solosoul-fe2-ios-visual-offset-ui-20261008/DerivedData/Build/Products/Debug-iphonesimulator -Isystem /Applications/Xcode.app/Contents/Developer/Platforms/iPhoneSimulator.platform/Developer/usr/lib -F /tmp/solosoul-fe2-ios-visual-offset-ui-20261008/DerivedData/Build/Products/Debug-iphonesimulator -F /Applications/Xcode.app/Contents/Developer/Platforms/iPhoneSimulator.platform/Developer/Library/Frameworks -F /Applications/Xcode.app/Contents/Developer/Platforms/iPhoneSimulator.platform/Developer/SDKs/iPhoneSimulator26.2.sdk/Developer/Library/Frameworks -parse-as-library -c -j8 -enable-batch-mode -incremental -Xcc -ivfsstatcache -Xcc /tmp/solosoul-fe2-ios-visual-offset-ui-20261008/DerivedData/SDKStatCaches.noindex/iphonesimulator26.2-23C57-7d00a8b37fbd7999ea79df8ebc024bf0.sdkstatcache -output-file-map /tmp/solosoul-fe2-ios-visual-offset-ui-20261008/DerivedData/Build/Intermediates.noindex/SoloSoulFE2UIProbe.build/Debug-iphonesimulator/ProbeTests.build/Objects-normal/arm64/ProbeTests-OutputFileMap.json -use-frontend-parseable-output -save-temps -no-color-diagnostics -explicit-module-build -module-cache-path /tmp/solosoul-fe2-ios-visual-offset-ui-20261008/DerivedData/Build/Intermediates.noindex/SwiftExplicitPrecompiledModules -clang-scanner-module-cache-path /tmp/solosoul-fe2-ios-visual-offset-ui-20261008/DerivedData/ModuleCache.noindex -sdk-module-cache-path /tmp/solosoul-fe2-ios-visual-offset-ui-20261008/DerivedData/ModuleCache.noindex -serialize-diagnostics -emit-dependencies -emit-module -emit-module-path /tmp/solosoul-fe2-ios-visual-offset-ui-20261008/DerivedData/Build/Intermediates.noindex/SoloSoulFE2UIProbe.build/Debug-iphonesimulator/ProbeTests.build/Objects-normal/arm64/ProbeTests.swiftmodule -validate-clang-modules-once -clang-build-session-file /tmp/solosoul-fe2-ios-visual-offset-ui-20261008/DerivedData/ModuleCache.noindex/Session.modulevalidation -Xcc -I/tmp/solosoul-fe2-ios-visual-offset-ui-20261008/DerivedData/Build/Intermediates.noindex/SoloSoulFE2UIProbe.build/Debug-iphonesimulator/ProbeTests.build/swift-overrides.hmap -emit-const-values -Xfrontend -const-gather-protocols-file -Xfrontend /tmp/solosoul-fe2-ios-visual-offset-ui-20261008/DerivedData/Build/Intermediates.noindex/SoloSoulFE2UIProbe.build/Debug-iphonesimulator/ProbeTests.build/Objects-normal/arm64/ProbeTests_const_extract_protocols.json -Xcc -iquote -Xcc /tmp/solosoul-fe2-ios-visual-offset-ui-20261008/DerivedData/Build/Intermediates.noindex/SoloSoulFE2UIProbe.build/Debug-iphonesimulator/ProbeTests.build/ProbeTests-generated-files.hmap -Xcc -I/tmp/solosoul-fe2-ios-visual-offset-ui-20261008/DerivedData/Build/Intermediates.noindex/SoloSoulFE2UIProbe.build/Debug-iphonesimulator/ProbeTests.build/ProbeTests-own-target-headers.hmap -Xcc -I/tmp/solosoul-fe2-ios-visual-offset-ui-20261008/DerivedData/Build/Intermediates.noindex/SoloSoulFE2UIProbe.build/Debug-iphonesimulator/ProbeTests.build/ProbeTests-all-target-headers.hmap -Xcc -iquote -Xcc /tmp/solosoul-fe2-ios-visual-offset-ui-20261008/DerivedData/Build/Intermediates.noindex/SoloSoulFE2UIProbe.build/Debug-iphonesimulator/ProbeTests.build/ProbeTests-project-headers.hmap -Xcc -I/tmp/solosoul-fe2-ios-visual-offset-ui-20261008/DerivedData/Build/Products/Debug-iphonesimulator/include -Xcc -I/tmp/solosoul-fe2-ios-visual-offset-ui-20261008/DerivedData/Build/Intermediates.noindex/SoloSoulFE2UIProbe.build/Debug-iphonesimulator/ProbeTests.build/DerivedSources-normal/arm64 -Xcc -I/tmp/solosoul-fe2-ios-visual-offset-ui-20261008/DerivedData/Build/Intermediates.noindex/SoloSoulFE2UIProbe.build/Debug-iphonesimulator/ProbeTests.build/DerivedSources/arm64 -Xcc -I/tmp/solosoul-fe2-ios-visual-offset-ui-20261008/DerivedData/Build/Intermediates.noindex/SoloSoulFE2UIProbe.build/Debug-iphonesimulator/ProbeTests.build/DerivedSources -Xcc -DDEBUG\=1 -emit-objc-header -emit-objc-header-path /tmp/solosoul-fe2-ios-visual-offset-ui-20261008/DerivedData/Build/Intermediates.noindex/SoloSoulFE2UIProbe.build/Debug-iphonesimulator/ProbeTests.build/Objects-normal/arm64/ProbeTests-Swift.h -working-directory /tmp/solosoul-fe2-ios-visual-offset-ui-20261008 -experimental-emit-module-separately -disable-cmo

SwiftDriver ProbeTests normal x86_64 com.apple.xcode.tools.swift.compiler (in target 'ProbeTests' from project 'SoloSoulFE2UIProbe')
    cd /tmp/solosoul-fe2-ios-visual-offset-ui-20261008
    builtin-SwiftDriver -- /Applications/Xcode.app/Contents/Developer/Toolchains/XcodeDefault.xctoolchain/usr/bin/swiftc -module-name ProbeTests -Onone -enforce-exclusivity\=checked @/tmp/solosoul-fe2-ios-visual-offset-ui-20261008/DerivedData/Build/Intermediates.noindex/SoloSoulFE2UIProbe.build/Debug-iphonesimulator/ProbeTests.build/Objects-normal/x86_64/ProbeTests.SwiftFileList -DDEBUG -module-alias Testing\=_Testing_Unavailable -plugin-path /Applications/Xcode.app/Contents/Developer/Toolchains/XcodeDefault.xctoolchain/usr/lib/swift/host/plugins/testing -enable-bare-slash-regex -enable-experimental-feature DebugDescriptionMacro -sdk /Applications/Xcode.app/Contents/Developer/Platforms/iPhoneSimulator.platform/Developer/SDKs/iPhoneSimulator26.2.sdk -target x86_64-apple-ios14.0-simulator -g -module-cache-path /tmp/solosoul-fe2-ios-visual-offset-ui-20261008/DerivedData/ModuleCache.noindex -Xfrontend -serialize-debugging-options -enable-testing -index-store-path /tmp/solosoul-fe2-ios-visual-offset-ui-20261008/DerivedData/Index.noindex/DataStore -Xcc -D_LIBCPP_HARDENING_MODE\=_LIBCPP_HARDENING_MODE_DEBUG -swift-version 5 -I /tmp/solosoul-fe2-ios-visual-offset-ui-20261008/DerivedData/Build/Products/Debug-iphonesimulator -Isystem /Applications/Xcode.app/Contents/Developer/Platforms/iPhoneSimulator.platform/Developer/usr/lib -F /tmp/solosoul-fe2-ios-visual-offset-ui-20261008/DerivedData/Build/Products/Debug-iphonesimulator -F /Applications/Xcode.app/Contents/Developer/Platforms/iPhoneSimulator.platform/Developer/Library/Frameworks -F /Applications/Xcode.app/Contents/Developer/Platforms/iPhoneSimulator.platform/Developer/SDKs/iPhoneSimulator26.2.sdk/Developer/Library/Frameworks -parse-as-library -c -j8 -enable-batch-mode -incremental -Xcc -ivfsstatcache -Xcc /tmp/solosoul-fe2-ios-visual-offset-ui-20261008/DerivedData/SDKStatCaches.noindex/iphonesimulator26.2-23C57-7d00a8b37fbd7999ea79df8ebc024bf0.sdkstatcache -output-file-map /tmp/solosoul-fe2-ios-visual-offset-ui-20261008/DerivedData/Build/Intermediates.noindex/SoloSoulFE2UIProbe.build/Debug-iphonesimulator/ProbeTests.build/Objects-normal/x86_64/ProbeTests-OutputFileMap.json -use-frontend-parseable-output -save-temps -no-color-diagnostics -explicit-module-build -module-cache-path /tmp/solosoul-fe2-ios-visual-offset-ui-20261008/DerivedData/Build/Intermediates.noindex/SwiftExplicitPrecompiledModules -clang-scanner-module-cache-path /tmp/solosoul-fe2-ios-visual-offset-ui-20261008/DerivedData/ModuleCache.noindex -sdk-module-cache-path /tmp/solosoul-fe2-ios-visual-offset-ui-20261008/DerivedData/ModuleCache.noindex -serialize-diagnostics -emit-dependencies -emit-module -emit-module-path /tmp/solosoul-fe2-ios-visual-offset-ui-20261008/DerivedData/Build/Intermediates.noindex/SoloSoulFE2UIProbe.build/Debug-iphonesimulator/ProbeTests.build/Objects-normal/x86_64/ProbeTests.swiftmodule -validate-clang-modules-once -clang-build-session-file /tmp/solosoul-fe2-ios-visual-offset-ui-20261008/DerivedData/ModuleCache.noindex/Session.modulevalidation -Xcc -I/tmp/solosoul-fe2-ios-visual-offset-ui-20261008/DerivedData/Build/Intermediates.noindex/SoloSoulFE2UIProbe.build/Debug-iphonesimulator/ProbeTests.build/swift-overrides.hmap -emit-const-values -Xfrontend -const-gather-protocols-file -Xfrontend /tmp/solosoul-fe2-ios-visual-offset-ui-20261008/DerivedData/Build/Intermediates.noindex/SoloSoulFE2UIProbe.build/Debug-iphonesimulator/ProbeTests.build/Objects-normal/x86_64/ProbeTests_const_extract_protocols.json -Xcc -iquote -Xcc /tmp/solosoul-fe2-ios-visual-offset-ui-20261008/DerivedData/Build/Intermediates.noindex/SoloSoulFE2UIProbe.build/Debug-iphonesimulator/ProbeTests.build/ProbeTests-generated-files.hmap -Xcc -I/tmp/solosoul-fe2-ios-visual-offset-ui-20261008/DerivedData/Build/Intermediates.noindex/SoloSoulFE2UIProbe.build/Debug-iphonesimulator/ProbeTests.build/ProbeTests-own-target-headers.hmap -Xcc -I/tmp/solosoul-fe2-ios-visual-offset-ui-20261008/DerivedData/Build/Intermediates.noindex/SoloSoulFE2UIProbe.build/Debug-iphonesimulator/ProbeTests.build/ProbeTests-all-target-headers.hmap -Xcc -iquote -Xcc /tmp/solosoul-fe2-ios-visual-offset-ui-20261008/DerivedData/Build/Intermediates.noindex/SoloSoulFE2UIProbe.build/Debug-iphonesimulator/ProbeTests.build/ProbeTests-project-headers.hmap -Xcc -I/tmp/solosoul-fe2-ios-visual-offset-ui-20261008/DerivedData/Build/Products/Debug-iphonesimulator/include -Xcc -I/tmp/solosoul-fe2-ios-visual-offset-ui-20261008/DerivedData/Build/Intermediates.noindex/SoloSoulFE2UIProbe.build/Debug-iphonesimulator/ProbeTests.build/DerivedSources-normal/x86_64 -Xcc -I/tmp/solosoul-fe2-ios-visual-offset-ui-20261008/DerivedData/Build/Intermediates.noindex/SoloSoulFE2UIProbe.build/Debug-iphonesimulator/ProbeTests.build/DerivedSources/x86_64 -Xcc -I/tmp/solosoul-fe2-ios-visual-offset-ui-20261008/DerivedData/Build/Intermediates.noindex/SoloSoulFE2UIProbe.build/Debug-iphonesimulator/ProbeTests.build/DerivedSources -Xcc -DDEBUG\=1 -emit-objc-header -emit-objc-header-path /tmp/solosoul-fe2-ios-visual-offset-ui-20261008/DerivedData/Build/Intermediates.noindex/SoloSoulFE2UIProbe.build/Debug-iphonesimulator/ProbeTests.build/Objects-normal/x86_64/ProbeTests-Swift.h -working-directory /tmp/solosoul-fe2-ios-visual-offset-ui-20261008 -experimental-emit-module-separately -disable-cmo

SwiftExplicitDependencyGeneratePcm x86_64 /tmp/solosoul-fe2-ios-visual-offset-ui-20261008/DerivedData/Build/Intermediates.noindex/SwiftExplicitPrecompiledModules/XCUIAutomation-8ZLM4WYZENBEHNGHFP73BI66E.pcm

SwiftExplicitDependencyGeneratePcm arm64 /tmp/solosoul-fe2-ios-visual-offset-ui-20261008/DerivedData/Build/Intermediates.noindex/SwiftExplicitPrecompiledModules/XCUIAutomation-8LR0XM011X53CBJBPRH5KBJ3Y.pcm

SwiftExplicitDependencyCompileModuleFromInterface x86_64 /tmp/solosoul-fe2-ios-visual-offset-ui-20261008/DerivedData/Build/Intermediates.noindex/SwiftExplicitPrecompiledModules/XCUIAutomation-2NMMGM26WT91M.swiftmodule

SwiftExplicitDependencyGeneratePcm x86_64 /tmp/solosoul-fe2-ios-visual-offset-ui-20261008/DerivedData/Build/Intermediates.noindex/SwiftExplicitPrecompiledModules/XCTest-NP3U2QT2PI8MCHSPT8FCYYAH.pcm

SwiftExplicitDependencyGeneratePcm arm64 /tmp/solosoul-fe2-ios-visual-offset-ui-20261008/DerivedData/Build/Intermediates.noindex/SwiftExplicitPrecompiledModules/XCTest-99PEWGKAGFEELDR3RFL99DO9H.pcm

SwiftExplicitDependencyCompileModuleFromInterface arm64 /tmp/solosoul-fe2-ios-visual-offset-ui-20261008/DerivedData/Build/Intermediates.noindex/SwiftExplicitPrecompiledModules/XCUIAutomation-3H4AUSNOJ8RW4.swiftmodule

SwiftExplicitDependencyCompileModuleFromInterface x86_64 /tmp/solosoul-fe2-ios-visual-offset-ui-20261008/DerivedData/Build/Intermediates.noindex/SwiftExplicitPrecompiledModules/XCTest-GPU0QSMETWVD.swiftmodule

SwiftExplicitDependencyCompileModuleFromInterface arm64 /tmp/solosoul-fe2-ios-visual-offset-ui-20261008/DerivedData/Build/Intermediates.noindex/SwiftExplicitPrecompiledModules/XCTest-3V3VW46V0BV11.swiftmodule

SwiftCompile normal arm64 Compiling\ ProbeTests.swift /tmp/solosoul-fe2-ios-visual-offset-ui-20261008/Tests/ProbeTests.swift (in target 'ProbeTests' from project 'SoloSoulFE2UIProbe')
SwiftCompile normal arm64 /tmp/solosoul-fe2-ios-visual-offset-ui-20261008/Tests/ProbeTests.swift (in target 'ProbeTests' from project 'SoloSoulFE2UIProbe')
    cd /tmp/solosoul-fe2-ios-visual-offset-ui-20261008
    

SwiftEmitModule normal arm64 Emitting\ module\ for\ ProbeTests (in target 'ProbeTests' from project 'SoloSoulFE2UIProbe')

SwiftCompile normal arm64 /tmp/solosoul-fe2-ios-visual-offset-ui-20261008/Tests/ProbeTests.swift (in target 'ProbeTests' from project 'SoloSoulFE2UIProbe')
    cd /tmp/solosoul-fe2-ios-visual-offset-ui-20261008
    

SwiftCompile normal x86_64 Compiling\ ProbeTests.swift /tmp/solosoul-fe2-ios-visual-offset-ui-20261008/Tests/ProbeTests.swift (in target 'ProbeTests' from project 'SoloSoulFE2UIProbe')

SwiftCompile normal x86_64 /tmp/solosoul-fe2-ios-visual-offset-ui-20261008/Tests/ProbeTests.swift (in target 'ProbeTests' from project 'SoloSoulFE2UIProbe')
    cd /tmp/solosoul-fe2-ios-visual-offset-ui-20261008
    

SwiftEmitModule normal x86_64 Emitting\ module\ for\ ProbeTests (in target 'ProbeTests' from project 'SoloSoulFE2UIProbe')

SwiftCompile normal x86_64 /tmp/solosoul-fe2-ios-visual-offset-ui-20261008/Tests/ProbeTests.swift (in target 'ProbeTests' from project 'SoloSoulFE2UIProbe')
    cd /tmp/solosoul-fe2-ios-visual-offset-ui-20261008
    

SwiftDriverJobDiscovery normal arm64 Emitting module for ProbeTests (in target 'ProbeTests' from project 'SoloSoulFE2UIProbe')

SwiftDriver\ Compilation\ Requirements ProbeTests normal arm64 com.apple.xcode.tools.swift.compiler (in target 'ProbeTests' from project 'SoloSoulFE2UIProbe')
    cd /tmp/solosoul-fe2-ios-visual-offset-ui-20261008
    builtin-Swift-Compilation-Requirements -- /Applications/Xcode.app/Contents/Developer/Toolchains/XcodeDefault.xctoolchain/usr/bin/swiftc -module-name ProbeTests -Onone -enforce-exclusivity\=checked @/tmp/solosoul-fe2-ios-visual-offset-ui-20261008/DerivedData/Build/Intermediates.noindex/SoloSoulFE2UIProbe.build/Debug-iphonesimulator/ProbeTests.build/Objects-normal/arm64/ProbeTests.SwiftFileList -DDEBUG -module-alias Testing\=_Testing_Unavailable -plugin-path /Applications/Xcode.app/Contents/Developer/Toolchains/XcodeDefault.xctoolchain/usr/lib/swift/host/plugins/testing -enable-bare-slash-regex -enable-experimental-feature DebugDescriptionMacro -sdk /Applications/Xcode.app/Contents/Developer/Platforms/iPhoneSimulator.platform/Developer/SDKs/iPhoneSimulator26.2.sdk -target arm64-apple-ios14.0-simulator -g -module-cache-path /tmp/solosoul-fe2-ios-visual-offset-ui-20261008/DerivedData/ModuleCache.noindex -Xfrontend -serialize-debugging-options -enable-testing -index-store-path /tmp/solosoul-fe2-ios-visual-offset-ui-20261008/DerivedData/Index.noindex/DataStore -Xcc -D_LIBCPP_HARDENING_MODE\=_LIBCPP_HARDENING_MODE_DEBUG -swift-version 5 -I /tmp/solosoul-fe2-ios-visual-offset-ui-20261008/DerivedData/Build/Products/Debug-iphonesimulator -Isystem /Applications/Xcode.app/Contents/Developer/Platforms/iPhoneSimulator.platform/Developer/usr/lib -F /tmp/solosoul-fe2-ios-visual-offset-ui-20261008/DerivedData/Build/Products/Debug-iphonesimulator -F /Applications/Xcode.app/Contents/Developer/Platforms/iPhoneSimulator.platform/Developer/Library/Frameworks -F /Applications/Xcode.app/Contents/Developer/Platforms/iPhoneSimulator.platform/Developer/SDKs/iPhoneSimulator26.2.sdk/Developer/Library/Frameworks -parse-as-library -c -j8 -enable-batch-mode -incremental -Xcc -ivfsstatcache -Xcc /tmp/solosoul-fe2-ios-visual-offset-ui-20261008/DerivedData/SDKStatCaches.noindex/iphonesimulator26.2-23C57-7d00a8b37fbd7999ea79df8ebc024bf0.sdkstatcache -output-file-map /tmp/solosoul-fe2-ios-visual-offset-ui-20261008/DerivedData/Build/Intermediates.noindex/SoloSoulFE2UIProbe.build/Debug-iphonesimulator/ProbeTests.build/Objects-normal/arm64/ProbeTests-OutputFileMap.json -use-frontend-parseable-output -save-temps -no-color-diagnostics -explicit-module-build -module-cache-path /tmp/solosoul-fe2-ios-visual-offset-ui-20261008/DerivedData/Build/Intermediates.noindex/SwiftExplicitPrecompiledModules -clang-scanner-module-cache-path /tmp/solosoul-fe2-ios-visual-offset-ui-20261008/DerivedData/ModuleCache.noindex -sdk-module-cache-path /tmp/solosoul-fe2-ios-visual-offset-ui-20261008/DerivedData/ModuleCache.noindex -serialize-diagnostics -emit-dependencies -emit-module -emit-module-path /tmp/solosoul-fe2-ios-visual-offset-ui-20261008/DerivedData/Build/Intermediates.noindex/SoloSoulFE2UIProbe.build/Debug-iphonesimulator/ProbeTests.build/Objects-normal/arm64/ProbeTests.swiftmodule -validate-clang-modules-once -clang-build-session-file /tmp/solosoul-fe2-ios-visual-offset-ui-20261008/DerivedData/ModuleCache.noindex/Session.modulevalidation -Xcc -I/tmp/solosoul-fe2-ios-visual-offset-ui-20261008/DerivedData/Build/Intermediates.noindex/SoloSoulFE2UIProbe.build/Debug-iphonesimulator/ProbeTests.build/swift-overrides.hmap -emit-const-values -Xfrontend -const-gather-protocols-file -Xfrontend /tmp/solosoul-fe2-ios-visual-offset-ui-20261008/DerivedData/Build/Intermediates.noindex/SoloSoulFE2UIProbe.build/Debug-iphonesimulator/ProbeTests.build/Objects-normal/arm64/ProbeTests_const_extract_protocols.json -Xcc -iquote -Xcc /tmp/solosoul-fe2-ios-visual-offset-ui-20261008/DerivedData/Build/Intermediates.noindex/SoloSoulFE2UIProbe.build/Debug-iphonesimulator/ProbeTests.build/ProbeTests-generated-files.hmap -Xcc -I/tmp/solosoul-fe2-ios-visual-offset-ui-20261008/DerivedData/Build/Intermediates.noindex/SoloSoulFE2UIProbe.build/Debug-iphonesimulator/ProbeTests.build/ProbeTests-own-target-headers.hmap -Xcc -I/tmp/solosoul-fe2-ios-visual-offset-ui-20261008/DerivedData/Build/Intermediates.noindex/SoloSoulFE2UIProbe.build/Debug-iphonesimulator/ProbeTests.build/ProbeTests-all-target-headers.hmap -Xcc -iquote -Xcc /tmp/solosoul-fe2-ios-visual-offset-ui-20261008/DerivedData/Build/Intermediates.noindex/SoloSoulFE2UIProbe.build/Debug-iphonesimulator/ProbeTests.build/ProbeTests-project-headers.hmap -Xcc -I/tmp/solosoul-fe2-ios-visual-offset-ui-20261008/DerivedData/Build/Products/Debug-iphonesimulator/include -Xcc -I/tmp/solosoul-fe2-ios-visual-offset-ui-20261008/DerivedData/Build/Intermediates.noindex/SoloSoulFE2UIProbe.build/Debug-iphonesimulator/ProbeTests.build/DerivedSources-normal/arm64 -Xcc -I/tmp/solosoul-fe2-ios-visual-offset-ui-20261008/DerivedData/Build/Intermediates.noindex/SoloSoulFE2UIProbe.build/Debug-iphonesimulator/ProbeTests.build/DerivedSources/arm64 -Xcc -I/tmp/solosoul-fe2-ios-visual-offset-ui-20261008/DerivedData/Build/Intermediates.noindex/SoloSoulFE2UIProbe.build/Debug-iphonesimulator/ProbeTests.build/DerivedSources -Xcc -DDEBUG\=1 -emit-objc-header -emit-objc-header-path /tmp/solosoul-fe2-ios-visual-offset-ui-20261008/DerivedData/Build/Intermediates.noindex/SoloSoulFE2UIProbe.build/Debug-iphonesimulator/ProbeTests.build/Objects-normal/arm64/ProbeTests-Swift.h -working-directory /tmp/solosoul-fe2-ios-visual-offset-ui-20261008 -experimental-emit-module-separately -disable-cmo

Copy /tmp/solosoul-fe2-ios-visual-offset-ui-20261008/DerivedData/Build/Products/Debug-iphonesimulator/ProbeTests.swiftmodule/arm64-apple-ios-simulator.abi.json /tmp/solosoul-fe2-ios-visual-offset-ui-20261008/DerivedData/Build/Intermediates.noindex/SoloSoulFE2UIProbe.build/Debug-iphonesimulator/ProbeTests.build/Objects-normal/arm64/ProbeTests.abi.json (in target 'ProbeTests' from project 'SoloSoulFE2UIProbe')
    cd /tmp/solosoul-fe2-ios-visual-offset-ui-20261008
    builtin-copy -exclude .DS_Store -exclude CVS -exclude .svn -exclude .git -exclude .hg -resolve-src-symlinks -rename /tmp/solosoul-fe2-ios-visual-offset-ui-20261008/DerivedData/Build/Intermediates.noindex/SoloSoulFE2UIProbe.build/Debug-iphonesimulator/ProbeTests.build/Objects-normal/arm64/ProbeTests.abi.json /tmp/solosoul-fe2-ios-visual-offset-ui-20261008/DerivedData/Build/Products/Debug-iphonesimulator/ProbeTests.swiftmodule/arm64-apple-ios-simulator.abi.json

Copy /tmp/solosoul-fe2-ios-visual-offset-ui-20261008/DerivedData/Build/Products/Debug-iphonesimulator/ProbeTests.swiftmodule/arm64-apple-ios-simulator.swiftdoc /tmp/solosoul-fe2-ios-visual-offset-ui-20261008/DerivedData/Build/Intermediates.noindex/SoloSoulFE2UIProbe.build/Debug-iphonesimulator/ProbeTests.build/Objects-normal/arm64/ProbeTests.swiftdoc (in target 'ProbeTests' from project 'SoloSoulFE2UIProbe')
    cd /tmp/solosoul-fe2-ios-visual-offset-ui-20261008
    builtin-copy -exclude .DS_Store -exclude CVS -exclude .svn -exclude .git -exclude .hg -resolve-src-symlinks -rename /tmp/solosoul-fe2-ios-visual-offset-ui-20261008/DerivedData/Build/Intermediates.noindex/SoloSoulFE2UIProbe.build/Debug-iphonesimulator/ProbeTests.build/Objects-normal/arm64/ProbeTests.swiftdoc /tmp/solosoul-fe2-ios-visual-offset-ui-20261008/DerivedData/Build/Products/Debug-iphonesimulator/ProbeTests.swiftmodule/arm64-apple-ios-simulator.swiftdoc

Copy /tmp/solosoul-fe2-ios-visual-offset-ui-20261008/DerivedData/Build/Products/Debug-iphonesimulator/ProbeTests.swiftmodule/arm64-apple-ios-simulator.swiftmodule /tmp/solosoul-fe2-ios-visual-offset-ui-20261008/DerivedData/Build/Intermediates.noindex/SoloSoulFE2UIProbe.build/Debug-iphonesimulator/ProbeTests.build/Objects-normal/arm64/ProbeTests.swiftmodule (in target 'ProbeTests' from project 'SoloSoulFE2UIProbe')
    cd /tmp/solosoul-fe2-ios-visual-offset-ui-20261008
    builtin-copy -exclude .DS_Store -exclude CVS -exclude .svn -exclude .git -exclude .hg -resolve-src-symlinks -rename /tmp/solosoul-fe2-ios-visual-offset-ui-20261008/DerivedData/Build/Intermediates.noindex/SoloSoulFE2UIProbe.build/Debug-iphonesimulator/ProbeTests.build/Objects-normal/arm64/ProbeTests.swiftmodule /tmp/solosoul-fe2-ios-visual-offset-ui-20261008/DerivedData/Build/Products/Debug-iphonesimulator/ProbeTests.swiftmodule/arm64-apple-ios-simulator.swiftmodule

Copy /tmp/solosoul-fe2-ios-visual-offset-ui-20261008/DerivedData/Build/Products/Debug-iphonesimulator/ProbeTests.swiftmodule/Project/arm64-apple-ios-simulator.swiftsourceinfo /tmp/solosoul-fe2-ios-visual-offset-ui-20261008/DerivedData/Build/Intermediates.noindex/SoloSoulFE2UIProbe.build/Debug-iphonesimulator/ProbeTests.build/Objects-normal/arm64/ProbeTests.swiftsourceinfo (in target 'ProbeTests' from project 'SoloSoulFE2UIProbe')
    cd /tmp/solosoul-fe2-ios-visual-offset-ui-20261008
    builtin-copy -exclude .DS_Store -exclude CVS -exclude .svn -exclude .git -exclude .hg -resolve-src-symlinks -rename /tmp/solosoul-fe2-ios-visual-offset-ui-20261008/DerivedData/Build/Intermediates.noindex/SoloSoulFE2UIProbe.build/Debug-iphonesimulator/ProbeTests.build/Objects-normal/arm64/ProbeTests.swiftsourceinfo /tmp/solosoul-fe2-ios-visual-offset-ui-20261008/DerivedData/Build/Products/Debug-iphonesimulator/ProbeTests.swiftmodule/Project/arm64-apple-ios-simulator.swiftsourceinfo

SwiftDriverJobDiscovery normal x86_64 Emitting module for ProbeTests (in target 'ProbeTests' from project 'SoloSoulFE2UIProbe')

SwiftDriver\ Compilation\ Requirements ProbeTests normal x86_64 com.apple.xcode.tools.swift.compiler (in target 'ProbeTests' from project 'SoloSoulFE2UIProbe')
    cd /tmp/solosoul-fe2-ios-visual-offset-ui-20261008
    builtin-Swift-Compilation-Requirements -- /Applications/Xcode.app/Contents/Developer/Toolchains/XcodeDefault.xctoolchain/usr/bin/swiftc -module-name ProbeTests -Onone -enforce-exclusivity\=checked @/tmp/solosoul-fe2-ios-visual-offset-ui-20261008/DerivedData/Build/Intermediates.noindex/SoloSoulFE2UIProbe.build/Debug-iphonesimulator/ProbeTests.build/Objects-normal/x86_64/ProbeTests.SwiftFileList -DDEBUG -module-alias Testing\=_Testing_Unavailable -plugin-path /Applications/Xcode.app/Contents/Developer/Toolchains/XcodeDefault.xctoolchain/usr/lib/swift/host/plugins/testing -enable-bare-slash-regex -enable-experimental-feature DebugDescriptionMacro -sdk /Applications/Xcode.app/Contents/Developer/Platforms/iPhoneSimulator.platform/Developer/SDKs/iPhoneSimulator26.2.sdk -target x86_64-apple-ios14.0-simulator -g -module-cache-path /tmp/solosoul-fe2-ios-visual-offset-ui-20261008/DerivedData/ModuleCache.noindex -Xfrontend -serialize-debugging-options -enable-testing -index-store-path /tmp/solosoul-fe2-ios-visual-offset-ui-20261008/DerivedData/Index.noindex/DataStore -Xcc -D_LIBCPP_HARDENING_MODE\=_LIBCPP_HARDENING_MODE_DEBUG -swift-version 5 -I /tmp/solosoul-fe2-ios-visual-offset-ui-20261008/DerivedData/Build/Products/Debug-iphonesimulator -Isystem /Applications/Xcode.app/Contents/Developer/Platforms/iPhoneSimulator.platform/Developer/usr/lib -F /tmp/solosoul-fe2-ios-visual-offset-ui-20261008/DerivedData/Build/Products/Debug-iphonesimulator -F /Applications/Xcode.app/Contents/Developer/Platforms/iPhoneSimulator.platform/Developer/Library/Frameworks -F /Applications/Xcode.app/Contents/Developer/Platforms/iPhoneSimulator.platform/Developer/SDKs/iPhoneSimulator26.2.sdk/Developer/Library/Frameworks -parse-as-library -c -j8 -enable-batch-mode -incremental -Xcc -ivfsstatcache -Xcc /tmp/solosoul-fe2-ios-visual-offset-ui-20261008/DerivedData/SDKStatCaches.noindex/iphonesimulator26.2-23C57-7d00a8b37fbd7999ea79df8ebc024bf0.sdkstatcache -output-file-map /tmp/solosoul-fe2-ios-visual-offset-ui-20261008/DerivedData/Build/Intermediates.noindex/SoloSoulFE2UIProbe.build/Debug-iphonesimulator/ProbeTests.build/Objects-normal/x86_64/ProbeTests-OutputFileMap.json -use-frontend-parseable-output -save-temps -no-color-diagnostics -explicit-module-build -module-cache-path /tmp/solosoul-fe2-ios-visual-offset-ui-20261008/DerivedData/Build/Intermediates.noindex/SwiftExplicitPrecompiledModules -clang-scanner-module-cache-path /tmp/solosoul-fe2-ios-visual-offset-ui-20261008/DerivedData/ModuleCache.noindex -sdk-module-cache-path /tmp/solosoul-fe2-ios-visual-offset-ui-20261008/DerivedData/ModuleCache.noindex -serialize-diagnostics -emit-dependencies -emit-module -emit-module-path /tmp/solosoul-fe2-ios-visual-offset-ui-20261008/DerivedData/Build/Intermediates.noindex/SoloSoulFE2UIProbe.build/Debug-iphonesimulator/ProbeTests.build/Objects-normal/x86_64/ProbeTests.swiftmodule -validate-clang-modules-once -clang-build-session-file /tmp/solosoul-fe2-ios-visual-offset-ui-20261008/DerivedData/ModuleCache.noindex/Session.modulevalidation -Xcc -I/tmp/solosoul-fe2-ios-visual-offset-ui-20261008/DerivedData/Build/Intermediates.noindex/SoloSoulFE2UIProbe.build/Debug-iphonesimulator/ProbeTests.build/swift-overrides.hmap -emit-const-values -Xfrontend -const-gather-protocols-file -Xfrontend /tmp/solosoul-fe2-ios-visual-offset-ui-20261008/DerivedData/Build/Intermediates.noindex/SoloSoulFE2UIProbe.build/Debug-iphonesimulator/ProbeTests.build/Objects-normal/x86_64/ProbeTests_const_extract_protocols.json -Xcc -iquote -Xcc /tmp/solosoul-fe2-ios-visual-offset-ui-20261008/DerivedData/Build/Intermediates.noindex/SoloSoulFE2UIProbe.build/Debug-iphonesimulator/ProbeTests.build/ProbeTests-generated-files.hmap -Xcc -I/tmp/solosoul-fe2-ios-visual-offset-ui-20261008/DerivedData/Build/Intermediates.noindex/SoloSoulFE2UIProbe.build/Debug-iphonesimulator/ProbeTests.build/ProbeTests-own-target-headers.hmap -Xcc -I/tmp/solosoul-fe2-ios-visual-offset-ui-20261008/DerivedData/Build/Intermediates.noindex/SoloSoulFE2UIProbe.build/Debug-iphonesimulator/ProbeTests.build/ProbeTests-all-target-headers.hmap -Xcc -iquote -Xcc /tmp/solosoul-fe2-ios-visual-offset-ui-20261008/DerivedData/Build/Intermediates.noindex/SoloSoulFE2UIProbe.build/Debug-iphonesimulator/ProbeTests.build/ProbeTests-project-headers.hmap -Xcc -I/tmp/solosoul-fe2-ios-visual-offset-ui-20261008/DerivedData/Build/Products/Debug-iphonesimulator/include -Xcc -I/tmp/solosoul-fe2-ios-visual-offset-ui-20261008/DerivedData/Build/Intermediates.noindex/SoloSoulFE2UIProbe.build/Debug-iphonesimulator/ProbeTests.build/DerivedSources-normal/x86_64 -Xcc -I/tmp/solosoul-fe2-ios-visual-offset-ui-20261008/DerivedData/Build/Intermediates.noindex/SoloSoulFE2UIProbe.build/Debug-iphonesimulator/ProbeTests.build/DerivedSources/x86_64 -Xcc -I/tmp/solosoul-fe2-ios-visual-offset-ui-20261008/DerivedData/Build/Intermediates.noindex/SoloSoulFE2UIProbe.build/Debug-iphonesimulator/ProbeTests.build/DerivedSources -Xcc -DDEBUG\=1 -emit-objc-header -emit-objc-header-path /tmp/solosoul-fe2-ios-visual-offset-ui-20261008/DerivedData/Build/Intermediates.noindex/SoloSoulFE2UIProbe.build/Debug-iphonesimulator/ProbeTests.build/Objects-normal/x86_64/ProbeTests-Swift.h -working-directory /tmp/solosoul-fe2-ios-visual-offset-ui-20261008 -experimental-emit-module-separately -disable-cmo

Copy /tmp/solosoul-fe2-ios-visual-offset-ui-20261008/DerivedData/Build/Products/Debug-iphonesimulator/ProbeTests.swiftmodule/x86_64-apple-ios-simulator.swiftmodule /tmp/solosoul-fe2-ios-visual-offset-ui-20261008/DerivedData/Build/Intermediates.noindex/SoloSoulFE2UIProbe.build/Debug-iphonesimulator/ProbeTests.build/Objects-normal/x86_64/ProbeTests.swiftmodule (in target 'ProbeTests' from project 'SoloSoulFE2UIProbe')
    cd /tmp/solosoul-fe2-ios-visual-offset-ui-20261008
    builtin-copy -exclude .DS_Store -exclude CVS -exclude .svn -exclude .git -exclude .hg -resolve-src-symlinks -rename /tmp/solosoul-fe2-ios-visual-offset-ui-20261008/DerivedData/Build/Intermediates.noindex/SoloSoulFE2UIProbe.build/Debug-iphonesimulator/ProbeTests.build/Objects-normal/x86_64/ProbeTests.swiftmodule /tmp/solosoul-fe2-ios-visual-offset-ui-20261008/DerivedData/Build/Products/Debug-iphonesimulator/ProbeTests.swiftmodule/x86_64-apple-ios-simulator.swiftmodule

Copy /tmp/solosoul-fe2-ios-visual-offset-ui-20261008/DerivedData/Build/Products/Debug-iphonesimulator/ProbeTests.swiftmodule/x86_64-apple-ios-simulator.swiftdoc /tmp/solosoul-fe2-ios-visual-offset-ui-20261008/DerivedData/Build/Intermediates.noindex/SoloSoulFE2UIProbe.build/Debug-iphonesimulator/ProbeTests.build/Objects-normal/x86_64/ProbeTests.swiftdoc (in target 'ProbeTests' from project 'SoloSoulFE2UIProbe')
    cd /tmp/solosoul-fe2-ios-visual-offset-ui-20261008
    builtin-copy -exclude .DS_Store -exclude CVS -exclude .svn -exclude .git -exclude .hg -resolve-src-symlinks -rename /tmp/solosoul-fe2-ios-visual-offset-ui-20261008/DerivedData/Build/Intermediates.noindex/SoloSoulFE2UIProbe.build/Debug-iphonesimulator/ProbeTests.build/Objects-normal/x86_64/ProbeTests.swiftdoc /tmp/solosoul-fe2-ios-visual-offset-ui-20261008/DerivedData/Build/Products/Debug-iphonesimulator/ProbeTests.swiftmodule/x86_64-apple-ios-simulator.swiftdoc

Copy /tmp/solosoul-fe2-ios-visual-offset-ui-20261008/DerivedData/Build/Products/Debug-iphonesimulator/ProbeTests.swiftmodule/x86_64-apple-ios-simulator.abi.json /tmp/solosoul-fe2-ios-visual-offset-ui-20261008/DerivedData/Build/Intermediates.noindex/SoloSoulFE2UIProbe.build/Debug-iphonesimulator/ProbeTests.build/Objects-normal/x86_64/ProbeTests.abi.json (in target 'ProbeTests' from project 'SoloSoulFE2UIProbe')
    cd /tmp/solosoul-fe2-ios-visual-offset-ui-20261008
    builtin-copy -exclude .DS_Store -exclude CVS -exclude .svn -exclude .git -exclude .hg -resolve-src-symlinks -rename /tmp/solosoul-fe2-ios-visual-offset-ui-20261008/DerivedData/Build/Intermediates.noindex/SoloSoulFE2UIProbe.build/Debug-iphonesimulator/ProbeTests.build/Objects-normal/x86_64/ProbeTests.abi.json /tmp/solosoul-fe2-ios-visual-offset-ui-20261008/DerivedData/Build/Products/Debug-iphonesimulator/ProbeTests.swiftmodule/x86_64-apple-ios-simulator.abi.json

SwiftMergeGeneratedHeaders /tmp/solosoul-fe2-ios-visual-offset-ui-20261008/DerivedData/Build/Intermediates.noindex/SoloSoulFE2UIProbe.build/Debug-iphonesimulator/ProbeTests.build/DerivedSources/ProbeTests-Swift.h /tmp/solosoul-fe2-ios-visual-offset-ui-20261008/DerivedData/Build/Intermediates.noindex/SoloSoulFE2UIProbe.build/Debug-iphonesimulator/ProbeTests.build/Objects-normal/arm64/ProbeTests-Swift.h /tmp/solosoul-fe2-ios-visual-offset-ui-20261008/DerivedData/Build/Intermediates.noindex/SoloSoulFE2UIProbe.build/Debug-iphonesimulator/ProbeTests.build/Objects-normal/x86_64/ProbeTests-Swift.h (in target 'ProbeTests' from project 'SoloSoulFE2UIProbe')
    cd /tmp/solosoul-fe2-ios-visual-offset-ui-20261008
    builtin-swiftHeaderTool -arch arm64 /tmp/solosoul-fe2-ios-visual-offset-ui-20261008/DerivedData/Build/Intermediates.noindex/SoloSoulFE2UIProbe.build/Debug-iphonesimulator/ProbeTests.build/Objects-normal/arm64/ProbeTests-Swift.h -arch x86_64 /tmp/solosoul-fe2-ios-visual-offset-ui-20261008/DerivedData/Build/Intermediates.noindex/SoloSoulFE2UIProbe.build/Debug-iphonesimulator/ProbeTests.build/Objects-normal/x86_64/ProbeTests-Swift.h -o /tmp/solosoul-fe2-ios-visual-offset-ui-20261008/DerivedData/Build/Intermediates.noindex/SoloSoulFE2UIProbe.build/Debug-iphonesimulator/ProbeTests.build/DerivedSources/ProbeTests-Swift.h

Copy /tmp/solosoul-fe2-ios-visual-offset-ui-20261008/DerivedData/Build/Products/Debug-iphonesimulator/ProbeTests.swiftmodule/Project/x86_64-apple-ios-simulator.swiftsourceinfo /tmp/solosoul-fe2-ios-visual-offset-ui-20261008/DerivedData/Build/Intermediates.noindex/SoloSoulFE2UIProbe.build/Debug-iphonesimulator/ProbeTests.build/Objects-normal/x86_64/ProbeTests.swiftsourceinfo (in target 'ProbeTests' from project 'SoloSoulFE2UIProbe')
    cd /tmp/solosoul-fe2-ios-visual-offset-ui-20261008
    builtin-copy -exclude .DS_Store -exclude CVS -exclude .svn -exclude .git -exclude .hg -resolve-src-symlinks -rename /tmp/solosoul-fe2-ios-visual-offset-ui-20261008/DerivedData/Build/Intermediates.noindex/SoloSoulFE2UIProbe.build/Debug-iphonesimulator/ProbeTests.build/Objects-normal/x86_64/ProbeTests.swiftsourceinfo /tmp/solosoul-fe2-ios-visual-offset-ui-20261008/DerivedData/Build/Products/Debug-iphonesimulator/ProbeTests.swiftmodule/Project/x86_64-apple-ios-simulator.swiftsourceinfo

SwiftDriverJobDiscovery normal arm64 Compiling App.swift (in target 'ProbeHost' from project 'SoloSoulFE2UIProbe')

SwiftDriverJobDiscovery normal x86_64 Compiling App.swift (in target 'ProbeHost' from project 'SoloSoulFE2UIProbe')

SwiftDriver\ Compilation ProbeHost normal arm64 com.apple.xcode.tools.swift.compiler (in target 'ProbeHost' from project 'SoloSoulFE2UIProbe')
    cd /tmp/solosoul-fe2-ios-visual-offset-ui-20261008
    builtin-Swift-Compilation -- /Applications/Xcode.app/Contents/Developer/Toolchains/XcodeDefault.xctoolchain/usr/bin/swiftc -module-name ProbeHost -Onone -enforce-exclusivity\=checked @/tmp/solosoul-fe2-ios-visual-offset-ui-20261008/DerivedData/Build/Intermediates.noindex/SoloSoulFE2UIProbe.build/Debug-iphonesimulator/ProbeHost.build/Objects-normal/arm64/ProbeHost.SwiftFileList -DDEBUG -enable-bare-slash-regex -enable-experimental-feature DebugDescriptionMacro -sdk /Applications/Xcode.app/Contents/Developer/Platforms/iPhoneSimulator.platform/Developer/SDKs/iPhoneSimulator26.2.sdk -target arm64-apple-ios14.0-simulator -g -module-cache-path /tmp/solosoul-fe2-ios-visual-offset-ui-20261008/DerivedData/ModuleCache.noindex -Xfrontend -serialize-debugging-options -enable-testing -index-store-path /tmp/solosoul-fe2-ios-visual-offset-ui-20261008/DerivedData/Index.noindex/DataStore -Xcc -D_LIBCPP_HARDENING_MODE\=_LIBCPP_HARDENING_MODE_DEBUG -swift-version 5 -I /tmp/solosoul-fe2-ios-visual-offset-ui-20261008/DerivedData/Build/Products/Debug-iphonesimulator -F /tmp/solosoul-fe2-ios-visual-offset-ui-20261008/DerivedData/Build/Products/Debug-iphonesimulator -parse-as-library -c -j8 -enable-batch-mode -incremental -Xcc -ivfsstatcache -Xcc /tmp/solosoul-fe2-ios-visual-offset-ui-20261008/DerivedData/SDKStatCaches.noindex/iphonesimulator26.2-23C57-7d00a8b37fbd7999ea79df8ebc024bf0.sdkstatcache -output-file-map /tmp/solosoul-fe2-ios-visual-offset-ui-20261008/DerivedData/Build/Intermediates.noindex/SoloSoulFE2UIProbe.build/Debug-iphonesimulator/ProbeHost.build/Objects-normal/arm64/ProbeHost-OutputFileMap.json -use-frontend-parseable-output -save-temps -no-color-diagnostics -explicit-module-build -module-cache-path /tmp/solosoul-fe2-ios-visual-offset-ui-20261008/DerivedData/Build/Intermediates.noindex/SwiftExplicitPrecompiledModules -clang-scanner-module-cache-path /tmp/solosoul-fe2-ios-visual-offset-ui-20261008/DerivedData/ModuleCache.noindex -sdk-module-cache-path /tmp/solosoul-fe2-ios-visual-offset-ui-20261008/DerivedData/ModuleCache.noindex -serialize-diagnostics -emit-dependencies -emit-module -emit-module-path /tmp/solosoul-fe2-ios-visual-offset-ui-20261008/DerivedData/Build/Intermediates.noindex/SoloSoulFE2UIProbe.build/Debug-iphonesimulator/ProbeHost.build/Objects-normal/arm64/ProbeHost.swiftmodule -validate-clang-modules-once -clang-build-session-file /tmp/solosoul-fe2-ios-visual-offset-ui-20261008/DerivedData/ModuleCache.noindex/Session.modulevalidation -Xcc -I/tmp/solosoul-fe2-ios-visual-offset-ui-20261008/DerivedData/Build/Intermediates.noindex/SoloSoulFE2UIProbe.build/Debug-iphonesimulator/ProbeHost.build/swift-overrides.hmap -emit-const-values -Xfrontend -const-gather-protocols-file -Xfrontend /tmp/solosoul-fe2-ios-visual-offset-ui-20261008/DerivedData/Build/Intermediates.noindex/SoloSoulFE2UIProbe.build/Debug-iphonesimulator/ProbeHost.build/Objects-normal/arm64/ProbeHost_const_extract_protocols.json -Xcc -iquote -Xcc /tmp/solosoul-fe2-ios-visual-offset-ui-20261008/DerivedData/Build/Intermediates.noindex/SoloSoulFE2UIProbe.build/Debug-iphonesimulator/ProbeHost.build/ProbeHost-generated-files.hmap -Xcc -I/tmp/solosoul-fe2-ios-visual-offset-ui-20261008/DerivedData/Build/Intermediates.noindex/SoloSoulFE2UIProbe.build/Debug-iphonesimulator/ProbeHost.build/ProbeHost-own-target-headers.hmap -Xcc -I/tmp/solosoul-fe2-ios-visual-offset-ui-20261008/DerivedData/Build/Intermediates.noindex/SoloSoulFE2UIProbe.build/Debug-iphonesimulator/ProbeHost.build/ProbeHost-all-target-headers.hmap -Xcc -iquote -Xcc /tmp/solosoul-fe2-ios-visual-offset-ui-20261008/DerivedData/Build/Intermediates.noindex/SoloSoulFE2UIProbe.build/Debug-iphonesimulator/ProbeHost.build/ProbeHost-project-headers.hmap -Xcc -I/tmp/solosoul-fe2-ios-visual-offset-ui-20261008/DerivedData/Build/Products/Debug-iphonesimulator/include -Xcc -I/tmp/solosoul-fe2-ios-visual-offset-ui-20261008/DerivedData/Build/Intermediates.noindex/SoloSoulFE2UIProbe.build/Debug-iphonesimulator/ProbeHost.build/DerivedSources-normal/arm64 -Xcc -I/tmp/solosoul-fe2-ios-visual-offset-ui-20261008/DerivedData/Build/Intermediates.noindex/SoloSoulFE2UIProbe.build/Debug-iphonesimulator/ProbeHost.build/DerivedSources/arm64 -Xcc -I/tmp/solosoul-fe2-ios-visual-offset-ui-20261008/DerivedData/Build/Intermediates.noindex/SoloSoulFE2UIProbe.build/Debug-iphonesimulator/ProbeHost.build/DerivedSources -Xcc -DDEBUG\=1 -emit-objc-header -emit-objc-header-path /tmp/solosoul-fe2-ios-visual-offset-ui-20261008/DerivedData/Build/Intermediates.noindex/SoloSoulFE2UIProbe.build/Debug-iphonesimulator/ProbeHost.build/Objects-normal/arm64/ProbeHost-Swift.h -working-directory /tmp/solosoul-fe2-ios-visual-offset-ui-20261008 -experimental-emit-module-separately -disable-cmo

SwiftDriver\ Compilation ProbeHost normal x86_64 com.apple.xcode.tools.swift.compiler (in target 'ProbeHost' from project 'SoloSoulFE2UIProbe')
    cd /tmp/solosoul-fe2-ios-visual-offset-ui-20261008
    builtin-Swift-Compilation -- /Applications/Xcode.app/Contents/Developer/Toolchains/XcodeDefault.xctoolchain/usr/bin/swiftc -module-name ProbeHost -Onone -enforce-exclusivity\=checked @/tmp/solosoul-fe2-ios-visual-offset-ui-20261008/DerivedData/Build/Intermediates.noindex/SoloSoulFE2UIProbe.build/Debug-iphonesimulator/ProbeHost.build/Objects-normal/x86_64/ProbeHost.SwiftFileList -DDEBUG -enable-bare-slash-regex -enable-experimental-feature DebugDescriptionMacro -sdk /Applications/Xcode.app/Contents/Developer/Platforms/iPhoneSimulator.platform/Developer/SDKs/iPhoneSimulator26.2.sdk -target x86_64-apple-ios14.0-simulator -g -module-cache-path /tmp/solosoul-fe2-ios-visual-offset-ui-20261008/DerivedData/ModuleCache.noindex -Xfrontend -serialize-debugging-options -enable-testing -index-store-path /tmp/solosoul-fe2-ios-visual-offset-ui-20261008/DerivedData/Index.noindex/DataStore -Xcc -D_LIBCPP_HARDENING_MODE\=_LIBCPP_HARDENING_MODE_DEBUG -swift-version 5 -I /tmp/solosoul-fe2-ios-visual-offset-ui-20261008/DerivedData/Build/Products/Debug-iphonesimulator -F /tmp/solosoul-fe2-ios-visual-offset-ui-20261008/DerivedData/Build/Products/Debug-iphonesimulator -parse-as-library -c -j8 -enable-batch-mode -incremental -Xcc -ivfsstatcache -Xcc /tmp/solosoul-fe2-ios-visual-offset-ui-20261008/DerivedData/SDKStatCaches.noindex/iphonesimulator26.2-23C57-7d00a8b37fbd7999ea79df8ebc024bf0.sdkstatcache -output-file-map /tmp/solosoul-fe2-ios-visual-offset-ui-20261008/DerivedData/Build/Intermediates.noindex/SoloSoulFE2UIProbe.build/Debug-iphonesimulator/ProbeHost.build/Objects-normal/x86_64/ProbeHost-OutputFileMap.json -use-frontend-parseable-output -save-temps -no-color-diagnostics -explicit-module-build -module-cache-path /tmp/solosoul-fe2-ios-visual-offset-ui-20261008/DerivedData/Build/Intermediates.noindex/SwiftExplicitPrecompiledModules -clang-scanner-module-cache-path /tmp/solosoul-fe2-ios-visual-offset-ui-20261008/DerivedData/ModuleCache.noindex -sdk-module-cache-path /tmp/solosoul-fe2-ios-visual-offset-ui-20261008/DerivedData/ModuleCache.noindex -serialize-diagnostics -emit-dependencies -emit-module -emit-module-path /tmp/solosoul-fe2-ios-visual-offset-ui-20261008/DerivedData/Build/Intermediates.noindex/SoloSoulFE2UIProbe.build/Debug-iphonesimulator/ProbeHost.build/Objects-normal/x86_64/ProbeHost.swiftmodule -validate-clang-modules-once -clang-build-session-file /tmp/solosoul-fe2-ios-visual-offset-ui-20261008/DerivedData/ModuleCache.noindex/Session.modulevalidation -Xcc -I/tmp/solosoul-fe2-ios-visual-offset-ui-20261008/DerivedData/Build/Intermediates.noindex/SoloSoulFE2UIProbe.build/Debug-iphonesimulator/ProbeHost.build/swift-overrides.hmap -emit-const-values -Xfrontend -const-gather-protocols-file -Xfrontend /tmp/solosoul-fe2-ios-visual-offset-ui-20261008/DerivedData/Build/Intermediates.noindex/SoloSoulFE2UIProbe.build/Debug-iphonesimulator/ProbeHost.build/Objects-normal/x86_64/ProbeHost_const_extract_protocols.json -Xcc -iquote -Xcc /tmp/solosoul-fe2-ios-visual-offset-ui-20261008/DerivedData/Build/Intermediates.noindex/SoloSoulFE2UIProbe.build/Debug-iphonesimulator/ProbeHost.build/ProbeHost-generated-files.hmap -Xcc -I/tmp/solosoul-fe2-ios-visual-offset-ui-20261008/DerivedData/Build/Intermediates.noindex/SoloSoulFE2UIProbe.build/Debug-iphonesimulator/ProbeHost.build/ProbeHost-own-target-headers.hmap -Xcc -I/tmp/solosoul-fe2-ios-visual-offset-ui-20261008/DerivedData/Build/Intermediates.noindex/SoloSoulFE2UIProbe.build/Debug-iphonesimulator/ProbeHost.build/ProbeHost-all-target-headers.hmap -Xcc -iquote -Xcc /tmp/solosoul-fe2-ios-visual-offset-ui-20261008/DerivedData/Build/Intermediates.noindex/SoloSoulFE2UIProbe.build/Debug-iphonesimulator/ProbeHost.build/ProbeHost-project-headers.hmap -Xcc -I/tmp/solosoul-fe2-ios-visual-offset-ui-20261008/DerivedData/Build/Products/Debug-iphonesimulator/include -Xcc -I/tmp/solosoul-fe2-ios-visual-offset-ui-20261008/DerivedData/Build/Intermediates.noindex/SoloSoulFE2UIProbe.build/Debug-iphonesimulator/ProbeHost.build/DerivedSources-normal/x86_64 -Xcc -I/tmp/solosoul-fe2-ios-visual-offset-ui-20261008/DerivedData/Build/Intermediates.noindex/SoloSoulFE2UIProbe.build/Debug-iphonesimulator/ProbeHost.build/DerivedSources/x86_64 -Xcc -I/tmp/solosoul-fe2-ios-visual-offset-ui-20261008/DerivedData/Build/Intermediates.noindex/SoloSoulFE2UIProbe.build/Debug-iphonesimulator/ProbeHost.build/DerivedSources -Xcc -DDEBUG\=1 -emit-objc-header -emit-objc-header-path /tmp/solosoul-fe2-ios-visual-offset-ui-20261008/DerivedData/Build/Intermediates.noindex/SoloSoulFE2UIProbe.build/Debug-iphonesimulator/ProbeHost.build/Objects-normal/x86_64/ProbeHost-Swift.h -working-directory /tmp/solosoul-fe2-ios-visual-offset-ui-20261008 -experimental-emit-module-separately -disable-cmo

Ld /tmp/solosoul-fe2-ios-visual-offset-ui-20261008/DerivedData/Build/Intermediates.noindex/SoloSoulFE2UIProbe.build/Debug-iphonesimulator/ProbeHost.build/Objects-normal/arm64/Binary/ProbeHost.debug.dylib normal arm64 (in target 'ProbeHost' from project 'SoloSoulFE2UIProbe')
    cd /tmp/solosoul-fe2-ios-visual-offset-ui-20261008
    /Applications/Xcode.app/Contents/Developer/Toolchains/XcodeDefault.xctoolchain/usr/bin/clang -Xlinker -reproducible -target arm64-apple-ios14.0-simulator -dynamiclib -isysroot /Applications/Xcode.app/Contents/Developer/Platforms/iPhoneSimulator.platform/Developer/SDKs/iPhoneSimulator26.2.sdk -O0 -L/tmp/solosoul-fe2-ios-visual-offset-ui-20261008/DerivedData/Build/Intermediates.noindex/EagerLinkingTBDs/Debug-iphonesimulator -L/tmp/solosoul-fe2-ios-visual-offset-ui-20261008/DerivedData/Build/Products/Debug-iphonesimulator -F/tmp/solosoul-fe2-ios-visual-offset-ui-20261008/DerivedData/Build/Intermediates.noindex/EagerLinkingTBDs/Debug-iphonesimulator -F/tmp/solosoul-fe2-ios-visual-offset-ui-20261008/DerivedData/Build/Products/Debug-iphonesimulator -filelist /tmp/solosoul-fe2-ios-visual-offset-ui-20261008/DerivedData/Build/Intermediates.noindex/SoloSoulFE2UIProbe.build/Debug-iphonesimulator/ProbeHost.build/Objects-normal/arm64/ProbeHost.LinkFileList -install_name @rpath/ProbeHost.debug.dylib -Xlinker -rpath -Xlinker /usr/lib/swift -Xlinker -rpath -Xlinker @executable_path/Frameworks -dead_strip -Xlinker -object_path_lto -Xlinker /tmp/solosoul-fe2-ios-visual-offset-ui-20261008/DerivedData/Build/Intermediates.noindex/SoloSoulFE2UIProbe.build/Debug-iphonesimulator/ProbeHost.build/Objects-normal/arm64/ProbeHost_lto.o -rdynamic -Xlinker -no_deduplicate -Xlinker -objc_abi_version -Xlinker 2 -Xlinker -dependency_info -Xlinker /tmp/solosoul-fe2-ios-visual-offset-ui-20261008/DerivedData/Build/Intermediates.noindex/SoloSoulFE2UIProbe.build/Debug-iphonesimulator/ProbeHost.build/Objects-normal/arm64/ProbeHost_dependency_info.dat -fobjc-link-runtime -L/Applications/Xcode.app/Contents/Developer/Toolchains/XcodeDefault.xctoolchain/usr/lib/swift/iphonesimulator -L/usr/lib/swift -Xlinker -add_ast_path -Xlinker /tmp/solosoul-fe2-ios-visual-offset-ui-20261008/DerivedData/Build/Intermediates.noindex/SoloSoulFE2UIProbe.build/Debug-iphonesimulator/ProbeHost.build/Objects-normal/arm64/ProbeHost.swiftmodule @/tmp/solosoul-fe2-ios-visual-offset-ui-20261008/DerivedData/Build/Intermediates.noindex/SoloSoulFE2UIProbe.build/Debug-iphonesimulator/ProbeHost.build/Objects-normal/arm64/ProbeHost-linker-args.resp -Xlinker -alias -Xlinker _main -Xlinker ___debug_main_executable_dylib_entry_point -o /tmp/solosoul-fe2-ios-visual-offset-ui-20261008/DerivedData/Build/Intermediates.noindex/SoloSoulFE2UIProbe.build/Debug-iphonesimulator/ProbeHost.build/Objects-normal/arm64/Binary/ProbeHost.debug.dylib

Ld /tmp/solosoul-fe2-ios-visual-offset-ui-20261008/DerivedData/Build/Intermediates.noindex/SoloSoulFE2UIProbe.build/Debug-iphonesimulator/ProbeHost.build/Objects-normal/x86_64/Binary/ProbeHost.debug.dylib normal x86_64 (in target 'ProbeHost' from project 'SoloSoulFE2UIProbe')
    cd /tmp/solosoul-fe2-ios-visual-offset-ui-20261008
    /Applications/Xcode.app/Contents/Developer/Toolchains/XcodeDefault.xctoolchain/usr/bin/clang -Xlinker -reproducible -target x86_64-apple-ios14.0-simulator -dynamiclib -isysroot /Applications/Xcode.app/Contents/Developer/Platforms/iPhoneSimulator.platform/Developer/SDKs/iPhoneSimulator26.2.sdk -O0 -L/tmp/solosoul-fe2-ios-visual-offset-ui-20261008/DerivedData/Build/Intermediates.noindex/EagerLinkingTBDs/Debug-iphonesimulator -L/tmp/solosoul-fe2-ios-visual-offset-ui-20261008/DerivedData/Build/Products/Debug-iphonesimulator -F/tmp/solosoul-fe2-ios-visual-offset-ui-20261008/DerivedData/Build/Intermediates.noindex/EagerLinkingTBDs/Debug-iphonesimulator -F/tmp/solosoul-fe2-ios-visual-offset-ui-20261008/DerivedData/Build/Products/Debug-iphonesimulator -filelist /tmp/solosoul-fe2-ios-visual-offset-ui-20261008/DerivedData/Build/Intermediates.noindex/SoloSoulFE2UIProbe.build/Debug-iphonesimulator/ProbeHost.build/Objects-normal/x86_64/ProbeHost.LinkFileList -install_name @rpath/ProbeHost.debug.dylib -Xlinker -rpath -Xlinker /usr/lib/swift -Xlinker -rpath -Xlinker @executable_path/Frameworks -dead_strip -Xlinker -object_path_lto -Xlinker /tmp/solosoul-fe2-ios-visual-offset-ui-20261008/DerivedData/Build/Intermediates.noindex/SoloSoulFE2UIProbe.build/Debug-iphonesimulator/ProbeHost.build/Objects-normal/x86_64/ProbeHost_lto.o -rdynamic -Xlinker -no_deduplicate -Xlinker -objc_abi_version -Xlinker 2 -Xlinker -dependency_info -Xlinker /tmp/solosoul-fe2-ios-visual-offset-ui-20261008/DerivedData/Build/Intermediates.noindex/SoloSoulFE2UIProbe.build/Debug-iphonesimulator/ProbeHost.build/Objects-normal/x86_64/ProbeHost_dependency_info.dat -fobjc-link-runtime -L/Applications/Xcode.app/Contents/Developer/Toolchains/XcodeDefault.xctoolchain/usr/lib/swift/iphonesimulator -L/usr/lib/swift -Xlinker -add_ast_path -Xlinker /tmp/solosoul-fe2-ios-visual-offset-ui-20261008/DerivedData/Build/Intermediates.noindex/SoloSoulFE2UIProbe.build/Debug-iphonesimulator/ProbeHost.build/Objects-normal/x86_64/ProbeHost.swiftmodule @/tmp/solosoul-fe2-ios-visual-offset-ui-20261008/DerivedData/Build/Intermediates.noindex/SoloSoulFE2UIProbe.build/Debug-iphonesimulator/ProbeHost.build/Objects-normal/x86_64/ProbeHost-linker-args.resp -Xlinker -alias -Xlinker _main -Xlinker ___debug_main_executable_dylib_entry_point -o /tmp/solosoul-fe2-ios-visual-offset-ui-20261008/DerivedData/Build/Intermediates.noindex/SoloSoulFE2UIProbe.build/Debug-iphonesimulator/ProbeHost.build/Objects-normal/x86_64/Binary/ProbeHost.debug.dylib

SwiftDriverJobDiscovery normal x86_64 Compiling ProbeTests.swift (in target 'ProbeTests' from project 'SoloSoulFE2UIProbe')

SwiftDriver\ Compilation ProbeTests normal x86_64 com.apple.xcode.tools.swift.compiler (in target 'ProbeTests' from project 'SoloSoulFE2UIProbe')
    cd /tmp/solosoul-fe2-ios-visual-offset-ui-20261008
    builtin-Swift-Compilation -- /Applications/Xcode.app/Contents/Developer/Toolchains/XcodeDefault.xctoolchain/usr/bin/swiftc -module-name ProbeTests -Onone -enforce-exclusivity\=checked @/tmp/solosoul-fe2-ios-visual-offset-ui-20261008/DerivedData/Build/Intermediates.noindex/SoloSoulFE2UIProbe.build/Debug-iphonesimulator/ProbeTests.build/Objects-normal/x86_64/ProbeTests.SwiftFileList -DDEBUG -module-alias Testing\=_Testing_Unavailable -plugin-path /Applications/Xcode.app/Contents/Developer/Toolchains/XcodeDefault.xctoolchain/usr/lib/swift/host/plugins/testing -enable-bare-slash-regex -enable-experimental-feature DebugDescriptionMacro -sdk /Applications/Xcode.app/Contents/Developer/Platforms/iPhoneSimulator.platform/Developer/SDKs/iPhoneSimulator26.2.sdk -target x86_64-apple-ios14.0-simulator -g -module-cache-path /tmp/solosoul-fe2-ios-visual-offset-ui-20261008/DerivedData/ModuleCache.noindex -Xfrontend -serialize-debugging-options -enable-testing -index-store-path /tmp/solosoul-fe2-ios-visual-offset-ui-20261008/DerivedData/Index.noindex/DataStore -Xcc -D_LIBCPP_HARDENING_MODE\=_LIBCPP_HARDENING_MODE_DEBUG -swift-version 5 -I /tmp/solosoul-fe2-ios-visual-offset-ui-20261008/DerivedData/Build/Products/Debug-iphonesimulator -Isystem /Applications/Xcode.app/Contents/Developer/Platforms/iPhoneSimulator.platform/Developer/usr/lib -F /tmp/solosoul-fe2-ios-visual-offset-ui-20261008/DerivedData/Build/Products/Debug-iphonesimulator -F /Applications/Xcode.app/Contents/Developer/Platforms/iPhoneSimulator.platform/Developer/Library/Frameworks -F /Applications/Xcode.app/Contents/Developer/Platforms/iPhoneSimulator.platform/Developer/SDKs/iPhoneSimulator26.2.sdk/Developer/Library/Frameworks -parse-as-library -c -j8 -enable-batch-mode -incremental -Xcc -ivfsstatcache -Xcc /tmp/solosoul-fe2-ios-visual-offset-ui-20261008/DerivedData/SDKStatCaches.noindex/iphonesimulator26.2-23C57-7d00a8b37fbd7999ea79df8ebc024bf0.sdkstatcache -output-file-map /tmp/solosoul-fe2-ios-visual-offset-ui-20261008/DerivedData/Build/Intermediates.noindex/SoloSoulFE2UIProbe.build/Debug-iphonesimulator/ProbeTests.build/Objects-normal/x86_64/ProbeTests-OutputFileMap.json -use-frontend-parseable-output -save-temps -no-color-diagnostics -explicit-module-build -module-cache-path /tmp/solosoul-fe2-ios-visual-offset-ui-20261008/DerivedData/Build/Intermediates.noindex/SwiftExplicitPrecompiledModules -clang-scanner-module-cache-path /tmp/solosoul-fe2-ios-visual-offset-ui-20261008/DerivedData/ModuleCache.noindex -sdk-module-cache-path /tmp/solosoul-fe2-ios-visual-offset-ui-20261008/DerivedData/ModuleCache.noindex -serialize-diagnostics -emit-dependencies -emit-module -emit-module-path /tmp/solosoul-fe2-ios-visual-offset-ui-20261008/DerivedData/Build/Intermediates.noindex/SoloSoulFE2UIProbe.build/Debug-iphonesimulator/ProbeTests.build/Objects-normal/x86_64/ProbeTests.swiftmodule -validate-clang-modules-once -clang-build-session-file /tmp/solosoul-fe2-ios-visual-offset-ui-20261008/DerivedData/ModuleCache.noindex/Session.modulevalidation -Xcc -I/tmp/solosoul-fe2-ios-visual-offset-ui-20261008/DerivedData/Build/Intermediates.noindex/SoloSoulFE2UIProbe.build/Debug-iphonesimulator/ProbeTests.build/swift-overrides.hmap -emit-const-values -Xfrontend -const-gather-protocols-file -Xfrontend /tmp/solosoul-fe2-ios-visual-offset-ui-20261008/DerivedData/Build/Intermediates.noindex/SoloSoulFE2UIProbe.build/Debug-iphonesimulator/ProbeTests.build/Objects-normal/x86_64/ProbeTests_const_extract_protocols.json -Xcc -iquote -Xcc /tmp/solosoul-fe2-ios-visual-offset-ui-20261008/DerivedData/Build/Intermediates.noindex/SoloSoulFE2UIProbe.build/Debug-iphonesimulator/ProbeTests.build/ProbeTests-generated-files.hmap -Xcc -I/tmp/solosoul-fe2-ios-visual-offset-ui-20261008/DerivedData/Build/Intermediates.noindex/SoloSoulFE2UIProbe.build/Debug-iphonesimulator/ProbeTests.build/ProbeTests-own-target-headers.hmap -Xcc -I/tmp/solosoul-fe2-ios-visual-offset-ui-20261008/DerivedData/Build/Intermediates.noindex/SoloSoulFE2UIProbe.build/Debug-iphonesimulator/ProbeTests.build/ProbeTests-all-target-headers.hmap -Xcc -iquote -Xcc /tmp/solosoul-fe2-ios-visual-offset-ui-20261008/DerivedData/Build/Intermediates.noindex/SoloSoulFE2UIProbe.build/Debug-iphonesimulator/ProbeTests.build/ProbeTests-project-headers.hmap -Xcc -I/tmp/solosoul-fe2-ios-visual-offset-ui-20261008/DerivedData/Build/Products/Debug-iphonesimulator/include -Xcc -I/tmp/solosoul-fe2-ios-visual-offset-ui-20261008/DerivedData/Build/Intermediates.noindex/SoloSoulFE2UIProbe.build/Debug-iphonesimulator/ProbeTests.build/DerivedSources-normal/x86_64 -Xcc -I/tmp/solosoul-fe2-ios-visual-offset-ui-20261008/DerivedData/Build/Intermediates.noindex/SoloSoulFE2UIProbe.build/Debug-iphonesimulator/ProbeTests.build/DerivedSources/x86_64 -Xcc -I/tmp/solosoul-fe2-ios-visual-offset-ui-20261008/DerivedData/Build/Intermediates.noindex/SoloSoulFE2UIProbe.build/Debug-iphonesimulator/ProbeTests.build/DerivedSources -Xcc -DDEBUG\=1 -emit-objc-header -emit-objc-header-path /tmp/solosoul-fe2-ios-visual-offset-ui-20261008/DerivedData/Build/Intermediates.noindex/SoloSoulFE2UIProbe.build/Debug-iphonesimulator/ProbeTests.build/Objects-normal/x86_64/ProbeTests-Swift.h -working-directory /tmp/solosoul-fe2-ios-visual-offset-ui-20261008 -experimental-emit-module-separately -disable-cmo

SwiftDriverJobDiscovery normal arm64 Compiling ProbeTests.swift (in target 'ProbeTests' from project 'SoloSoulFE2UIProbe')

SwiftDriver\ Compilation ProbeTests normal arm64 com.apple.xcode.tools.swift.compiler (in target 'ProbeTests' from project 'SoloSoulFE2UIProbe')
    cd /tmp/solosoul-fe2-ios-visual-offset-ui-20261008
    builtin-Swift-Compilation -- /Applications/Xcode.app/Contents/Developer/Toolchains/XcodeDefault.xctoolchain/usr/bin/swiftc -module-name ProbeTests -Onone -enforce-exclusivity\=checked @/tmp/solosoul-fe2-ios-visual-offset-ui-20261008/DerivedData/Build/Intermediates.noindex/SoloSoulFE2UIProbe.build/Debug-iphonesimulator/ProbeTests.build/Objects-normal/arm64/ProbeTests.SwiftFileList -DDEBUG -module-alias Testing\=_Testing_Unavailable -plugin-path /Applications/Xcode.app/Contents/Developer/Toolchains/XcodeDefault.xctoolchain/usr/lib/swift/host/plugins/testing -enable-bare-slash-regex -enable-experimental-feature DebugDescriptionMacro -sdk /Applications/Xcode.app/Contents/Developer/Platforms/iPhoneSimulator.platform/Developer/SDKs/iPhoneSimulator26.2.sdk -target arm64-apple-ios14.0-simulator -g -module-cache-path /tmp/solosoul-fe2-ios-visual-offset-ui-20261008/DerivedData/ModuleCache.noindex -Xfrontend -serialize-debugging-options -enable-testing -index-store-path /tmp/solosoul-fe2-ios-visual-offset-ui-20261008/DerivedData/Index.noindex/DataStore -Xcc -D_LIBCPP_HARDENING_MODE\=_LIBCPP_HARDENING_MODE_DEBUG -swift-version 5 -I /tmp/solosoul-fe2-ios-visual-offset-ui-20261008/DerivedData/Build/Products/Debug-iphonesimulator -Isystem /Applications/Xcode.app/Contents/Developer/Platforms/iPhoneSimulator.platform/Developer/usr/lib -F /tmp/solosoul-fe2-ios-visual-offset-ui-20261008/DerivedData/Build/Products/Debug-iphonesimulator -F /Applications/Xcode.app/Contents/Developer/Platforms/iPhoneSimulator.platform/Developer/Library/Frameworks -F /Applications/Xcode.app/Contents/Developer/Platforms/iPhoneSimulator.platform/Developer/SDKs/iPhoneSimulator26.2.sdk/Developer/Library/Frameworks -parse-as-library -c -j8 -enable-batch-mode -incremental -Xcc -ivfsstatcache -Xcc /tmp/solosoul-fe2-ios-visual-offset-ui-20261008/DerivedData/SDKStatCaches.noindex/iphonesimulator26.2-23C57-7d00a8b37fbd7999ea79df8ebc024bf0.sdkstatcache -output-file-map /tmp/solosoul-fe2-ios-visual-offset-ui-20261008/DerivedData/Build/Intermediates.noindex/SoloSoulFE2UIProbe.build/Debug-iphonesimulator/ProbeTests.build/Objects-normal/arm64/ProbeTests-OutputFileMap.json -use-frontend-parseable-output -save-temps -no-color-diagnostics -explicit-module-build -module-cache-path /tmp/solosoul-fe2-ios-visual-offset-ui-20261008/DerivedData/Build/Intermediates.noindex/SwiftExplicitPrecompiledModules -clang-scanner-module-cache-path /tmp/solosoul-fe2-ios-visual-offset-ui-20261008/DerivedData/ModuleCache.noindex -sdk-module-cache-path /tmp/solosoul-fe2-ios-visual-offset-ui-20261008/DerivedData/ModuleCache.noindex -serialize-diagnostics -emit-dependencies -emit-module -emit-module-path /tmp/solosoul-fe2-ios-visual-offset-ui-20261008/DerivedData/Build/Intermediates.noindex/SoloSoulFE2UIProbe.build/Debug-iphonesimulator/ProbeTests.build/Objects-normal/arm64/ProbeTests.swiftmodule -validate-clang-modules-once -clang-build-session-file /tmp/solosoul-fe2-ios-visual-offset-ui-20261008/DerivedData/ModuleCache.noindex/Session.modulevalidation -Xcc -I/tmp/solosoul-fe2-ios-visual-offset-ui-20261008/DerivedData/Build/Intermediates.noindex/SoloSoulFE2UIProbe.build/Debug-iphonesimulator/ProbeTests.build/swift-overrides.hmap -emit-const-values -Xfrontend -const-gather-protocols-file -Xfrontend /tmp/solosoul-fe2-ios-visual-offset-ui-20261008/DerivedData/Build/Intermediates.noindex/SoloSoulFE2UIProbe.build/Debug-iphonesimulator/ProbeTests.build/Objects-normal/arm64/ProbeTests_const_extract_protocols.json -Xcc -iquote -Xcc /tmp/solosoul-fe2-ios-visual-offset-ui-20261008/DerivedData/Build/Intermediates.noindex/SoloSoulFE2UIProbe.build/Debug-iphonesimulator/ProbeTests.build/ProbeTests-generated-files.hmap -Xcc -I/tmp/solosoul-fe2-ios-visual-offset-ui-20261008/DerivedData/Build/Intermediates.noindex/SoloSoulFE2UIProbe.build/Debug-iphonesimulator/ProbeTests.build/ProbeTests-own-target-headers.hmap -Xcc -I/tmp/solosoul-fe2-ios-visual-offset-ui-20261008/DerivedData/Build/Intermediates.noindex/SoloSoulFE2UIProbe.build/Debug-iphonesimulator/ProbeTests.build/ProbeTests-all-target-headers.hmap -Xcc -iquote -Xcc /tmp/solosoul-fe2-ios-visual-offset-ui-20261008/DerivedData/Build/Intermediates.noindex/SoloSoulFE2UIProbe.build/Debug-iphonesimulator/ProbeTests.build/ProbeTests-project-headers.hmap -Xcc -I/tmp/solosoul-fe2-ios-visual-offset-ui-20261008/DerivedData/Build/Products/Debug-iphonesimulator/include -Xcc -I/tmp/solosoul-fe2-ios-visual-offset-ui-20261008/DerivedData/Build/Intermediates.noindex/SoloSoulFE2UIProbe.build/Debug-iphonesimulator/ProbeTests.build/DerivedSources-normal/arm64 -Xcc -I/tmp/solosoul-fe2-ios-visual-offset-ui-20261008/DerivedData/Build/Intermediates.noindex/SoloSoulFE2UIProbe.build/Debug-iphonesimulator/ProbeTests.build/DerivedSources/arm64 -Xcc -I/tmp/solosoul-fe2-ios-visual-offset-ui-20261008/DerivedData/Build/Intermediates.noindex/SoloSoulFE2UIProbe.build/Debug-iphonesimulator/ProbeTests.build/DerivedSources -Xcc -DDEBUG\=1 -emit-objc-header -emit-objc-header-path /tmp/solosoul-fe2-ios-visual-offset-ui-20261008/DerivedData/Build/Intermediates.noindex/SoloSoulFE2UIProbe.build/Debug-iphonesimulator/ProbeTests.build/Objects-normal/arm64/ProbeTests-Swift.h -working-directory /tmp/solosoul-fe2-ios-visual-offset-ui-20261008 -experimental-emit-module-separately -disable-cmo

ConstructStubExecutorLinkFileList /tmp/solosoul-fe2-ios-visual-offset-ui-20261008/DerivedData/Build/Intermediates.noindex/SoloSoulFE2UIProbe.build/Debug-iphonesimulator/ProbeHost.build/ProbeHost-ExecutorLinkFileList-normal-x86_64.txt (in target 'ProbeHost' from project 'SoloSoulFE2UIProbe')
    cd /tmp/solosoul-fe2-ios-visual-offset-ui-20261008
    construct-stub-executor-link-file-list /tmp/solosoul-fe2-ios-visual-offset-ui-20261008/DerivedData/Build/Intermediates.noindex/SoloSoulFE2UIProbe.build/Debug-iphonesimulator/ProbeHost.build/Objects-normal/x86_64/Binary/ProbeHost.debug.dylib /Applications/Xcode.app/Contents/Developer/Platforms/iPhoneSimulator.platform/Developer/usr/lib/libPreviewsJITStubExecutor_no_swift_entry_point.a /Applications/Xcode.app/Contents/Developer/Platforms/iPhoneSimulator.platform/Developer/usr/lib/libPreviewsJITStubExecutor.a --output /tmp/solosoul-fe2-ios-visual-offset-ui-20261008/DerivedData/Build/Intermediates.noindex/SoloSoulFE2UIProbe.build/Debug-iphonesimulator/ProbeHost.build/ProbeHost-ExecutorLinkFileList-normal-x86_64.txt
note: Using stub executor library with Swift entry point. (in target 'ProbeHost' from project 'SoloSoulFE2UIProbe')

CreateUniversalBinary /tmp/solosoul-fe2-ios-visual-offset-ui-20261008/DerivedData/Build/Products/Debug-iphonesimulator/ProbeHost.app/ProbeHost.debug.dylib normal arm64\ x86_64 (in target 'ProbeHost' from project 'SoloSoulFE2UIProbe')
    cd /tmp/solosoul-fe2-ios-visual-offset-ui-20261008
    /Applications/Xcode.app/Contents/Developer/Toolchains/XcodeDefault.xctoolchain/usr/bin/lipo -create /tmp/solosoul-fe2-ios-visual-offset-ui-20261008/DerivedData/Build/Intermediates.noindex/SoloSoulFE2UIProbe.build/Debug-iphonesimulator/ProbeHost.build/Objects-normal/arm64/Binary/ProbeHost.debug.dylib /tmp/solosoul-fe2-ios-visual-offset-ui-20261008/DerivedData/Build/Intermediates.noindex/SoloSoulFE2UIProbe.build/Debug-iphonesimulator/ProbeHost.build/Objects-normal/x86_64/Binary/ProbeHost.debug.dylib -output /tmp/solosoul-fe2-ios-visual-offset-ui-20261008/DerivedData/Build/Products/Debug-iphonesimulator/ProbeHost.app/ProbeHost.debug.dylib

ConstructStubExecutorLinkFileList /tmp/solosoul-fe2-ios-visual-offset-ui-20261008/DerivedData/Build/Intermediates.noindex/SoloSoulFE2UIProbe.build/Debug-iphonesimulator/ProbeHost.build/ProbeHost-ExecutorLinkFileList-normal-arm64.txt (in target 'ProbeHost' from project 'SoloSoulFE2UIProbe')
    cd /tmp/solosoul-fe2-ios-visual-offset-ui-20261008
    construct-stub-executor-link-file-list /tmp/solosoul-fe2-ios-visual-offset-ui-20261008/DerivedData/Build/Intermediates.noindex/SoloSoulFE2UIProbe.build/Debug-iphonesimulator/ProbeHost.build/Objects-normal/arm64/Binary/ProbeHost.debug.dylib /Applications/Xcode.app/Contents/Developer/Platforms/iPhoneSimulator.platform/Developer/usr/lib/libPreviewsJITStubExecutor_no_swift_entry_point.a /Applications/Xcode.app/Contents/Developer/Platforms/iPhoneSimulator.platform/Developer/usr/lib/libPreviewsJITStubExecutor.a --output /tmp/solosoul-fe2-ios-visual-offset-ui-20261008/DerivedData/Build/Intermediates.noindex/SoloSoulFE2UIProbe.build/Debug-iphonesimulator/ProbeHost.build/ProbeHost-ExecutorLinkFileList-normal-arm64.txt
note: Using stub executor library with Swift entry point. (in target 'ProbeHost' from project 'SoloSoulFE2UIProbe')

Ld /tmp/solosoul-fe2-ios-visual-offset-ui-20261008/DerivedData/Build/Intermediates.noindex/SoloSoulFE2UIProbe.build/Debug-iphonesimulator/ProbeHost.build/Objects-normal/arm64/Binary/ProbeHost normal arm64 (in target 'ProbeHost' from project 'SoloSoulFE2UIProbe')
    cd /tmp/solosoul-fe2-ios-visual-offset-ui-20261008
    /Applications/Xcode.app/Contents/Developer/Toolchains/XcodeDefault.xctoolchain/usr/bin/clang -Xlinker -reproducible -target arm64-apple-ios14.0-simulator -isysroot /Applications/Xcode.app/Contents/Developer/Platforms/iPhoneSimulator.platform/Developer/SDKs/iPhoneSimulator26.2.sdk -O0 -L/tmp/solosoul-fe2-ios-visual-offset-ui-20261008/DerivedData/Build/Products/Debug-iphonesimulator -F/tmp/solosoul-fe2-ios-visual-offset-ui-20261008/DerivedData/Build/Products/Debug-iphonesimulator -Xlinker -rpath -Xlinker @executable_path -Xlinker -rpath -Xlinker @executable_path/Frameworks -rdynamic -Xlinker -no_deduplicate -Xlinker -objc_abi_version -Xlinker 2 -e ___debug_blank_executor_main -Xlinker -sectcreate -Xlinker __TEXT -Xlinker __debug_dylib -Xlinker /tmp/solosoul-fe2-ios-visual-offset-ui-20261008/DerivedData/Build/Intermediates.noindex/SoloSoulFE2UIProbe.build/Debug-iphonesimulator/ProbeHost.build/ProbeHost-DebugDylibPath-normal-arm64.txt -Xlinker -sectcreate -Xlinker __TEXT -Xlinker __debug_instlnm -Xlinker /tmp/solosoul-fe2-ios-visual-offset-ui-20261008/DerivedData/Build/Intermediates.noindex/SoloSoulFE2UIProbe.build/Debug-iphonesimulator/ProbeHost.build/ProbeHost-DebugDylibInstallName-normal-arm64.txt -Xlinker -filelist -Xlinker /tmp/solosoul-fe2-ios-visual-offset-ui-20261008/DerivedData/Build/Intermediates.noindex/SoloSoulFE2UIProbe.build/Debug-iphonesimulator/ProbeHost.build/ProbeHost-ExecutorLinkFileList-normal-arm64.txt /tmp/solosoul-fe2-ios-visual-offset-ui-20261008/DerivedData/Build/Intermediates.noindex/SoloSoulFE2UIProbe.build/Debug-iphonesimulator/ProbeHost.build/Objects-normal/arm64/Binary/ProbeHost.debug.dylib -o /tmp/solosoul-fe2-ios-visual-offset-ui-20261008/DerivedData/Build/Intermediates.noindex/SoloSoulFE2UIProbe.build/Debug-iphonesimulator/ProbeHost.build/Objects-normal/arm64/Binary/ProbeHost

Ld /tmp/solosoul-fe2-ios-visual-offset-ui-20261008/DerivedData/Build/Intermediates.noindex/SoloSoulFE2UIProbe.build/Debug-iphonesimulator/ProbeHost.build/Objects-normal/x86_64/Binary/ProbeHost normal x86_64 (in target 'ProbeHost' from project 'SoloSoulFE2UIProbe')
    cd /tmp/solosoul-fe2-ios-visual-offset-ui-20261008
    /Applications/Xcode.app/Contents/Developer/Toolchains/XcodeDefault.xctoolchain/usr/bin/clang -Xlinker -reproducible -target x86_64-apple-ios14.0-simulator -isysroot /Applications/Xcode.app/Contents/Developer/Platforms/iPhoneSimulator.platform/Developer/SDKs/iPhoneSimulator26.2.sdk -O0 -L/tmp/solosoul-fe2-ios-visual-offset-ui-20261008/DerivedData/Build/Products/Debug-iphonesimulator -F/tmp/solosoul-fe2-ios-visual-offset-ui-20261008/DerivedData/Build/Products/Debug-iphonesimulator -Xlinker -rpath -Xlinker @executable_path -Xlinker -rpath -Xlinker @executable_path/Frameworks -rdynamic -Xlinker -no_deduplicate -Xlinker -objc_abi_version -Xlinker 2 -e ___debug_blank_executor_main -Xlinker -sectcreate -Xlinker __TEXT -Xlinker __debug_dylib -Xlinker /tmp/solosoul-fe2-ios-visual-offset-ui-20261008/DerivedData/Build/Intermediates.noindex/SoloSoulFE2UIProbe.build/Debug-iphonesimulator/ProbeHost.build/ProbeHost-DebugDylibPath-normal-x86_64.txt -Xlinker -sectcreate -Xlinker __TEXT -Xlinker __debug_instlnm -Xlinker /tmp/solosoul-fe2-ios-visual-offset-ui-20261008/DerivedData/Build/Intermediates.noindex/SoloSoulFE2UIProbe.build/Debug-iphonesimulator/ProbeHost.build/ProbeHost-DebugDylibInstallName-normal-x86_64.txt -Xlinker -filelist -Xlinker /tmp/solosoul-fe2-ios-visual-offset-ui-20261008/DerivedData/Build/Intermediates.noindex/SoloSoulFE2UIProbe.build/Debug-iphonesimulator/ProbeHost.build/ProbeHost-ExecutorLinkFileList-normal-x86_64.txt /tmp/solosoul-fe2-ios-visual-offset-ui-20261008/DerivedData/Build/Intermediates.noindex/SoloSoulFE2UIProbe.build/Debug-iphonesimulator/ProbeHost.build/Objects-normal/x86_64/Binary/ProbeHost.debug.dylib -o /tmp/solosoul-fe2-ios-visual-offset-ui-20261008/DerivedData/Build/Intermediates.noindex/SoloSoulFE2UIProbe.build/Debug-iphonesimulator/ProbeHost.build/Objects-normal/x86_64/Binary/ProbeHost

CreateUniversalBinary /tmp/solosoul-fe2-ios-visual-offset-ui-20261008/DerivedData/Build/Products/Debug-iphonesimulator/ProbeHost.app/ProbeHost normal arm64\ x86_64 (in target 'ProbeHost' from project 'SoloSoulFE2UIProbe')
    cd /tmp/solosoul-fe2-ios-visual-offset-ui-20261008
    /Applications/Xcode.app/Contents/Developer/Toolchains/XcodeDefault.xctoolchain/usr/bin/lipo -create /tmp/solosoul-fe2-ios-visual-offset-ui-20261008/DerivedData/Build/Intermediates.noindex/SoloSoulFE2UIProbe.build/Debug-iphonesimulator/ProbeHost.build/Objects-normal/arm64/Binary/ProbeHost /tmp/solosoul-fe2-ios-visual-offset-ui-20261008/DerivedData/Build/Intermediates.noindex/SoloSoulFE2UIProbe.build/Debug-iphonesimulator/ProbeHost.build/Objects-normal/x86_64/Binary/ProbeHost -output /tmp/solosoul-fe2-ios-visual-offset-ui-20261008/DerivedData/Build/Products/Debug-iphonesimulator/ProbeHost.app/ProbeHost

CopySwiftLibs /tmp/solosoul-fe2-ios-visual-offset-ui-20261008/DerivedData/Build/Products/Debug-iphonesimulator/ProbeHost.app (in target 'ProbeHost' from project 'SoloSoulFE2UIProbe')
    cd /tmp/solosoul-fe2-ios-visual-offset-ui-20261008
    builtin-swiftStdLibTool --copy --verbose --scan-executable /tmp/solosoul-fe2-ios-visual-offset-ui-20261008/DerivedData/Build/Products/Debug-iphonesimulator/ProbeHost.app/ProbeHost.debug.dylib --scan-folder /tmp/solosoul-fe2-ios-visual-offset-ui-20261008/DerivedData/Build/Products/Debug-iphonesimulator/ProbeHost.app/Frameworks --scan-folder /tmp/solosoul-fe2-ios-visual-offset-ui-20261008/DerivedData/Build/Products/Debug-iphonesimulator/ProbeHost.app/PlugIns --scan-folder /tmp/solosoul-fe2-ios-visual-offset-ui-20261008/DerivedData/Build/Products/Debug-iphonesimulator/ProbeHost.app/SystemExtensions --scan-folder /tmp/solosoul-fe2-ios-visual-offset-ui-20261008/DerivedData/Build/Products/Debug-iphonesimulator/ProbeHost.app/Extensions --platform iphonesimulator --toolchain /Applications/Xcode.app/Contents/Developer/Toolchains/XcodeDefault.xctoolchain --destination /tmp/solosoul-fe2-ios-visual-offset-ui-20261008/DerivedData/Build/Products/Debug-iphonesimulator/ProbeHost.app/Frameworks --strip-bitcode --strip-bitcode-tool /Applications/Xcode.app/Contents/Developer/Toolchains/XcodeDefault.xctoolchain/usr/bin/bitcode_strip --emit-dependency-info /tmp/solosoul-fe2-ios-visual-offset-ui-20261008/DerivedData/Build/Intermediates.noindex/SoloSoulFE2UIProbe.build/Debug-iphonesimulator/ProbeHost.build/SwiftStdLibToolInputDependencies.dep --filter-for-swift-os --back-deploy-swift-concurrency --back-deploy-swift-span
Ignoring --strip-bitcode because --sign was not passed

ExtractAppIntentsMetadata (in target 'ProbeHost' from project 'SoloSoulFE2UIProbe')
    cd /tmp/solosoul-fe2-ios-visual-offset-ui-20261008
    /Applications/Xcode.app/Contents/Developer/Toolchains/XcodeDefault.xctoolchain/usr/bin/appintentsmetadataprocessor --toolchain-dir /Applications/Xcode.app/Contents/Developer/Toolchains/XcodeDefault.xctoolchain --module-name ProbeHost --sdk-root /Applications/Xcode.app/Contents/Developer/Platforms/iPhoneSimulator.platform/Developer/SDKs/iPhoneSimulator26.2.sdk --xcode-version 17C529 --platform-family iOS --deployment-target 14.0 --bundle-identifier com.solosoul.fe2.ios.probehost --output /tmp/solosoul-fe2-ios-visual-offset-ui-20261008/DerivedData/Build/Products/Debug-iphonesimulator/ProbeHost.app --target-triple arm64-apple-ios14.0-simulator --target-triple x86_64-apple-ios14.0-simulator --binary-file /tmp/solosoul-fe2-ios-visual-offset-ui-20261008/DerivedData/Build/Products/Debug-iphonesimulator/ProbeHost.app/ProbeHost --dependency-file /tmp/solosoul-fe2-ios-visual-offset-ui-20261008/DerivedData/Build/Intermediates.noindex/SoloSoulFE2UIProbe.build/Debug-iphonesimulator/ProbeHost.build/Objects-normal/arm64/ProbeHost_dependency_info.dat --dependency-file /tmp/solosoul-fe2-ios-visual-offset-ui-20261008/DerivedData/Build/Intermediates.noindex/SoloSoulFE2UIProbe.build/Debug-iphonesimulator/ProbeHost.build/Objects-normal/x86_64/ProbeHost_dependency_info.dat --stringsdata-file /tmp/solosoul-fe2-ios-visual-offset-ui-20261008/DerivedData/Build/Intermediates.noindex/SoloSoulFE2UIProbe.build/Debug-iphonesimulator/ProbeHost.build/Objects-normal/arm64/ExtractedAppShortcutsMetadata.stringsdata --stringsdata-file /tmp/solosoul-fe2-ios-visual-offset-ui-20261008/DerivedData/Build/Intermediates.noindex/SoloSoulFE2UIProbe.build/Debug-iphonesimulator/ProbeHost.build/Objects-normal/x86_64/ExtractedAppShortcutsMetadata.stringsdata --source-file-list /tmp/solosoul-fe2-ios-visual-offset-ui-20261008/DerivedData/Build/Intermediates.noindex/SoloSoulFE2UIProbe.build/Debug-iphonesimulator/ProbeHost.build/Objects-normal/arm64/ProbeHost.SwiftFileList --source-file-list /tmp/solosoul-fe2-ios-visual-offset-ui-20261008/DerivedData/Build/Intermediates.noindex/SoloSoulFE2UIProbe.build/Debug-iphonesimulator/ProbeHost.build/Objects-normal/x86_64/ProbeHost.SwiftFileList --metadata-file-list /tmp/solosoul-fe2-ios-visual-offset-ui-20261008/DerivedData/Build/Intermediates.noindex/SoloSoulFE2UIProbe.build/Debug-iphonesimulator/ProbeHost.build/ProbeHost.DependencyMetadataFileList --static-metadata-file-list /tmp/solosoul-fe2-ios-visual-offset-ui-20261008/DerivedData/Build/Intermediates.noindex/SoloSoulFE2UIProbe.build/Debug-iphonesimulator/ProbeHost.build/ProbeHost.DependencyStaticMetadataFileList --swift-const-vals-list /tmp/solosoul-fe2-ios-visual-offset-ui-20261008/DerivedData/Build/Intermediates.noindex/SoloSoulFE2UIProbe.build/Debug-iphonesimulator/ProbeHost.build/Objects-normal/arm64/ProbeHost.SwiftConstValuesFileList --swift-const-vals-list /tmp/solosoul-fe2-ios-visual-offset-ui-20261008/DerivedData/Build/Intermediates.noindex/SoloSoulFE2UIProbe.build/Debug-iphonesimulator/ProbeHost.build/Objects-normal/x86_64/ProbeHost.SwiftConstValuesFileList --compile-time-extraction --deployment-aware-processing --validate-assistant-intents --no-app-shortcuts-localization
2026-10-08 07:51:53.835 appintentsmetadataprocessor[33096:246811827] Starting appintentsmetadataprocessor export
2026-10-08 07:51:53.836 appintentsmetadataprocessor[33096:246811827] warning: Metadata extraction skipped. No AppIntents.framework dependency found.

AppIntentsSSUTraining (in target 'ProbeHost' from project 'SoloSoulFE2UIProbe')
    cd /tmp/solosoul-fe2-ios-visual-offset-ui-20261008
    /Applications/Xcode.app/Contents/Developer/Toolchains/XcodeDefault.xctoolchain/usr/bin/appintentsnltrainingprocessor --infoplist-path /tmp/solosoul-fe2-ios-visual-offset-ui-20261008/DerivedData/Build/Products/Debug-iphonesimulator/ProbeHost.app/Info.plist --temp-dir-path /tmp/solosoul-fe2-ios-visual-offset-ui-20261008/DerivedData/Build/Intermediates.noindex/SoloSoulFE2UIProbe.build/Debug-iphonesimulator/ProbeHost.build/ssu --bundle-id com.solosoul.fe2.ios.probehost --product-path /tmp/solosoul-fe2-ios-visual-offset-ui-20261008/DerivedData/Build/Products/Debug-iphonesimulator/ProbeHost.app --extracted-metadata-path /tmp/solosoul-fe2-ios-visual-offset-ui-20261008/DerivedData/Build/Products/Debug-iphonesimulator/ProbeHost.app/Metadata.appintents --metadata-file-list /tmp/solosoul-fe2-ios-visual-offset-ui-20261008/DerivedData/Build/Intermediates.noindex/SoloSoulFE2UIProbe.build/Debug-iphonesimulator/ProbeHost.build/ProbeHost.DependencyMetadataFileList --archive-ssu-assets
2026-10-08 07:51:53.854 appintentsnltrainingprocessor[33097:246811828] Parsing options for appintentsnltrainingprocessor
2026-10-08 07:51:53.854 appintentsnltrainingprocessor[33097:246811828] No AppShortcuts found - Skipping.

RegisterExecutionPolicyException /tmp/solosoul-fe2-ios-visual-offset-ui-20261008/DerivedData/Build/Products/Debug-iphonesimulator/ProbeHost.app (in target 'ProbeHost' from project 'SoloSoulFE2UIProbe')
    cd /tmp/solosoul-fe2-ios-visual-offset-ui-20261008
    builtin-RegisterExecutionPolicyException /tmp/solosoul-fe2-ios-visual-offset-ui-20261008/DerivedData/Build/Products/Debug-iphonesimulator/ProbeHost.app

Validate /tmp/solosoul-fe2-ios-visual-offset-ui-20261008/DerivedData/Build/Products/Debug-iphonesimulator/ProbeHost.app (in target 'ProbeHost' from project 'SoloSoulFE2UIProbe')
    cd /tmp/solosoul-fe2-ios-visual-offset-ui-20261008
    builtin-validationUtility /tmp/solosoul-fe2-ios-visual-offset-ui-20261008/DerivedData/Build/Products/Debug-iphonesimulator/ProbeHost.app -shallow-bundle -infoplist-subpath Info.plist

Touch /tmp/solosoul-fe2-ios-visual-offset-ui-20261008/DerivedData/Build/Products/Debug-iphonesimulator/ProbeHost.app (in target 'ProbeHost' from project 'SoloSoulFE2UIProbe')
    cd /tmp/solosoul-fe2-ios-visual-offset-ui-20261008
    /usr/bin/touch -c /tmp/solosoul-fe2-ios-visual-offset-ui-20261008/DerivedData/Build/Products/Debug-iphonesimulator/ProbeHost.app

ProcessInfoPlistFile /tmp/solosoul-fe2-ios-visual-offset-ui-20261008/DerivedData/Build/Products/Debug-iphonesimulator/ProbeTests-Runner.app/PlugIns/ProbeTests.xctest/Info.plist /tmp/solosoul-fe2-ios-visual-offset-ui-20261008/DerivedData/Build/Intermediates.noindex/SoloSoulFE2UIProbe.build/Debug-iphonesimulator/ProbeTests.build/empty-ProbeTests.plist (in target 'ProbeTests' from project 'SoloSoulFE2UIProbe')
    cd /tmp/solosoul-fe2-ios-visual-offset-ui-20261008
    builtin-infoPlistUtility /tmp/solosoul-fe2-ios-visual-offset-ui-20261008/DerivedData/Build/Intermediates.noindex/SoloSoulFE2UIProbe.build/Debug-iphonesimulator/ProbeTests.build/empty-ProbeTests.plist -producttype com.apple.product-type.bundle.ui-testing -expandbuildsettings -format binary -platform iphonesimulator -additionalcontentfile /tmp/solosoul-fe2-ios-visual-offset-ui-20261008/DerivedData/Build/Intermediates.noindex/SoloSoulFE2UIProbe.build/Debug-iphonesimulator/ProbeTests.build/ProductTypeInfoPlistAdditions.plist -o /tmp/solosoul-fe2-ios-visual-offset-ui-20261008/DerivedData/Build/Products/Debug-iphonesimulator/ProbeTests-Runner.app/PlugIns/ProbeTests.xctest/Info.plist

Ld /tmp/solosoul-fe2-ios-visual-offset-ui-20261008/DerivedData/Build/Intermediates.noindex/SoloSoulFE2UIProbe.build/Debug-iphonesimulator/ProbeTests.build/Objects-normal/x86_64/Binary/ProbeTests normal x86_64 (in target 'ProbeTests' from project 'SoloSoulFE2UIProbe')
    cd /tmp/solosoul-fe2-ios-visual-offset-ui-20261008
    /Applications/Xcode.app/Contents/Developer/Toolchains/XcodeDefault.xctoolchain/usr/bin/clang -Xlinker -reproducible -target x86_64-apple-ios14.0-simulator -bundle -isysroot /Applications/Xcode.app/Contents/Developer/Platforms/iPhoneSimulator.platform/Developer/SDKs/iPhoneSimulator26.2.sdk -O0 -L/tmp/solosoul-fe2-ios-visual-offset-ui-20261008/DerivedData/Build/Intermediates.noindex/EagerLinkingTBDs/Debug-iphonesimulator -L/tmp/solosoul-fe2-ios-visual-offset-ui-20261008/DerivedData/Build/Products/Debug-iphonesimulator -L/Applications/Xcode.app/Contents/Developer/Platforms/iPhoneSimulator.platform/Developer/usr/lib -F/tmp/solosoul-fe2-ios-visual-offset-ui-20261008/DerivedData/Build/Intermediates.noindex/EagerLinkingTBDs/Debug-iphonesimulator -F/tmp/solosoul-fe2-ios-visual-offset-ui-20261008/DerivedData/Build/Products/Debug-iphonesimulator -iframework /Applications/Xcode.app/Contents/Developer/Platforms/iPhoneSimulator.platform/Developer/Library/Frameworks -iframework /Applications/Xcode.app/Contents/Developer/Platforms/iPhoneSimulator.platform/Developer/SDKs/iPhoneSimulator26.2.sdk/Developer/Library/Frameworks -filelist /tmp/solosoul-fe2-ios-visual-offset-ui-20261008/DerivedData/Build/Intermediates.noindex/SoloSoulFE2UIProbe.build/Debug-iphonesimulator/ProbeTests.build/Objects-normal/x86_64/ProbeTests.LinkFileList -Xlinker -rpath -Xlinker /usr/lib/swift -Xlinker -rpath -Xlinker @loader_path/Frameworks -Xlinker -rpath -Xlinker @executable_path/Frameworks -dead_strip -Xlinker -object_path_lto -Xlinker /tmp/solosoul-fe2-ios-visual-offset-ui-20261008/DerivedData/Build/Intermediates.noindex/SoloSoulFE2UIProbe.build/Debug-iphonesimulator/ProbeTests.build/Objects-normal/x86_64/ProbeTests_lto.o -rdynamic -Xlinker -no_deduplicate -Xlinker -objc_abi_version -Xlinker 2 -Xlinker -dependency_info -Xlinker /tmp/solosoul-fe2-ios-visual-offset-ui-20261008/DerivedData/Build/Intermediates.noindex/SoloSoulFE2UIProbe.build/Debug-iphonesimulator/ProbeTests.build/Objects-normal/x86_64/ProbeTests_dependency_info.dat -fobjc-link-runtime -L/Applications/Xcode.app/Contents/Developer/Toolchains/XcodeDefault.xctoolchain/usr/lib/swift/iphonesimulator -L/usr/lib/swift -Xlinker -add_ast_path -Xlinker /tmp/solosoul-fe2-ios-visual-offset-ui-20261008/DerivedData/Build/Intermediates.noindex/SoloSoulFE2UIProbe.build/Debug-iphonesimulator/ProbeTests.build/Objects-normal/x86_64/ProbeTests.swiftmodule @/tmp/solosoul-fe2-ios-visual-offset-ui-20261008/DerivedData/Build/Intermediates.noindex/SoloSoulFE2UIProbe.build/Debug-iphonesimulator/ProbeTests.build/Objects-normal/x86_64/ProbeTests-linker-args.resp -Xlinker -needed_framework -Xlinker XCTest -framework XCTest -Xlinker -needed-lXCTestSwiftSupport -lXCTestSwiftSupport -o /tmp/solosoul-fe2-ios-visual-offset-ui-20261008/DerivedData/Build/Intermediates.noindex/SoloSoulFE2UIProbe.build/Debug-iphonesimulator/ProbeTests.build/Objects-normal/x86_64/Binary/ProbeTests

Ld /tmp/solosoul-fe2-ios-visual-offset-ui-20261008/DerivedData/Build/Intermediates.noindex/SoloSoulFE2UIProbe.build/Debug-iphonesimulator/ProbeTests.build/Objects-normal/arm64/Binary/ProbeTests normal arm64 (in target 'ProbeTests' from project 'SoloSoulFE2UIProbe')
    cd /tmp/solosoul-fe2-ios-visual-offset-ui-20261008
    /Applications/Xcode.app/Contents/Developer/Toolchains/XcodeDefault.xctoolchain/usr/bin/clang -Xlinker -reproducible -target arm64-apple-ios14.0-simulator -bundle -isysroot /Applications/Xcode.app/Contents/Developer/Platforms/iPhoneSimulator.platform/Developer/SDKs/iPhoneSimulator26.2.sdk -O0 -L/tmp/solosoul-fe2-ios-visual-offset-ui-20261008/DerivedData/Build/Intermediates.noindex/EagerLinkingTBDs/Debug-iphonesimulator -L/tmp/solosoul-fe2-ios-visual-offset-ui-20261008/DerivedData/Build/Products/Debug-iphonesimulator -L/Applications/Xcode.app/Contents/Developer/Platforms/iPhoneSimulator.platform/Developer/usr/lib -F/tmp/solosoul-fe2-ios-visual-offset-ui-20261008/DerivedData/Build/Intermediates.noindex/EagerLinkingTBDs/Debug-iphonesimulator -F/tmp/solosoul-fe2-ios-visual-offset-ui-20261008/DerivedData/Build/Products/Debug-iphonesimulator -iframework /Applications/Xcode.app/Contents/Developer/Platforms/iPhoneSimulator.platform/Developer/Library/Frameworks -iframework /Applications/Xcode.app/Contents/Developer/Platforms/iPhoneSimulator.platform/Developer/SDKs/iPhoneSimulator26.2.sdk/Developer/Library/Frameworks -filelist /tmp/solosoul-fe2-ios-visual-offset-ui-20261008/DerivedData/Build/Intermediates.noindex/SoloSoulFE2UIProbe.build/Debug-iphonesimulator/ProbeTests.build/Objects-normal/arm64/ProbeTests.LinkFileList -Xlinker -rpath -Xlinker /usr/lib/swift -Xlinker -rpath -Xlinker @loader_path/Frameworks -Xlinker -rpath -Xlinker @executable_path/Frameworks -dead_strip -Xlinker -object_path_lto -Xlinker /tmp/solosoul-fe2-ios-visual-offset-ui-20261008/DerivedData/Build/Intermediates.noindex/SoloSoulFE2UIProbe.build/Debug-iphonesimulator/ProbeTests.build/Objects-normal/arm64/ProbeTests_lto.o -rdynamic -Xlinker -no_deduplicate -Xlinker -objc_abi_version -Xlinker 2 -Xlinker -dependency_info -Xlinker /tmp/solosoul-fe2-ios-visual-offset-ui-20261008/DerivedData/Build/Intermediates.noindex/SoloSoulFE2UIProbe.build/Debug-iphonesimulator/ProbeTests.build/Objects-normal/arm64/ProbeTests_dependency_info.dat -fobjc-link-runtime -L/Applications/Xcode.app/Contents/Developer/Toolchains/XcodeDefault.xctoolchain/usr/lib/swift/iphonesimulator -L/usr/lib/swift -Xlinker -add_ast_path -Xlinker /tmp/solosoul-fe2-ios-visual-offset-ui-20261008/DerivedData/Build/Intermediates.noindex/SoloSoulFE2UIProbe.build/Debug-iphonesimulator/ProbeTests.build/Objects-normal/arm64/ProbeTests.swiftmodule @/tmp/solosoul-fe2-ios-visual-offset-ui-20261008/DerivedData/Build/Intermediates.noindex/SoloSoulFE2UIProbe.build/Debug-iphonesimulator/ProbeTests.build/Objects-normal/arm64/ProbeTests-linker-args.resp -Xlinker -needed_framework -Xlinker XCTest -framework XCTest -Xlinker -needed-lXCTestSwiftSupport -lXCTestSwiftSupport -o /tmp/solosoul-fe2-ios-visual-offset-ui-20261008/DerivedData/Build/Intermediates.noindex/SoloSoulFE2UIProbe.build/Debug-iphonesimulator/ProbeTests.build/Objects-normal/arm64/Binary/ProbeTests

CreateUniversalBinary /tmp/solosoul-fe2-ios-visual-offset-ui-20261008/DerivedData/Build/Products/Debug-iphonesimulator/ProbeTests-Runner.app/PlugIns/ProbeTests.xctest/ProbeTests normal arm64\ x86_64 (in target 'ProbeTests' from project 'SoloSoulFE2UIProbe')
    cd /tmp/solosoul-fe2-ios-visual-offset-ui-20261008
    /Applications/Xcode.app/Contents/Developer/Toolchains/XcodeDefault.xctoolchain/usr/bin/lipo -create /tmp/solosoul-fe2-ios-visual-offset-ui-20261008/DerivedData/Build/Intermediates.noindex/SoloSoulFE2UIProbe.build/Debug-iphonesimulator/ProbeTests.build/Objects-normal/arm64/Binary/ProbeTests /tmp/solosoul-fe2-ios-visual-offset-ui-20261008/DerivedData/Build/Intermediates.noindex/SoloSoulFE2UIProbe.build/Debug-iphonesimulator/ProbeTests.build/Objects-normal/x86_64/Binary/ProbeTests -output /tmp/solosoul-fe2-ios-visual-offset-ui-20261008/DerivedData/Build/Products/Debug-iphonesimulator/ProbeTests-Runner.app/PlugIns/ProbeTests.xctest/ProbeTests

CopySwiftLibs /tmp/solosoul-fe2-ios-visual-offset-ui-20261008/DerivedData/Build/Products/Debug-iphonesimulator/ProbeTests-Runner.app/PlugIns/ProbeTests.xctest (in target 'ProbeTests' from project 'SoloSoulFE2UIProbe')
    cd /tmp/solosoul-fe2-ios-visual-offset-ui-20261008
    builtin-swiftStdLibTool --copy --verbose --scan-executable /tmp/solosoul-fe2-ios-visual-offset-ui-20261008/DerivedData/Build/Products/Debug-iphonesimulator/ProbeTests-Runner.app/PlugIns/ProbeTests.xctest/ProbeTests --scan-folder /tmp/solosoul-fe2-ios-visual-offset-ui-20261008/DerivedData/Build/Products/Debug-iphonesimulator/ProbeTests-Runner.app/PlugIns/ProbeTests.xctest/Frameworks --scan-folder /tmp/solosoul-fe2-ios-visual-offset-ui-20261008/DerivedData/Build/Products/Debug-iphonesimulator/ProbeTests-Runner.app/PlugIns/ProbeTests.xctest/PlugIns --scan-folder /tmp/solosoul-fe2-ios-visual-offset-ui-20261008/DerivedData/Build/Products/Debug-iphonesimulator/ProbeTests-Runner.app/PlugIns/ProbeTests.xctest/SystemExtensions --scan-folder /tmp/solosoul-fe2-ios-visual-offset-ui-20261008/DerivedData/Build/Products/Debug-iphonesimulator/ProbeTests-Runner.app/PlugIns/ProbeTests.xctest/Extensions --platform iphonesimulator --toolchain /Applications/Xcode.app/Contents/Developer/Toolchains/XcodeDefault.xctoolchain --destination /tmp/solosoul-fe2-ios-visual-offset-ui-20261008/DerivedData/Build/Products/Debug-iphonesimulator/ProbeTests-Runner.app/PlugIns/ProbeTests.xctest/Frameworks --strip-bitcode --scan-executable /Applications/Xcode.app/Contents/Developer/Platforms/iPhoneSimulator.platform/Developer/usr/lib/libXCTestSwiftSupport.dylib --strip-bitcode-tool /Applications/Xcode.app/Contents/Developer/Toolchains/XcodeDefault.xctoolchain/usr/bin/bitcode_strip --emit-dependency-info /tmp/solosoul-fe2-ios-visual-offset-ui-20261008/DerivedData/Build/Intermediates.noindex/SoloSoulFE2UIProbe.build/Debug-iphonesimulator/ProbeTests.build/SwiftStdLibToolInputDependencies.dep --filter-for-swift-os --back-deploy-swift-concurrency --back-deploy-swift-span
Ignoring --strip-bitcode because --sign was not passed
Copying /Applications/Xcode.app/Contents/Developer/Toolchains/XcodeDefault.xctoolchain/usr/lib/swift-5.5/iphonesimulator/libswift_Concurrency.dylib to /tmp/solosoul-fe2-ios-visual-offset-ui-20261008/DerivedData/Build/Products/Debug-iphonesimulator/ProbeTests-Runner.app/PlugIns/ProbeTests.xctest/Frameworks/libswift_Concurrency.dylib

ExtractAppIntentsMetadata (in target 'ProbeTests' from project 'SoloSoulFE2UIProbe')
    cd /tmp/solosoul-fe2-ios-visual-offset-ui-20261008
    /Applications/Xcode.app/Contents/Developer/Toolchains/XcodeDefault.xctoolchain/usr/bin/appintentsmetadataprocessor --toolchain-dir /Applications/Xcode.app/Contents/Developer/Toolchains/XcodeDefault.xctoolchain --module-name ProbeTests --sdk-root /Applications/Xcode.app/Contents/Developer/Platforms/iPhoneSimulator.platform/Developer/SDKs/iPhoneSimulator26.2.sdk --xcode-version 17C529 --platform-family iOS --deployment-target 14.0 --bundle-identifier com.solosoul.fe2.ios.probetests --output /tmp/solosoul-fe2-ios-visual-offset-ui-20261008/DerivedData/Build/Products/Debug-iphonesimulator/ProbeTests-Runner.app/PlugIns/ProbeTests.xctest --target-triple arm64-apple-ios14.0-simulator --target-triple x86_64-apple-ios14.0-simulator --binary-file /tmp/solosoul-fe2-ios-visual-offset-ui-20261008/DerivedData/Build/Products/Debug-iphonesimulator/ProbeTests-Runner.app/PlugIns/ProbeTests.xctest/ProbeTests --dependency-file /tmp/solosoul-fe2-ios-visual-offset-ui-20261008/DerivedData/Build/Intermediates.noindex/SoloSoulFE2UIProbe.build/Debug-iphonesimulator/ProbeTests.build/Objects-normal/arm64/ProbeTests_dependency_info.dat --dependency-file /tmp/solosoul-fe2-ios-visual-offset-ui-20261008/DerivedData/Build/Intermediates.noindex/SoloSoulFE2UIProbe.build/Debug-iphonesimulator/ProbeTests.build/Objects-normal/x86_64/ProbeTests_dependency_info.dat --stringsdata-file /tmp/solosoul-fe2-ios-visual-offset-ui-20261008/DerivedData/Build/Intermediates.noindex/SoloSoulFE2UIProbe.build/Debug-iphonesimulator/ProbeTests.build/Objects-normal/arm64/ExtractedAppShortcutsMetadata.stringsdata --stringsdata-file /tmp/solosoul-fe2-ios-visual-offset-ui-20261008/DerivedData/Build/Intermediates.noindex/SoloSoulFE2UIProbe.build/Debug-iphonesimulator/ProbeTests.build/Objects-normal/x86_64/ExtractedAppShortcutsMetadata.stringsdata --source-file-list /tmp/solosoul-fe2-ios-visual-offset-ui-20261008/DerivedData/Build/Intermediates.noindex/SoloSoulFE2UIProbe.build/Debug-iphonesimulator/ProbeTests.build/Objects-normal/arm64/ProbeTests.SwiftFileList --source-file-list /tmp/solosoul-fe2-ios-visual-offset-ui-20261008/DerivedData/Build/Intermediates.noindex/SoloSoulFE2UIProbe.build/Debug-iphonesimulator/ProbeTests.build/Objects-normal/x86_64/ProbeTests.SwiftFileList --metadata-file-list /tmp/solosoul-fe2-ios-visual-offset-ui-20261008/DerivedData/Build/Intermediates.noindex/SoloSoulFE2UIProbe.build/Debug-iphonesimulator/ProbeTests.build/ProbeTests.DependencyMetadataFileList --static-metadata-file-list /tmp/solosoul-fe2-ios-visual-offset-ui-20261008/DerivedData/Build/Intermediates.noindex/SoloSoulFE2UIProbe.build/Debug-iphonesimulator/ProbeTests.build/ProbeTests.DependencyStaticMetadataFileList --swift-const-vals-list /tmp/solosoul-fe2-ios-visual-offset-ui-20261008/DerivedData/Build/Intermediates.noindex/SoloSoulFE2UIProbe.build/Debug-iphonesimulator/ProbeTests.build/Objects-normal/arm64/ProbeTests.SwiftConstValuesFileList --swift-const-vals-list /tmp/solosoul-fe2-ios-visual-offset-ui-20261008/DerivedData/Build/Intermediates.noindex/SoloSoulFE2UIProbe.build/Debug-iphonesimulator/ProbeTests.build/Objects-normal/x86_64/ProbeTests.SwiftConstValuesFileList --compile-time-extraction --deployment-aware-processing --validate-assistant-intents --no-app-shortcuts-localization
2026-10-08 07:51:54.087 appintentsmetadataprocessor[33116:246811875] Starting appintentsmetadataprocessor export
2026-10-08 07:51:54.088 appintentsmetadataprocessor[33116:246811875] warning: Metadata extraction skipped. No AppIntents.framework dependency found.

AppIntentsSSUTraining (in target 'ProbeTests' from project 'SoloSoulFE2UIProbe')
    cd /tmp/solosoul-fe2-ios-visual-offset-ui-20261008
    /Applications/Xcode.app/Contents/Developer/Toolchains/XcodeDefault.xctoolchain/usr/bin/appintentsnltrainingprocessor --infoplist-path /tmp/solosoul-fe2-ios-visual-offset-ui-20261008/DerivedData/Build/Products/Debug-iphonesimulator/ProbeTests-Runner.app/PlugIns/ProbeTests.xctest/Info.plist --temp-dir-path /tmp/solosoul-fe2-ios-visual-offset-ui-20261008/DerivedData/Build/Intermediates.noindex/SoloSoulFE2UIProbe.build/Debug-iphonesimulator/ProbeTests.build/ssu --bundle-id com.solosoul.fe2.ios.probetests --product-path /tmp/solosoul-fe2-ios-visual-offset-ui-20261008/DerivedData/Build/Products/Debug-iphonesimulator/ProbeTests-Runner.app/PlugIns/ProbeTests.xctest --extracted-metadata-path /tmp/solosoul-fe2-ios-visual-offset-ui-20261008/DerivedData/Build/Products/Debug-iphonesimulator/ProbeTests-Runner.app/PlugIns/ProbeTests.xctest/Metadata.appintents --metadata-file-list /tmp/solosoul-fe2-ios-visual-offset-ui-20261008/DerivedData/Build/Intermediates.noindex/SoloSoulFE2UIProbe.build/Debug-iphonesimulator/ProbeTests.build/ProbeTests.DependencyMetadataFileList --archive-ssu-assets
2026-10-08 07:51:54.102 appintentsnltrainingprocessor[33117:246811876] Parsing options for appintentsnltrainingprocessor
2026-10-08 07:51:54.102 appintentsnltrainingprocessor[33117:246811876] No AppShortcuts found - Skipping.

CopyPlistFile /tmp/solosoul-fe2-ios-visual-offset-ui-20261008/DerivedData/Build/Products/Debug-iphonesimulator/ProbeTests-Runner.app/Info.plist /Applications/Xcode.app/Contents/Developer/Platforms/iPhoneSimulator.platform/Developer/Library/Xcode/Agents/XCTRunner.app/Info.plist (in target 'ProbeTests' from project 'SoloSoulFE2UIProbe')
    cd /tmp/solosoul-fe2-ios-visual-offset-ui-20261008
    builtin-copyPlist --validate --convert xml1 --macro-expansion WRAPPEDPRODUCTNAME ProbeTests-Runner --macro-expansion WRAPPEDPRODUCTBUNDLEIDENTIFIER com.solosoul.fe2.ios.probetests.xctrunner --macro-expansion TESTPRODUCTNAME ProbeTests --macro-expansion TESTPRODUCTBUNDLEIDENTIFIER com.solosoul.fe2.ios.probetests --copy-value UIDeviceFamily /tmp/solosoul-fe2-ios-visual-offset-ui-20261008/DerivedData/Build/Products/Debug-iphonesimulator/ProbeTests-Runner.app/PlugIns/ProbeTests.xctest/Info.plist --outdir /tmp/solosoul-fe2-ios-visual-offset-ui-20261008/DerivedData/Build/Products/Debug-iphonesimulator/ProbeTests-Runner.app -- /Applications/Xcode.app/Contents/Developer/Platforms/iPhoneSimulator.platform/Developer/Library/Xcode/Agents/XCTRunner.app/Info.plist

CopyAndPreserveArchs /tmp/solosoul-fe2-ios-visual-offset-ui-20261008/DerivedData/Build/Products/Debug-iphonesimulator/ProbeTests-Runner.app/ProbeTests-Runner (in target 'ProbeTests' from project 'SoloSoulFE2UIProbe')
    cd /tmp/solosoul-fe2-ios-visual-offset-ui-20261008
    /Applications/Xcode.app/Contents/Developer/Toolchains/XcodeDefault.xctoolchain/usr/bin/lipo /Applications/Xcode.app/Contents/Developer/Platforms/iPhoneSimulator.platform/Developer/Library/Xcode/Agents/XCTRunner.app/XCTRunner -output /tmp/solosoul-fe2-ios-visual-offset-ui-20261008/DerivedData/Build/Products/Debug-iphonesimulator/ProbeTests-Runner.app/ProbeTests-Runner -extract arm64 -extract x86_64

MkDir /tmp/solosoul-fe2-ios-visual-offset-ui-20261008/DerivedData/Build/Products/Debug-iphonesimulator/ProbeTests-Runner.app (in target 'ProbeTests' from project 'SoloSoulFE2UIProbe')
    cd /tmp/solosoul-fe2-ios-visual-offset-ui-20261008
    /bin/mkdir -p /tmp/solosoul-fe2-ios-visual-offset-ui-20261008/DerivedData/Build/Products/Debug-iphonesimulator/ProbeTests-Runner.app

Copy /tmp/solosoul-fe2-ios-visual-offset-ui-20261008/DerivedData/Build/Products/Debug-iphonesimulator/ProbeTests-Runner.app/PkgInfo /Applications/Xcode.app/Contents/Developer/Platforms/iPhoneSimulator.platform/Developer/Library/Xcode/Agents/XCTRunner.app/PkgInfo (in target 'ProbeTests' from project 'SoloSoulFE2UIProbe')
    cd /tmp/solosoul-fe2-ios-visual-offset-ui-20261008
    builtin-copy -exclude .DS_Store -exclude CVS -exclude .svn -exclude .git -exclude .hg -resolve-src-symlinks /Applications/Xcode.app/Contents/Developer/Platforms/iPhoneSimulator.platform/Developer/Library/Xcode/Agents/XCTRunner.app/PkgInfo /tmp/solosoul-fe2-ios-visual-offset-ui-20261008/DerivedData/Build/Products/Debug-iphonesimulator/ProbeTests-Runner.app

Copy /tmp/solosoul-fe2-ios-visual-offset-ui-20261008/DerivedData/Build/Products/Debug-iphonesimulator/ProbeTests-Runner.app/Frameworks/libXCTestSwiftSupport.dylib /Applications/Xcode.app/Contents/Developer/Platforms/iPhoneSimulator.platform/Developer/usr/lib/libXCTestSwiftSupport.dylib (in target 'ProbeTests' from project 'SoloSoulFE2UIProbe')
    cd /tmp/solosoul-fe2-ios-visual-offset-ui-20261008
    builtin-copy -exclude .DS_Store -exclude CVS -exclude .svn -exclude .git -exclude .hg -exclude Headers -exclude PrivateHeaders -exclude Modules -exclude \*.tbd -resolve-src-symlinks /Applications/Xcode.app/Contents/Developer/Platforms/iPhoneSimulator.platform/Developer/usr/lib/libXCTestSwiftSupport.dylib /tmp/solosoul-fe2-ios-visual-offset-ui-20261008/DerivedData/Build/Products/Debug-iphonesimulator/ProbeTests-Runner.app/Frameworks

Copy /tmp/solosoul-fe2-ios-visual-offset-ui-20261008/DerivedData/Build/Products/Debug-iphonesimulator/ProbeTests-Runner.app/Frameworks/XCUnit.framework /Applications/Xcode.app/Contents/Developer/Platforms/iPhoneSimulator.platform/Developer/Library/PrivateFrameworks/XCUnit.framework (in target 'ProbeTests' from project 'SoloSoulFE2UIProbe')
    cd /tmp/solosoul-fe2-ios-visual-offset-ui-20261008
    builtin-copy -exclude .DS_Store -exclude CVS -exclude .svn -exclude .git -exclude .hg -exclude Headers -exclude PrivateHeaders -exclude Modules -exclude \*.tbd -resolve-src-symlinks /Applications/Xcode.app/Contents/Developer/Platforms/iPhoneSimulator.platform/Developer/Library/PrivateFrameworks/XCUnit.framework /tmp/solosoul-fe2-ios-visual-offset-ui-20261008/DerivedData/Build/Products/Debug-iphonesimulator/ProbeTests-Runner.app/Frameworks

Copy /tmp/solosoul-fe2-ios-visual-offset-ui-20261008/DerivedData/Build/Products/Debug-iphonesimulator/ProbeTests-Runner.app/Frameworks/XCUIAutomation.framework /Applications/Xcode.app/Contents/Developer/Platforms/iPhoneSimulator.platform/Developer/Library/Frameworks/XCUIAutomation.framework (in target 'ProbeTests' from project 'SoloSoulFE2UIProbe')
    cd /tmp/solosoul-fe2-ios-visual-offset-ui-20261008
    builtin-copy -exclude .DS_Store -exclude CVS -exclude .svn -exclude .git -exclude .hg -exclude Headers -exclude PrivateHeaders -exclude Modules -exclude \*.tbd -resolve-src-symlinks /Applications/Xcode.app/Contents/Developer/Platforms/iPhoneSimulator.platform/Developer/Library/Frameworks/XCUIAutomation.framework /tmp/solosoul-fe2-ios-visual-offset-ui-20261008/DerivedData/Build/Products/Debug-iphonesimulator/ProbeTests-Runner.app/Frameworks

Copy /tmp/solosoul-fe2-ios-visual-offset-ui-20261008/DerivedData/Build/Products/Debug-iphonesimulator/ProbeTests-Runner.app/Frameworks/XCTestSupport.framework /Applications/Xcode.app/Contents/Developer/Platforms/iPhoneSimulator.platform/Developer/Library/PrivateFrameworks/XCTestSupport.framework (in target 'ProbeTests' from project 'SoloSoulFE2UIProbe')
    cd /tmp/solosoul-fe2-ios-visual-offset-ui-20261008
    builtin-copy -exclude .DS_Store -exclude CVS -exclude .svn -exclude .git -exclude .hg -exclude Headers -exclude PrivateHeaders -exclude Modules -exclude \*.tbd -resolve-src-symlinks /Applications/Xcode.app/Contents/Developer/Platforms/iPhoneSimulator.platform/Developer/Library/PrivateFrameworks/XCTestSupport.framework /tmp/solosoul-fe2-ios-visual-offset-ui-20261008/DerivedData/Build/Products/Debug-iphonesimulator/ProbeTests-Runner.app/Frameworks

Copy /tmp/solosoul-fe2-ios-visual-offset-ui-20261008/DerivedData/Build/Products/Debug-iphonesimulator/ProbeTests-Runner.app/Frameworks/XCTestCore.framework /Applications/Xcode.app/Contents/Developer/Platforms/iPhoneSimulator.platform/Developer/Library/PrivateFrameworks/XCTestCore.framework (in target 'ProbeTests' from project 'SoloSoulFE2UIProbe')
    cd /tmp/solosoul-fe2-ios-visual-offset-ui-20261008
    builtin-copy -exclude .DS_Store -exclude CVS -exclude .svn -exclude .git -exclude .hg -exclude Headers -exclude PrivateHeaders -exclude Modules -exclude \*.tbd -resolve-src-symlinks /Applications/Xcode.app/Contents/Developer/Platforms/iPhoneSimulator.platform/Developer/Library/PrivateFrameworks/XCTestCore.framework /tmp/solosoul-fe2-ios-visual-offset-ui-20261008/DerivedData/Build/Products/Debug-iphonesimulator/ProbeTests-Runner.app/Frameworks

Copy /tmp/solosoul-fe2-ios-visual-offset-ui-20261008/DerivedData/Build/Products/Debug-iphonesimulator/ProbeTests-Runner.app/Frameworks/XCTest.framework /Applications/Xcode.app/Contents/Developer/Platforms/iPhoneSimulator.platform/Developer/Library/Frameworks/XCTest.framework (in target 'ProbeTests' from project 'SoloSoulFE2UIProbe')
    cd /tmp/solosoul-fe2-ios-visual-offset-ui-20261008
    builtin-copy -exclude .DS_Store -exclude CVS -exclude .svn -exclude .git -exclude .hg -exclude Headers -exclude PrivateHeaders -exclude Modules -exclude \*.tbd -resolve-src-symlinks /Applications/Xcode.app/Contents/Developer/Platforms/iPhoneSimulator.platform/Developer/Library/Frameworks/XCTest.framework /tmp/solosoul-fe2-ios-visual-offset-ui-20261008/DerivedData/Build/Products/Debug-iphonesimulator/ProbeTests-Runner.app/Frameworks

Copy /tmp/solosoul-fe2-ios-visual-offset-ui-20261008/DerivedData/Build/Products/Debug-iphonesimulator/ProbeTests-Runner.app/Frameworks/XCTAutomationSupport.framework /Applications/Xcode.app/Contents/Developer/Platforms/iPhoneSimulator.platform/Developer/Library/PrivateFrameworks/XCTAutomationSupport.framework (in target 'ProbeTests' from project 'SoloSoulFE2UIProbe')
    cd /tmp/solosoul-fe2-ios-visual-offset-ui-20261008
    builtin-copy -exclude .DS_Store -exclude CVS -exclude .svn -exclude .git -exclude .hg -exclude Headers -exclude PrivateHeaders -exclude Modules -exclude \*.tbd -resolve-src-symlinks /Applications/Xcode.app/Contents/Developer/Platforms/iPhoneSimulator.platform/Developer/Library/PrivateFrameworks/XCTAutomationSupport.framework /tmp/solosoul-fe2-ios-visual-offset-ui-20261008/DerivedData/Build/Products/Debug-iphonesimulator/ProbeTests-Runner.app/Frameworks

Copy /tmp/solosoul-fe2-ios-visual-offset-ui-20261008/DerivedData/Build/Products/Debug-iphonesimulator/ProbeTests-Runner.app/Frameworks/Testing.framework /Applications/Xcode.app/Contents/Developer/Platforms/iPhoneSimulator.platform/Developer/Library/Frameworks/Testing.framework (in target 'ProbeTests' from project 'SoloSoulFE2UIProbe')
    cd /tmp/solosoul-fe2-ios-visual-offset-ui-20261008
    builtin-copy -exclude .DS_Store -exclude CVS -exclude .svn -exclude .git -exclude .hg -exclude Headers -exclude PrivateHeaders -exclude Modules -exclude \*.tbd -resolve-src-symlinks /Applications/Xcode.app/Contents/Developer/Platforms/iPhoneSimulator.platform/Developer/Library/Frameworks/Testing.framework /tmp/solosoul-fe2-ios-visual-offset-ui-20261008/DerivedData/Build/Products/Debug-iphonesimulator/ProbeTests-Runner.app/Frameworks

RegisterExecutionPolicyException /tmp/solosoul-fe2-ios-visual-offset-ui-20261008/DerivedData/Build/Products/Debug-iphonesimulator/ProbeTests-Runner.app/PlugIns/ProbeTests.xctest (in target 'ProbeTests' from project 'SoloSoulFE2UIProbe')
    cd /tmp/solosoul-fe2-ios-visual-offset-ui-20261008
    builtin-RegisterExecutionPolicyException /tmp/solosoul-fe2-ios-visual-offset-ui-20261008/DerivedData/Build/Products/Debug-iphonesimulator/ProbeTests-Runner.app/PlugIns/ProbeTests.xctest

Touch /tmp/solosoul-fe2-ios-visual-offset-ui-20261008/DerivedData/Build/Products/Debug-iphonesimulator/ProbeTests-Runner.app/PlugIns/ProbeTests.xctest (in target 'ProbeTests' from project 'SoloSoulFE2UIProbe')
    cd /tmp/solosoul-fe2-ios-visual-offset-ui-20261008
    /usr/bin/touch -c /tmp/solosoul-fe2-ios-visual-offset-ui-20261008/DerivedData/Build/Products/Debug-iphonesimulator/ProbeTests-Runner.app/PlugIns/ProbeTests.xctest

** TEST BUILD SUCCEEDED **

